No,Tahun,Bulan,Kode,Nama,Luas Tan Akhir Bulan Lalu,Luas Panen Habis,Luas Panen Belum Habis,Luas Rusak,Luas Tambah Tanam,Luas Tan Akhir,Produksi Habis (Kw),Produksi Belum Habis (Kw),Harga Jual Petani (Rp/Kg),Produksi_Habis_kg,Produksi_BelumHabis_kg,Produksi_kg,Luas_Panen_ha,Bulan_Angka,is_zero_produksi,is_outlier,Periode,Suhu_Rata,Curah_Hujan,Total_Pupuk_Kg,bulan_sin,bulan_cos,lag1_produksi,rolling3_produksi,komoditas_id,komoditas_oh_Bawang Daun,komoditas_oh_Bawang Merah,komoditas_oh_Bawang Putih,komoditas_oh_Bayam,komoditas_oh_Buncis,komoditas_oh_Cabai Besar,komoditas_oh_Cabai Keriting,komoditas_oh_Cabai Rawit,komoditas_oh_Jamur Lainnya,komoditas_oh_Jamur Merang,komoditas_oh_Jamur Tiram,komoditas_oh_Kacang Panjang,komoditas_oh_Kangkung,komoditas_oh_Kembang Kol,komoditas_oh_Kentang,komoditas_oh_Kubis,komoditas_oh_Labu Siam,komoditas_oh_Melon,komoditas_oh_Mentimun,komoditas_oh_Paprika,komoditas_oh_Petsai/Sawi,komoditas_oh_Semangka,komoditas_oh_Stroberi,komoditas_oh_Terung,komoditas_oh_Tomat,komoditas_oh_Wortel,split
79,2023,April,BWD,Bawang Daun,10,2,0,0,2,10,360.0,0,5500,36000.0,0,36000.0,2,4,0,False,2023-04-01,23.3,309.0,250.0,0.8660254037844387,-0.49999999999999983,54000.0,36000.0,0,1.0,0.0,0.0,0.0,0.0,0.0,0.0,0.0,0.0,0.0,0.0,0.0,0.0,0.0,0.0,0.0,0.0,0.0,0.0,0.0,0.0,0.0,0.0,0.0,0.0,0.0,train
105,2023,Mei,BWD,Bawang Daun,10,1,0,0,1,10,180.0,0,5500,18000.0,0,18000.0,1,5,0,False,2023-05-01,23.6,285.2,250.0,0.49999999999999994,-0.8660254037844387,36000.0,42000.0,0,1.0,0.0,0.0,0.0,0.0,0.0,0.0,0.0,0.0,0.0,0.0,0.0,0.0,0.0,0.0,0.0,0.0,0.0,0.0,0.0,0.0,0.0,0.0,0.0,0.0,0.0,train
131,2023,Juni,BWD,Bawang Daun,10,1,0,0,1,10,80.0,0,5500,8000.0,0,8000.0,1,6,0,False,2023-06-01,23.3,300.0,250.0,1.2246467991473532e-16,-1.0,18000.0,36000.0,0,1.0,0.0,0.0,0.0,0.0,0.0,0.0,0.0,0.0,0.0,0.0,0.0,0.0,0.0,0.0,0.0,0.0,0.0,0.0,0.0,0.0,0.0,0.0,0.0,0.0,0.0,train
157,2023,Juli,BWD,Bawang Daun,10,2,0,0,2,10,120.0,0,7500,12000.0,0,12000.0,2,7,0,False,2023-07-01,23.0,120.9,250.0,-0.4999999999999998,-0.8660254037844388,8000.0,20666.666666666668,0,1.0,0.0,0.0,0.0,0.0,0.0,0.0,0.0,0.0,0.0,0.0,0.0,0.0,0.0,0.0,0.0,0.0,0.0,0.0,0.0,0.0,0.0,0.0,0.0,0.0,0.0,train
183,2023,Agustus,BWD,Bawang Daun,10,2,0,0,2,10,140.0,0,6000,14000.0,0,14000.0,2,8,0,False,2023-08-01,23.9,114.7,250.0,-0.8660254037844384,-0.5000000000000004,12000.0,12666.666666666666,0,1.0,0.0,0.0,0.0,0.0,0.0,0.0,0.0,0.0,0.0,0.0,0.0,0.0,0.0,0.0,0.0,0.0,0.0,0.0,0.0,0.0,0.0,0.0,0.0,0.0,0.0,train
209,2023,September,BWD,Bawang Daun,10,2,0,0,2,10,160.0,0,8000,16000.0,0,16000.0,2,9,0,False,2023-09-01,24.8,177.0,250.0,-1.0,-1.8369701987210297e-16,14000.0,11333.333333333334,0,1.0,0.0,0.0,0.0,0.0,0.0,0.0,0.0,0.0,0.0,0.0,0.0,0.0,0.0,0.0,0.0,0.0,0.0,0.0,0.0,0.0,0.0,0.0,0.0,0.0,0.0,train
235,2023,Oktober,BWD,Bawang Daun,10,2,0,0,2,10,145.0,0,7000,14500.0,0,14500.0,2,10,0,False,2023-10-01,25.6,297.6,250.0,-0.8660254037844386,0.5000000000000001,16000.0,14000.0,0,1.0,0.0,0.0,0.0,0.0,0.0,0.0,0.0,0.0,0.0,0.0,0.0,0.0,0.0,0.0,0.0,0.0,0.0,0.0,0.0,0.0,0.0,0.0,0.0,0.0,0.0,train
261,2023,November,BWD,Bawang Daun,10,5,0,0,5,10,375.0,0,8000,37500.0,0,37500.0,5,11,0,False,2023-11-01,24.1,393.0,250.0,-0.5000000000000004,0.8660254037844384,14500.0,14833.333333333334,0,1.0,0.0,0.0,0.0,0.0,0.0,0.0,0.0,0.0,0.0,0.0,0.0,0.0,0.0,0.0,0.0,0.0,0.0,0.0,0.0,0.0,0.0,0.0,0.0,0.0,0.0,train
287,2023,Desember,BWD,Bawang Daun,10,3,0,0,3,10,240.0,0,8000,24000.0,0,24000.0,3,12,0,False,2023-12-01,23.9,384.4,250.0,-2.4492935982947064e-16,1.0,37500.0,22666.666666666668,0,1.0,0.0,0.0,0.0,0.0,0.0,0.0,0.0,0.0,0.0,0.0,0.0,0.0,0.0,0.0,0.0,0.0,0.0,0.0,0.0,0.0,0.0,0.0,0.0,0.0,0.0,train
313,2024,Januari,BWD,Bawang Daun,10,3,0,0,7,14,600.0,0,6000,60000.0,0,60000.0,3,1,0,False,2024-01-01,23.4,282.1,250.0,0.49999999999999994,0.8660254037844387,24000.0,25333.333333333332,0,1.0,0.0,0.0,0.0,0.0,0.0,0.0,0.0,0.0,0.0,0.0,0.0,0.0,0.0,0.0,0.0,0.0,0.0,0.0,0.0,0.0,0.0,0.0,0.0,0.0,0.0,train
339,2024,Februari,BWD,Bawang Daun,14,3,0,0,2,13,600.0,0,8000,60000.0,0,60000.0,3,2,0,False,2024-02-01,23.5,316.1,250.0,0.8660254037844386,0.5000000000000001,60000.0,40500.0,0,1.0,0.0,0.0,0.0,0.0,0.0,0.0,0.0,0.0,0.0,0.0,0.0,0.0,0.0,0.0,0.0,0.0,0.0,0.0,0.0,0.0,0.0,0.0,0.0,0.0,0.0,train
365,2024,Maret,BWD,Bawang Daun,13,3,0,0,6,16,600.0,0,10000,60000.0,0,60000.0,3,3,0,False,2024-03-01,23.4,316.2,250.0,1.0,6.123233995736766e-17,60000.0,48000.0,0,1.0,0.0,0.0,0.0,0.0,0.0,0.0,0.0,0.0,0.0,0.0,0.0,0.0,0.0,0.0,0.0,0.0,0.0,0.0,0.0,0.0,0.0,0.0,0.0,0.0,0.0,train
391,2024,April,BWD,Bawang Daun,18,2,14,0,1,17,100.0,1264,6000,10000.0,126400,136400.0,16,4,0,True,2024-04-01,24.0,309.0,250.0,0.8660254037844387,-0.49999999999999983,60000.0,60000.0,0,1.0,0.0,0.0,0.0,0.0,0.0,0.0,0.0,0.0,0.0,0.0,0.0,0.0,0.0,0.0,0.0,0.0,0.0,0.0,0.0,0.0,0.0,0.0,0.0,0.0,0.0,train
417,2024,Mei,BWD,Bawang Daun,9,6,4,0,11,10,315.0,990,6000,31500.0,99000,130500.0,10,5,0,True,2024-05-01,24.2,285.2,250.0,0.49999999999999994,-0.8660254037844387,136400.0,85466.66666666667,0,1.0,0.0,0.0,0.0,0.0,0.0,0.0,0.0,0.0,0.0,0.0,0.0,0.0,0.0,0.0,0.0,0.0,0.0,0.0,0.0,0.0,0.0,0.0,0.0,0.0,0.0,train
443,2024,Juni,BWD,Bawang Daun,12,1,14,0,10,13,974.0,1380,6000,97400.0,138000,235400.0,15,6,0,True,2024-06-01,23.3,300.0,250.0,1.2246467991473532e-16,-1.0,130500.0,108966.66666666667,0,1.0,0.0,0.0,0.0,0.0,0.0,0.0,0.0,0.0,0.0,0.0,0.0,0.0,0.0,0.0,0.0,0.0,0.0,0.0,0.0,0.0,0.0,0.0,0.0,0.0,0.0,train
469,2024,Juli,BWD,Bawang Daun,14,6,9,0,13,4,443.0,529,6000,44300.0,52900,97200.0,15,7,0,False,2024-07-01,22.9,120.9,250.0,-0.4999999999999998,-0.8660254037844388,235400.0,167433.33333333334,0,1.0,0.0,0.0,0.0,0.0,0.0,0.0,0.0,0.0,0.0,0.0,0.0,0.0,0.0,0.0,0.0,0.0,0.0,0.0,0.0,0.0,0.0,0.0,0.0,0.0,0.0,train
495,2024,Agustus,BWD,Bawang Daun,0,0,0,0,0,0,0.0,0,6260,0.0,0,0.0,0,8,1,False,2024-08-01,23.8,114.7,250.0,-0.8660254037844384,-0.5000000000000004,97200.0,154366.66666666666,0,1.0,0.0,0.0,0.0,0.0,0.0,0.0,0.0,0.0,0.0,0.0,0.0,0.0,0.0,0.0,0.0,0.0,0.0,0.0,0.0,0.0,0.0,0.0,0.0,0.0,0.0,train
521,2024,September,BWD,Bawang Daun,5,8,1,0,14,5,251.0,708,6000,25100.0,70800,95900.0,9,9,0,False,2024-09-01,23.8,177.0,250.0,-1.0,-1.8369701987210297e-16,0.0,110866.66666666667,0,1.0,0.0,0.0,0.0,0.0,0.0,0.0,0.0,0.0,0.0,0.0,0.0,0.0,0.0,0.0,0.0,0.0,0.0,0.0,0.0,0.0,0.0,0.0,0.0,0.0,0.0,train
547,2024,Oktober,BWD,Bawang Daun,6,6,7,0,9,2,557.0,1279,6000,55700.0,127900,183600.0,13,10,0,True,2024-10-01,24.3,297.6,250.0,-0.8660254037844386,0.5000000000000001,95900.0,64366.666666666664,0,1.0,0.0,0.0,0.0,0.0,0.0,0.0,0.0,0.0,0.0,0.0,0.0,0.0,0.0,0.0,0.0,0.0,0.0,0.0,0.0,0.0,0.0,0.0,0.0,0.0,0.0,train
573,2024,November,BWD,Bawang Daun,5,3,4,0,1,5,120.0,782,6000,12000.0,78200,90200.0,7,11,0,False,2024-11-01,23.4,393.0,250.0,-0.5000000000000004,0.8660254037844384,183600.0,93166.66666666667,0,1.0,0.0,0.0,0.0,0.0,0.0,0.0,0.0,0.0,0.0,0.0,0.0,0.0,0.0,0.0,0.0,0.0,0.0,0.0,0.0,0.0,0.0,0.0,0.0,0.0,0.0,train
599,2024,Desember,BWD,Bawang Daun,7,3,8,0,5,17,767.0,905,6000,76700.0,90500,167200.0,11,12,0,True,2024-12-01,23.2,384.4,250.0,-2.4492935982947064e-16,1.0,90200.0,123233.33333333333,0,1.0,0.0,0.0,0.0,0.0,0.0,0.0,0.0,0.0,0.0,0.0,0.0,0.0,0.0,0.0,0.0,0.0,0.0,0.0,0.0,0.0,0.0,0.0,0.0,0.0,0.0,train
625,2025,Januari,BWD,Bawang Daun,9,1,0,0,2,10,180.0,0,5000,18000.0,0,18000.0,1,1,0,False,2025-01-01,22.8,282.1,250.0,0.49999999999999994,0.8660254037844387,167200.0,147000.0,0,1.0,0.0,0.0,0.0,0.0,0.0,0.0,0.0,0.0,0.0,0.0,0.0,0.0,0.0,0.0,0.0,0.0,0.0,0.0,0.0,0.0,0.0,0.0,0.0,0.0,0.0,train
651,2025,Februari,BWD,Bawang Daun,10,2,0,0,3,11,360.0,0,5500,36000.0,0,36000.0,2,2,0,False,2025-02-01,22.7,305.2,250.0,0.8660254037844386,0.5000000000000001,18000.0,91800.0,0,1.0,0.0,0.0,0.0,0.0,0.0,0.0,0.0,0.0,0.0,0.0,0.0,0.0,0.0,0.0,0.0,0.0,0.0,0.0,0.0,0.0,0.0,0.0,0.0,0.0,0.0,train
677,2025,Maret,BWD,Bawang Daun,11,3,0,0,2,10,540.0,0,5500,54000.0,0,54000.0,3,3,0,False,2025-03-01,23.2,316.2,250.0,1.0,6.123233995736766e-17,36000.0,73733.33333333333,0,1.0,0.0,0.0,0.0,0.0,0.0,0.0,0.0,0.0,0.0,0.0,0.0,0.0,0.0,0.0,0.0,0.0,0.0,0.0,0.0,0.0,0.0,0.0,0.0,0.0,0.0,train
703,2025,April,BWD,Bawang Daun,10,2,0,0,2,10,360.0,0,5500,36000.0,0,36000.0,2,4,0,False,2025-04-01,23.1,309.0,250.0,0.8660254037844387,-0.49999999999999983,54000.0,36000.0,0,1.0,0.0,0.0,0.0,0.0,0.0,0.0,0.0,0.0,0.0,0.0,0.0,0.0,0.0,0.0,0.0,0.0,0.0,0.0,0.0,0.0,0.0,0.0,0.0,0.0,0.0,train
729,2025,Mei,BWD,Bawang Daun,10,1,0,0,1,10,180.0,0,5500,18000.0,0,18000.0,1,5,0,False,2025-05-01,23.4,285.2,250.0,0.49999999999999994,-0.8660254037844387,36000.0,42000.0,0,1.0,0.0,0.0,0.0,0.0,0.0,0.0,0.0,0.0,0.0,0.0,0.0,0.0,0.0,0.0,0.0,0.0,0.0,0.0,0.0,0.0,0.0,0.0,0.0,0.0,0.0,val
755,2025,Juni,BWD,Bawang Daun,10,1,0,0,1,10,80.0,0,5500,8000.0,0,8000.0,1,6,0,False,2025-06-01,22.9,300.0,250.0,1.2246467991473532e-16,-1.0,18000.0,36000.0,0,1.0,0.0,0.0,0.0,0.0,0.0,0.0,0.0,0.0,0.0,0.0,0.0,0.0,0.0,0.0,0.0,0.0,0.0,0.0,0.0,0.0,0.0,0.0,0.0,0.0,0.0,val
781,2025,Juli,BWD,Bawang Daun,10,2,0,0,2,10,120.0,0,7500,12000.0,0,12000.0,2,7,0,False,2025-07-01,22.9,120.9,250.0,-0.4999999999999998,-0.8660254037844388,8000.0,20666.666666666668,0,1.0,0.0,0.0,0.0,0.0,0.0,0.0,0.0,0.0,0.0,0.0,0.0,0.0,0.0,0.0,0.0,0.0,0.0,0.0,0.0,0.0,0.0,0.0,0.0,0.0,0.0,val
807,2025,Agustus,BWD,Bawang Daun,10,2,0,0,2,10,140.0,0,6000,14000.0,0,14000.0,2,8,0,False,2025-08-01,22.9,114.7,250.0,-0.8660254037844384,-0.5000000000000004,12000.0,12666.666666666666,0,1.0,0.0,0.0,0.0,0.0,0.0,0.0,0.0,0.0,0.0,0.0,0.0,0.0,0.0,0.0,0.0,0.0,0.0,0.0,0.0,0.0,0.0,0.0,0.0,0.0,0.0,val
833,2025,September,BWD,Bawang Daun,10,2,0,0,2,10,160.0,0,8000,16000.0,0,16000.0,2,9,0,False,2025-09-01,23.5,177.0,250.0,-1.0,-1.8369701987210297e-16,14000.0,11333.333333333334,0,1.0,0.0,0.0,0.0,0.0,0.0,0.0,0.0,0.0,0.0,0.0,0.0,0.0,0.0,0.0,0.0,0.0,0.0,0.0,0.0,0.0,0.0,0.0,0.0,0.0,0.0,val
859,2025,Oktober,BWD,Bawang Daun,10,2,0,0,2,10,145.0,0,7000,14500.0,0,14500.0,2,10,0,False,2025-10-01,23.9,297.6,250.0,-0.8660254037844386,0.5000000000000001,16000.0,14000.0,0,1.0,0.0,0.0,0.0,0.0,0.0,0.0,0.0,0.0,0.0,0.0,0.0,0.0,0.0,0.0,0.0,0.0,0.0,0.0,0.0,0.0,0.0,0.0,0.0,0.0,0.0,test
885,2025,November,BWD,Bawang Daun,10,5,0,0,5,10,375.0,0,8000,37500.0,0,37500.0,5,11,0,False,2025-11-01,23.5,393.0,250.0,-0.5000000000000004,0.8660254037844384,14500.0,14833.333333333334,0,1.0,0.0,0.0,0.0,0.0,0.0,0.0,0.0,0.0,0.0,0.0,0.0,0.0,0.0,0.0,0.0,0.0,0.0,0.0,0.0,0.0,0.0,0.0,0.0,0.0,0.0,test
911,2025,Desember,BWD,Bawang Daun,10,3,0,0,3,10,240.0,0,8000,24000.0,0,24000.0,3,12,0,False,2025-12-01,23.2,384.4,250.0,-2.4492935982947064e-16,1.0,37500.0,22666.666666666668,0,1.0,0.0,0.0,0.0,0.0,0.0,0.0,0.0,0.0,0.0,0.0,0.0,0.0,0.0,0.0,0.0,0.0,0.0,0.0,0.0,0.0,0.0,0.0,0.0,0.0,0.0,test
937,2026,Januari,BWD,Bawang Daun,10,3,0,0,7,14,600.0,0,6000,60000.0,0,60000.0,3,1,0,False,2026-01-01,22.2,282.1,250.0,0.49999999999999994,0.8660254037844387,24000.0,25333.333333333332,0,1.0,0.0,0.0,0.0,0.0,0.0,0.0,0.0,0.0,0.0,0.0,0.0,0.0,0.0,0.0,0.0,0.0,0.0,0.0,0.0,0.0,0.0,0.0,0.0,0.0,0.0,test
965,2026,Februari,BWD,Bawang Daun,14,3,0,0,2,13,600.0,0,8000,60000.0,0,60000.0,3,2,0,False,2026-02-01,22.5,306.3,250.0,0.8660254037844386,0.5000000000000001,60000.0,40500.0,0,1.0,0.0,0.0,0.0,0.0,0.0,0.0,0.0,0.0,0.0,0.0,0.0,0.0,0.0,0.0,0.0,0.0,0.0,0.0,0.0,0.0,0.0,0.0,0.0,0.0,0.0,test
993,2026,Maret,BWD,Bawang Daun,13,3,0,0,6,16,600.0,0,10000,60000.0,0,60000.0,3,3,0,False,2026-03-01,23.0,315.8,250.0,1.0,6.123233995736766e-17,60000.0,48000.0,0,1.0,0.0,0.0,0.0,0.0,0.0,0.0,0.0,0.0,0.0,0.0,0.0,0.0,0.0,0.0,0.0,0.0,0.0,0.0,0.0,0.0,0.0,0.0,0.0,0.0,0.0,test
80,2023,April,BMR,Bawang Merah,0,0,0,0,0,0,0.0,0,0,0.0,0,0.0,0,4,1,False,2023-04-01,23.3,309.0,325.0,0.8660254037844387,-0.49999999999999983,0.0,0.0,1,0.0,1.0,0.0,0.0,0.0,0.0,0.0,0.0,0.0,0.0,0.0,0.0,0.0,0.0,0.0,0.0,0.0,0.0,0.0,0.0,0.0,0.0,0.0,0.0,0.0,0.0,train
106,2023,Mei,BMR,Bawang Merah,0,0,0,0,0,0,0.0,0,0,0.0,0,0.0,0,5,1,False,2023-05-01,23.6,285.2,325.0,0.49999999999999994,-0.8660254037844387,0.0,0.0,1,0.0,1.0,0.0,0.0,0.0,0.0,0.0,0.0,0.0,0.0,0.0,0.0,0.0,0.0,0.0,0.0,0.0,0.0,0.0,0.0,0.0,0.0,0.0,0.0,0.0,0.0,train
132,2023,Juni,BMR,Bawang Merah,0,0,0,0,0,0,0.0,0,0,0.0,0,0.0,0,6,1,False,2023-06-01,23.3,300.0,325.0,1.2246467991473532e-16,-1.0,0.0,0.0,1,0.0,1.0,0.0,0.0,0.0,0.0,0.0,0.0,0.0,0.0,0.0,0.0,0.0,0.0,0.0,0.0,0.0,0.0,0.0,0.0,0.0,0.0,0.0,0.0,0.0,0.0,train
158,2023,Juli,BMR,Bawang Merah,0,0,0,0,0,0,0.0,0,0,0.0,0,0.0,0,7,1,False,2023-07-01,23.0,120.9,325.0,-0.4999999999999998,-0.8660254037844388,0.0,0.0,1,0.0,1.0,0.0,0.0,0.0,0.0,0.0,0.0,0.0,0.0,0.0,0.0,0.0,0.0,0.0,0.0,0.0,0.0,0.0,0.0,0.0,0.0,0.0,0.0,0.0,0.0,train
184,2023,Agustus,BMR,Bawang Merah,0,0,0,0,0,0,0.0,0,0,0.0,0,0.0,0,8,1,False,2023-08-01,23.9,114.7,325.0,-0.8660254037844384,-0.5000000000000004,0.0,0.0,1,0.0,1.0,0.0,0.0,0.0,0.0,0.0,0.0,0.0,0.0,0.0,0.0,0.0,0.0,0.0,0.0,0.0,0.0,0.0,0.0,0.0,0.0,0.0,0.0,0.0,0.0,train
210,2023,September,BMR,Bawang Merah,0,0,0,0,0,0,0.0,0,0,0.0,0,0.0,0,9,1,False,2023-09-01,24.8,177.0,325.0,-1.0,-1.8369701987210297e-16,0.0,0.0,1,0.0,1.0,0.0,0.0,0.0,0.0,0.0,0.0,0.0,0.0,0.0,0.0,0.0,0.0,0.0,0.0,0.0,0.0,0.0,0.0,0.0,0.0,0.0,0.0,0.0,0.0,train
236,2023,Oktober,BMR,Bawang Merah,0,0,0,0,0,0,0.0,0,0,0.0,0,0.0,0,10,1,False,2023-10-01,25.6,297.6,325.0,-0.8660254037844386,0.5000000000000001,0.0,0.0,1,0.0,1.0,0.0,0.0,0.0,0.0,0.0,0.0,0.0,0.0,0.0,0.0,0.0,0.0,0.0,0.0,0.0,0.0,0.0,0.0,0.0,0.0,0.0,0.0,0.0,0.0,train
262,2023,November,BMR,Bawang Merah,0,0,0,0,0,0,0.0,0,0,0.0,0,0.0,0,11,1,False,2023-11-01,24.1,393.0,325.0,-0.5000000000000004,0.8660254037844384,0.0,0.0,1,0.0,1.0,0.0,0.0,0.0,0.0,0.0,0.0,0.0,0.0,0.0,0.0,0.0,0.0,0.0,0.0,0.0,0.0,0.0,0.0,0.0,0.0,0.0,0.0,0.0,0.0,train
288,2023,Desember,BMR,Bawang Merah,0,0,0,0,0,0,0.0,0,0,0.0,0,0.0,0,12,1,False,2023-12-01,23.9,384.4,325.0,-2.4492935982947064e-16,1.0,0.0,0.0,1,0.0,1.0,0.0,0.0,0.0,0.0,0.0,0.0,0.0,0.0,0.0,0.0,0.0,0.0,0.0,0.0,0.0,0.0,0.0,0.0,0.0,0.0,0.0,0.0,0.0,0.0,train
314,2024,Januari,BMR,Bawang Merah,0,0,0,0,2,2,0.0,0,35000,0.0,0,0.0,0,1,1,False,2024-01-01,23.4,282.1,325.0,0.49999999999999994,0.8660254037844387,0.0,0.0,1,0.0,1.0,0.0,0.0,0.0,0.0,0.0,0.0,0.0,0.0,0.0,0.0,0.0,0.0,0.0,0.0,0.0,0.0,0.0,0.0,0.0,0.0,0.0,0.0,0.0,0.0,train
340,2024,Februari,BMR,Bawang Merah,2,0,0,0,1,3,0.0,0,35000,0.0,0,0.0,0,2,1,False,2024-02-01,23.5,316.1,325.0,0.8660254037844386,0.5000000000000001,0.0,0.0,1,0.0,1.0,0.0,0.0,0.0,0.0,0.0,0.0,0.0,0.0,0.0,0.0,0.0,0.0,0.0,0.0,0.0,0.0,0.0,0.0,0.0,0.0,0.0,0.0,0.0,0.0,train
366,2024,Maret,BMR,Bawang Merah,3,2,0,0,1,2,300.0,0,35000,30000.0,0,30000.0,2,3,0,False,2024-03-01,23.4,316.2,325.0,1.0,6.123233995736766e-17,0.0,0.0,1,0.0,1.0,0.0,0.0,0.0,0.0,0.0,0.0,0.0,0.0,0.0,0.0,0.0,0.0,0.0,0.0,0.0,0.0,0.0,0.0,0.0,0.0,0.0,0.0,0.0,0.0,train
392,2024,April,BMR,Bawang Merah,16,8,7,0,2,2,1599.0,504,35000,159900.0,50400,210300.0,15,4,0,False,2024-04-01,24.0,309.0,325.0,0.8660254037844387,-0.49999999999999983,30000.0,10000.0,1,0.0,1.0,0.0,0.0,0.0,0.0,0.0,0.0,0.0,0.0,0.0,0.0,0.0,0.0,0.0,0.0,0.0,0.0,0.0,0.0,0.0,0.0,0.0,0.0,0.0,0.0,train
418,2024,Mei,BMR,Bawang Merah,0,0,0,0,0,0,0.0,0,35000,0.0,0,0.0,0,5,1,False,2024-05-01,24.2,285.2,325.0,0.49999999999999994,-0.8660254037844387,210300.0,80100.0,1,0.0,1.0,0.0,0.0,0.0,0.0,0.0,0.0,0.0,0.0,0.0,0.0,0.0,0.0,0.0,0.0,0.0,0.0,0.0,0.0,0.0,0.0,0.0,0.0,0.0,0.0,train
444,2024,Juni,BMR,Bawang Merah,0,0,0,0,0,0,0.0,0,35000,0.0,0,0.0,0,6,1,False,2024-06-01,23.3,300.0,325.0,1.2246467991473532e-16,-1.0,0.0,80100.0,1,0.0,1.0,0.0,0.0,0.0,0.0,0.0,0.0,0.0,0.0,0.0,0.0,0.0,0.0,0.0,0.0,0.0,0.0,0.0,0.0,0.0,0.0,0.0,0.0,0.0,0.0,train
470,2024,Juli,BMR,Bawang Merah,8,7,12,0,8,5,856.0,18,35000,85600.0,1800,87400.0,19,7,0,False,2024-07-01,22.9,120.9,325.0,-0.4999999999999998,-0.8660254037844388,0.0,70100.0,1,0.0,1.0,0.0,0.0,0.0,0.0,0.0,0.0,0.0,0.0,0.0,0.0,0.0,0.0,0.0,0.0,0.0,0.0,0.0,0.0,0.0,0.0,0.0,0.0,0.0,0.0,train
496,2024,Agustus,BMR,Bawang Merah,6,3,11,0,14,13,888.0,962,35000,88800.0,96200,185000.0,14,8,0,False,2024-08-01,23.8,114.7,325.0,-0.8660254037844384,-0.5000000000000004,87400.0,29133.333333333332,1,0.0,1.0,0.0,0.0,0.0,0.0,0.0,0.0,0.0,0.0,0.0,0.0,0.0,0.0,0.0,0.0,0.0,0.0,0.0,0.0,0.0,0.0,0.0,0.0,0.0,0.0,train
522,2024,September,BMR,Bawang Merah,4,1,11,0,11,11,1134.0,1425,35000,113400.0,142500,255900.0,12,9,0,False,2024-09-01,23.8,177.0,325.0,-1.0,-1.8369701987210297e-16,185000.0,90800.0,1,0.0,1.0,0.0,0.0,0.0,0.0,0.0,0.0,0.0,0.0,0.0,0.0,0.0,0.0,0.0,0.0,0.0,0.0,0.0,0.0,0.0,0.0,0.0,0.0,0.0,0.0,train
548,2024,Oktober,BMR,Bawang Merah,5,3,6,0,13,15,1320.0,78,35000,132000.0,7800,139800.0,9,10,0,False,2024-10-01,24.3,297.6,325.0,-0.8660254037844386,0.5000000000000001,255900.0,176100.0,1,0.0,1.0,0.0,0.0,0.0,0.0,0.0,0.0,0.0,0.0,0.0,0.0,0.0,0.0,0.0,0.0,0.0,0.0,0.0,0.0,0.0,0.0,0.0,0.0,0.0,0.0,train
574,2024,November,BMR,Bawang Merah,9,7,12,0,9,7,2.0,881,35000,200.0,88100,88300.0,19,11,0,False,2024-11-01,23.4,393.0,325.0,-0.5000000000000004,0.8660254037844384,139800.0,193566.66666666666,1,0.0,1.0,0.0,0.0,0.0,0.0,0.0,0.0,0.0,0.0,0.0,0.0,0.0,0.0,0.0,0.0,0.0,0.0,0.0,0.0,0.0,0.0,0.0,0.0,0.0,0.0,train
600,2024,Desember,BMR,Bawang Merah,4,1,12,0,13,8,670.0,1591,35000,67000.0,159100,226100.0,13,12,0,False,2024-12-01,23.2,384.4,325.0,-2.4492935982947064e-16,1.0,88300.0,161333.33333333334,1,0.0,1.0,0.0,0.0,0.0,0.0,0.0,0.0,0.0,0.0,0.0,0.0,0.0,0.0,0.0,0.0,0.0,0.0,0.0,0.0,0.0,0.0,0.0,0.0,0.0,0.0,train
626,2025,Januari,BMR,Bawang Merah,0,0,0,0,0,0,0.0,0,0,0.0,0,0.0,0,1,1,False,2025-01-01,22.8,282.1,325.0,0.49999999999999994,0.8660254037844387,226100.0,151400.0,1,0.0,1.0,0.0,0.0,0.0,0.0,0.0,0.0,0.0,0.0,0.0,0.0,0.0,0.0,0.0,0.0,0.0,0.0,0.0,0.0,0.0,0.0,0.0,0.0,0.0,0.0,train
652,2025,Februari,BMR,Bawang Merah,0,0,0,0,0,0,0.0,0,0,0.0,0,0.0,0,2,1,False,2025-02-01,22.7,305.2,325.0,0.8660254037844386,0.5000000000000001,0.0,104800.0,1,0.0,1.0,0.0,0.0,0.0,0.0,0.0,0.0,0.0,0.0,0.0,0.0,0.0,0.0,0.0,0.0,0.0,0.0,0.0,0.0,0.0,0.0,0.0,0.0,0.0,0.0,train
678,2025,Maret,BMR,Bawang Merah,0,0,0,0,0,0,0.0,0,0,0.0,0,0.0,0,3,1,False,2025-03-01,23.2,316.2,325.0,1.0,6.123233995736766e-17,0.0,75366.66666666667,1,0.0,1.0,0.0,0.0,0.0,0.0,0.0,0.0,0.0,0.0,0.0,0.0,0.0,0.0,0.0,0.0,0.0,0.0,0.0,0.0,0.0,0.0,0.0,0.0,0.0,0.0,train
704,2025,April,BMR,Bawang Merah,0,0,0,0,0,0,0.0,0,0,0.0,0,0.0,0,4,1,False,2025-04-01,23.1,309.0,325.0,0.8660254037844387,-0.49999999999999983,0.0,0.0,1,0.0,1.0,0.0,0.0,0.0,0.0,0.0,0.0,0.0,0.0,0.0,0.0,0.0,0.0,0.0,0.0,0.0,0.0,0.0,0.0,0.0,0.0,0.0,0.0,0.0,0.0,train
730,2025,Mei,BMR,Bawang Merah,0,0,0,0,0,0,0.0,0,0,0.0,0,0.0,0,5,1,False,2025-05-01,23.4,285.2,325.0,0.49999999999999994,-0.8660254037844387,0.0,0.0,1,0.0,1.0,0.0,0.0,0.0,0.0,0.0,0.0,0.0,0.0,0.0,0.0,0.0,0.0,0.0,0.0,0.0,0.0,0.0,0.0,0.0,0.0,0.0,0.0,0.0,0.0,val
756,2025,Juni,BMR,Bawang Merah,0,0,0,0,0,0,0.0,0,0,0.0,0,0.0,0,6,1,False,2025-06-01,22.9,300.0,325.0,1.2246467991473532e-16,-1.0,0.0,0.0,1,0.0,1.0,0.0,0.0,0.0,0.0,0.0,0.0,0.0,0.0,0.0,0.0,0.0,0.0,0.0,0.0,0.0,0.0,0.0,0.0,0.0,0.0,0.0,0.0,0.0,0.0,val
782,2025,Juli,BMR,Bawang Merah,0,0,0,0,0,0,0.0,0,0,0.0,0,0.0,0,7,1,False,2025-07-01,22.9,120.9,325.0,-0.4999999999999998,-0.8660254037844388,0.0,0.0,1,0.0,1.0,0.0,0.0,0.0,0.0,0.0,0.0,0.0,0.0,0.0,0.0,0.0,0.0,0.0,0.0,0.0,0.0,0.0,0.0,0.0,0.0,0.0,0.0,0.0,0.0,val
808,2025,Agustus,BMR,Bawang Merah,0,0,0,0,0,0,0.0,0,0,0.0,0,0.0,0,8,1,False,2025-08-01,22.9,114.7,325.0,-0.8660254037844384,-0.5000000000000004,0.0,0.0,1,0.0,1.0,0.0,0.0,0.0,0.0,0.0,0.0,0.0,0.0,0.0,0.0,0.0,0.0,0.0,0.0,0.0,0.0,0.0,0.0,0.0,0.0,0.0,0.0,0.0,0.0,val
834,2025,September,BMR,Bawang Merah,0,0,0,0,0,0,0.0,0,0,0.0,0,0.0,0,9,1,False,2025-09-01,23.5,177.0,325.0,-1.0,-1.8369701987210297e-16,0.0,0.0,1,0.0,1.0,0.0,0.0,0.0,0.0,0.0,0.0,0.0,0.0,0.0,0.0,0.0,0.0,0.0,0.0,0.0,0.0,0.0,0.0,0.0,0.0,0.0,0.0,0.0,0.0,val
860,2025,Oktober,BMR,Bawang Merah,0,0,0,0,0,0,0.0,0,0,0.0,0,0.0,0,10,1,False,2025-10-01,23.9,297.6,325.0,-0.8660254037844386,0.5000000000000001,0.0,0.0,1,0.0,1.0,0.0,0.0,0.0,0.0,0.0,0.0,0.0,0.0,0.0,0.0,0.0,0.0,0.0,0.0,0.0,0.0,0.0,0.0,0.0,0.0,0.0,0.0,0.0,0.0,test
886,2025,November,BMR,Bawang Merah,0,0,0,0,0,0,0.0,0,0,0.0,0,0.0,0,11,1,False,2025-11-01,23.5,393.0,325.0,-0.5000000000000004,0.8660254037844384,0.0,0.0,1,0.0,1.0,0.0,0.0,0.0,0.0,0.0,0.0,0.0,0.0,0.0,0.0,0.0,0.0,0.0,0.0,0.0,0.0,0.0,0.0,0.0,0.0,0.0,0.0,0.0,0.0,test
912,2025,Desember,BMR,Bawang Merah,0,0,0,0,0,0,0.0,0,0,0.0,0,0.0,0,12,1,False,2025-12-01,23.2,384.4,325.0,-2.4492935982947064e-16,1.0,0.0,0.0,1,0.0,1.0,0.0,0.0,0.0,0.0,0.0,0.0,0.0,0.0,0.0,0.0,0.0,0.0,0.0,0.0,0.0,0.0,0.0,0.0,0.0,0.0,0.0,0.0,0.0,0.0,test
938,2026,Januari,BMR,Bawang Merah,0,0,0,0,2,2,0.0,0,0,0.0,0,0.0,0,1,1,False,2026-01-01,22.2,282.1,325.0,0.49999999999999994,0.8660254037844387,0.0,0.0,1,0.0,1.0,0.0,0.0,0.0,0.0,0.0,0.0,0.0,0.0,0.0,0.0,0.0,0.0,0.0,0.0,0.0,0.0,0.0,0.0,0.0,0.0,0.0,0.0,0.0,0.0,test
966,2026,Februari,BMR,Bawang Merah,2,0,0,0,1,3,0.0,0,0,0.0,0,0.0,0,2,1,False,2026-02-01,22.5,306.3,325.0,0.8660254037844386,0.5000000000000001,0.0,0.0,1,0.0,1.0,0.0,0.0,0.0,0.0,0.0,0.0,0.0,0.0,0.0,0.0,0.0,0.0,0.0,0.0,0.0,0.0,0.0,0.0,0.0,0.0,0.0,0.0,0.0,0.0,test
994,2026,Maret,BMR,Bawang Merah,3,2,0,0,1,2,300.0,0,35000,30000.0,0,30000.0,2,3,0,False,2026-03-01,23.0,315.8,325.0,1.0,6.123233995736766e-17,0.0,0.0,1,0.0,1.0,0.0,0.0,0.0,0.0,0.0,0.0,0.0,0.0,0.0,0.0,0.0,0.0,0.0,0.0,0.0,0.0,0.0,0.0,0.0,0.0,0.0,0.0,0.0,0.0,test
81,2023,April,BPT,Bawang Putih,0,0,0,0,0,0,0.0,0,0,0.0,0,0.0,0,4,1,False,2023-04-01,23.3,309.0,325.0,0.8660254037844387,-0.49999999999999983,0.0,0.0,2,0.0,0.0,1.0,0.0,0.0,0.0,0.0,0.0,0.0,0.0,0.0,0.0,0.0,0.0,0.0,0.0,0.0,0.0,0.0,0.0,0.0,0.0,0.0,0.0,0.0,0.0,train
107,2023,Mei,BPT,Bawang Putih,0,0,0,0,0,0,0.0,0,0,0.0,0,0.0,0,5,1,False,2023-05-01,23.6,285.2,325.0,0.49999999999999994,-0.8660254037844387,0.0,0.0,2,0.0,0.0,1.0,0.0,0.0,0.0,0.0,0.0,0.0,0.0,0.0,0.0,0.0,0.0,0.0,0.0,0.0,0.0,0.0,0.0,0.0,0.0,0.0,0.0,0.0,0.0,train
133,2023,Juni,BPT,Bawang Putih,0,0,0,0,0,0,0.0,0,0,0.0,0,0.0,0,6,1,False,2023-06-01,23.3,300.0,325.0,1.2246467991473532e-16,-1.0,0.0,0.0,2,0.0,0.0,1.0,0.0,0.0,0.0,0.0,0.0,0.0,0.0,0.0,0.0,0.0,0.0,0.0,0.0,0.0,0.0,0.0,0.0,0.0,0.0,0.0,0.0,0.0,0.0,train
159,2023,Juli,BPT,Bawang Putih,0,0,0,0,0,0,0.0,0,0,0.0,0,0.0,0,7,1,False,2023-07-01,23.0,120.9,325.0,-0.4999999999999998,-0.8660254037844388,0.0,0.0,2,0.0,0.0,1.0,0.0,0.0,0.0,0.0,0.0,0.0,0.0,0.0,0.0,0.0,0.0,0.0,0.0,0.0,0.0,0.0,0.0,0.0,0.0,0.0,0.0,0.0,0.0,train
185,2023,Agustus,BPT,Bawang Putih,0,0,0,0,0,0,0.0,0,0,0.0,0,0.0,0,8,1,False,2023-08-01,23.9,114.7,325.0,-0.8660254037844384,-0.5000000000000004,0.0,0.0,2,0.0,0.0,1.0,0.0,0.0,0.0,0.0,0.0,0.0,0.0,0.0,0.0,0.0,0.0,0.0,0.0,0.0,0.0,0.0,0.0,0.0,0.0,0.0,0.0,0.0,0.0,train
211,2023,September,BPT,Bawang Putih,0,0,0,0,0,0,0.0,0,0,0.0,0,0.0,0,9,1,False,2023-09-01,24.8,177.0,325.0,-1.0,-1.8369701987210297e-16,0.0,0.0,2,0.0,0.0,1.0,0.0,0.0,0.0,0.0,0.0,0.0,0.0,0.0,0.0,0.0,0.0,0.0,0.0,0.0,0.0,0.0,0.0,0.0,0.0,0.0,0.0,0.0,0.0,train
237,2023,Oktober,BPT,Bawang Putih,0,0,0,0,0,0,0.0,0,0,0.0,0,0.0,0,10,1,False,2023-10-01,25.6,297.6,325.0,-0.8660254037844386,0.5000000000000001,0.0,0.0,2,0.0,0.0,1.0,0.0,0.0,0.0,0.0,0.0,0.0,0.0,0.0,0.0,0.0,0.0,0.0,0.0,0.0,0.0,0.0,0.0,0.0,0.0,0.0,0.0,0.0,0.0,train
263,2023,November,BPT,Bawang Putih,0,0,0,0,0,0,0.0,0,0,0.0,0,0.0,0,11,1,False,2023-11-01,24.1,393.0,325.0,-0.5000000000000004,0.8660254037844384,0.0,0.0,2,0.0,0.0,1.0,0.0,0.0,0.0,0.0,0.0,0.0,0.0,0.0,0.0,0.0,0.0,0.0,0.0,0.0,0.0,0.0,0.0,0.0,0.0,0.0,0.0,0.0,0.0,train
289,2023,Desember,BPT,Bawang Putih,0,0,0,0,0,0,0.0,0,0,0.0,0,0.0,0,12,1,False,2023-12-01,23.9,384.4,325.0,-2.4492935982947064e-16,1.0,0.0,0.0,2,0.0,0.0,1.0,0.0,0.0,0.0,0.0,0.0,0.0,0.0,0.0,0.0,0.0,0.0,0.0,0.0,0.0,0.0,0.0,0.0,0.0,0.0,0.0,0.0,0.0,0.0,train
315,2024,Januari,BPT,Bawang Putih,0,0,0,0,0,0,0.0,0,0,0.0,0,0.0,0,1,1,False,2024-01-01,23.4,282.1,325.0,0.49999999999999994,0.8660254037844387,0.0,0.0,2,0.0,0.0,1.0,0.0,0.0,0.0,0.0,0.0,0.0,0.0,0.0,0.0,0.0,0.0,0.0,0.0,0.0,0.0,0.0,0.0,0.0,0.0,0.0,0.0,0.0,0.0,train
341,2024,Februari,BPT,Bawang Putih,0,0,0,0,0,0,0.0,0,0,0.0,0,0.0,0,2,1,False,2024-02-01,23.5,316.1,325.0,0.8660254037844386,0.5000000000000001,0.0,0.0,2,0.0,0.0,1.0,0.0,0.0,0.0,0.0,0.0,0.0,0.0,0.0,0.0,0.0,0.0,0.0,0.0,0.0,0.0,0.0,0.0,0.0,0.0,0.0,0.0,0.0,0.0,train
367,2024,Maret,BPT,Bawang Putih,0,0,0,0,0,0,0.0,0,0,0.0,0,0.0,0,3,1,False,2024-03-01,23.4,316.2,325.0,1.0,6.123233995736766e-17,0.0,0.0,2,0.0,0.0,1.0,0.0,0.0,0.0,0.0,0.0,0.0,0.0,0.0,0.0,0.0,0.0,0.0,0.0,0.0,0.0,0.0,0.0,0.0,0.0,0.0,0.0,0.0,0.0,train
393,2024,April,BPT,Bawang Putih,17,7,4,0,6,5,1172.0,53,0,117200.0,5300,122500.0,11,4,0,False,2024-04-01,24.0,309.0,325.0,0.8660254037844387,-0.49999999999999983,0.0,0.0,2,0.0,0.0,1.0,0.0,0.0,0.0,0.0,0.0,0.0,0.0,0.0,0.0,0.0,0.0,0.0,0.0,0.0,0.0,0.0,0.0,0.0,0.0,0.0,0.0,0.0,0.0,train
419,2024,Mei,BPT,Bawang Putih,7,2,9,0,14,9,574.0,798,0,57400.0,79800,137200.0,11,5,0,False,2024-05-01,24.2,285.2,325.0,0.49999999999999994,-0.8660254037844387,122500.0,40833.333333333336,2,0.0,0.0,1.0,0.0,0.0,0.0,0.0,0.0,0.0,0.0,0.0,0.0,0.0,0.0,0.0,0.0,0.0,0.0,0.0,0.0,0.0,0.0,0.0,0.0,0.0,0.0,train
445,2024,Juni,BPT,Bawang Putih,16,4,1,0,15,11,180.0,134,0,18000.0,13400,31400.0,5,6,0,False,2024-06-01,23.3,300.0,325.0,1.2246467991473532e-16,-1.0,137200.0,86566.66666666667,2,0.0,0.0,1.0,0.0,0.0,0.0,0.0,0.0,0.0,0.0,0.0,0.0,0.0,0.0,0.0,0.0,0.0,0.0,0.0,0.0,0.0,0.0,0.0,0.0,0.0,0.0,train
471,2024,Juli,BPT,Bawang Putih,7,5,6,0,13,11,1249.0,913,0,124900.0,91300,216200.0,11,7,0,False,2024-07-01,22.9,120.9,325.0,-0.4999999999999998,-0.8660254037844388,31400.0,97033.33333333333,2,0.0,0.0,1.0,0.0,0.0,0.0,0.0,0.0,0.0,0.0,0.0,0.0,0.0,0.0,0.0,0.0,0.0,0.0,0.0,0.0,0.0,0.0,0.0,0.0,0.0,0.0,train
497,2024,Agustus,BPT,Bawang Putih,11,1,9,0,13,19,950.0,1158,0,95000.0,115800,210800.0,10,8,0,False,2024-08-01,23.8,114.7,325.0,-0.8660254037844384,-0.5000000000000004,216200.0,128266.66666666667,2,0.0,0.0,1.0,0.0,0.0,0.0,0.0,0.0,0.0,0.0,0.0,0.0,0.0,0.0,0.0,0.0,0.0,0.0,0.0,0.0,0.0,0.0,0.0,0.0,0.0,0.0,train
523,2024,September,BPT,Bawang Putih,10,8,8,0,9,10,849.0,626,0,84900.0,62600,147500.0,16,9,0,False,2024-09-01,23.8,177.0,325.0,-1.0,-1.8369701987210297e-16,210800.0,152800.0,2,0.0,0.0,1.0,0.0,0.0,0.0,0.0,0.0,0.0,0.0,0.0,0.0,0.0,0.0,0.0,0.0,0.0,0.0,0.0,0.0,0.0,0.0,0.0,0.0,0.0,0.0,train
549,2024,Oktober,BPT,Bawang Putih,11,6,6,0,1,17,1513.0,879,0,151300.0,87900,239200.0,12,10,0,False,2024-10-01,24.3,297.6,325.0,-0.8660254037844386,0.5000000000000001,147500.0,191500.0,2,0.0,0.0,1.0,0.0,0.0,0.0,0.0,0.0,0.0,0.0,0.0,0.0,0.0,0.0,0.0,0.0,0.0,0.0,0.0,0.0,0.0,0.0,0.0,0.0,0.0,0.0,train
575,2024,November,BPT,Bawang Putih,13,8,14,0,17,18,668.0,557,0,66800.0,55700,122500.0,22,11,0,False,2024-11-01,23.4,393.0,325.0,-0.5000000000000004,0.8660254037844384,239200.0,199166.66666666666,2,0.0,0.0,1.0,0.0,0.0,0.0,0.0,0.0,0.0,0.0,0.0,0.0,0.0,0.0,0.0,0.0,0.0,0.0,0.0,0.0,0.0,0.0,0.0,0.0,0.0,0.0,train
601,2024,Desember,BPT,Bawang Putih,12,2,9,0,10,12,49.0,859,0,4900.0,85900,90800.0,11,12,0,False,2024-12-01,23.2,384.4,325.0,-2.4492935982947064e-16,1.0,122500.0,169733.33333333334,2,0.0,0.0,1.0,0.0,0.0,0.0,0.0,0.0,0.0,0.0,0.0,0.0,0.0,0.0,0.0,0.0,0.0,0.0,0.0,0.0,0.0,0.0,0.0,0.0,0.0,0.0,train
627,2025,Januari,BPT,Bawang Putih,0,0,0,0,0,0,0.0,0,0,0.0,0,0.0,0,1,1,False,2025-01-01,22.8,282.1,325.0,0.49999999999999994,0.8660254037844387,90800.0,150833.33333333334,2,0.0,0.0,1.0,0.0,0.0,0.0,0.0,0.0,0.0,0.0,0.0,0.0,0.0,0.0,0.0,0.0,0.0,0.0,0.0,0.0,0.0,0.0,0.0,0.0,0.0,0.0,train
653,2025,Februari,BPT,Bawang Putih,0,0,0,0,0,0,0.0,0,0,0.0,0,0.0,0,2,1,False,2025-02-01,22.7,305.2,325.0,0.8660254037844386,0.5000000000000001,0.0,71100.0,2,0.0,0.0,1.0,0.0,0.0,0.0,0.0,0.0,0.0,0.0,0.0,0.0,0.0,0.0,0.0,0.0,0.0,0.0,0.0,0.0,0.0,0.0,0.0,0.0,0.0,0.0,train
679,2025,Maret,BPT,Bawang Putih,0,0,0,0,0,0,0.0,0,0,0.0,0,0.0,0,3,1,False,2025-03-01,23.2,316.2,325.0,1.0,6.123233995736766e-17,0.0,30266.666666666668,2,0.0,0.0,1.0,0.0,0.0,0.0,0.0,0.0,0.0,0.0,0.0,0.0,0.0,0.0,0.0,0.0,0.0,0.0,0.0,0.0,0.0,0.0,0.0,0.0,0.0,0.0,train
705,2025,April,BPT,Bawang Putih,0,0,0,0,0,0,0.0,0,0,0.0,0,0.0,0,4,1,False,2025-04-01,23.1,309.0,325.0,0.8660254037844387,-0.49999999999999983,0.0,0.0,2,0.0,0.0,1.0,0.0,0.0,0.0,0.0,0.0,0.0,0.0,0.0,0.0,0.0,0.0,0.0,0.0,0.0,0.0,0.0,0.0,0.0,0.0,0.0,0.0,0.0,0.0,train
731,2025,Mei,BPT,Bawang Putih,0,0,0,0,0,0,0.0,0,0,0.0,0,0.0,0,5,1,False,2025-05-01,23.4,285.2,325.0,0.49999999999999994,-0.8660254037844387,0.0,0.0,2,0.0,0.0,1.0,0.0,0.0,0.0,0.0,0.0,0.0,0.0,0.0,0.0,0.0,0.0,0.0,0.0,0.0,0.0,0.0,0.0,0.0,0.0,0.0,0.0,0.0,0.0,val
757,2025,Juni,BPT,Bawang Putih,0,0,0,0,0,0,0.0,0,0,0.0,0,0.0,0,6,1,False,2025-06-01,22.9,300.0,325.0,1.2246467991473532e-16,-1.0,0.0,0.0,2,0.0,0.0,1.0,0.0,0.0,0.0,0.0,0.0,0.0,0.0,0.0,0.0,0.0,0.0,0.0,0.0,0.0,0.0,0.0,0.0,0.0,0.0,0.0,0.0,0.0,0.0,val
783,2025,Juli,BPT,Bawang Putih,0,0,0,0,0,0,0.0,0,0,0.0,0,0.0,0,7,1,False,2025-07-01,22.9,120.9,325.0,-0.4999999999999998,-0.8660254037844388,0.0,0.0,2,0.0,0.0,1.0,0.0,0.0,0.0,0.0,0.0,0.0,0.0,0.0,0.0,0.0,0.0,0.0,0.0,0.0,0.0,0.0,0.0,0.0,0.0,0.0,0.0,0.0,0.0,val
809,2025,Agustus,BPT,Bawang Putih,0,0,0,0,0,0,0.0,0,0,0.0,0,0.0,0,8,1,False,2025-08-01,22.9,114.7,325.0,-0.8660254037844384,-0.5000000000000004,0.0,0.0,2,0.0,0.0,1.0,0.0,0.0,0.0,0.0,0.0,0.0,0.0,0.0,0.0,0.0,0.0,0.0,0.0,0.0,0.0,0.0,0.0,0.0,0.0,0.0,0.0,0.0,0.0,val
835,2025,September,BPT,Bawang Putih,0,0,0,0,0,0,0.0,0,0,0.0,0,0.0,0,9,1,False,2025-09-01,23.5,177.0,325.0,-1.0,-1.8369701987210297e-16,0.0,0.0,2,0.0,0.0,1.0,0.0,0.0,0.0,0.0,0.0,0.0,0.0,0.0,0.0,0.0,0.0,0.0,0.0,0.0,0.0,0.0,0.0,0.0,0.0,0.0,0.0,0.0,0.0,val
861,2025,Oktober,BPT,Bawang Putih,0,0,0,0,0,0,0.0,0,0,0.0,0,0.0,0,10,1,False,2025-10-01,23.9,297.6,325.0,-0.8660254037844386,0.5000000000000001,0.0,0.0,2,0.0,0.0,1.0,0.0,0.0,0.0,0.0,0.0,0.0,0.0,0.0,0.0,0.0,0.0,0.0,0.0,0.0,0.0,0.0,0.0,0.0,0.0,0.0,0.0,0.0,0.0,test
887,2025,November,BPT,Bawang Putih,0,0,0,0,0,0,0.0,0,0,0.0,0,0.0,0,11,1,False,2025-11-01,23.5,393.0,325.0,-0.5000000000000004,0.8660254037844384,0.0,0.0,2,0.0,0.0,1.0,0.0,0.0,0.0,0.0,0.0,0.0,0.0,0.0,0.0,0.0,0.0,0.0,0.0,0.0,0.0,0.0,0.0,0.0,0.0,0.0,0.0,0.0,0.0,test
913,2025,Desember,BPT,Bawang Putih,0,0,0,0,0,0,0.0,0,0,0.0,0,0.0,0,12,1,False,2025-12-01,23.2,384.4,325.0,-2.4492935982947064e-16,1.0,0.0,0.0,2,0.0,0.0,1.0,0.0,0.0,0.0,0.0,0.0,0.0,0.0,0.0,0.0,0.0,0.0,0.0,0.0,0.0,0.0,0.0,0.0,0.0,0.0,0.0,0.0,0.0,0.0,test
939,2026,Januari,BPT,Bawang Putih,0,0,0,0,0,0,0.0,0,0,0.0,0,0.0,0,1,1,False,2026-01-01,22.2,282.1,325.0,0.49999999999999994,0.8660254037844387,0.0,0.0,2,0.0,0.0,1.0,0.0,0.0,0.0,0.0,0.0,0.0,0.0,0.0,0.0,0.0,0.0,0.0,0.0,0.0,0.0,0.0,0.0,0.0,0.0,0.0,0.0,0.0,0.0,test
967,2026,Februari,BPT,Bawang Putih,0,0,0,0,0,0,0.0,0,0,0.0,0,0.0,0,2,1,False,2026-02-01,22.5,306.3,325.0,0.8660254037844386,0.5000000000000001,0.0,0.0,2,0.0,0.0,1.0,0.0,0.0,0.0,0.0,0.0,0.0,0.0,0.0,0.0,0.0,0.0,0.0,0.0,0.0,0.0,0.0,0.0,0.0,0.0,0.0,0.0,0.0,0.0,test
995,2026,Maret,BPT,Bawang Putih,0,0,0,0,0,0,0.0,0,0,0.0,0,0.0,0,3,1,False,2026-03-01,23.0,315.8,325.0,1.0,6.123233995736766e-17,0.0,0.0,2,0.0,0.0,1.0,0.0,0.0,0.0,0.0,0.0,0.0,0.0,0.0,0.0,0.0,0.0,0.0,0.0,0.0,0.0,0.0,0.0,0.0,0.0,0.0,0.0,0.0,0.0,test
82,2023,April,BYMSY,Bayam,2,1,1,0,1,2,80.0,80,9000,8000.0,8000,16000.0,2,4,0,False,2023-04-01,23.3,309.0,250.0,0.8660254037844387,-0.49999999999999983,16000.0,24000.0,3,0.0,0.0,0.0,1.0,0.0,0.0,0.0,0.0,0.0,0.0,0.0,0.0,0.0,0.0,0.0,0.0,0.0,0.0,0.0,0.0,0.0,0.0,0.0,0.0,0.0,0.0,train
108,2023,Mei,BYMSY,Bayam,2,1,1,0,1,2,80.0,80,9000,8000.0,8000,16000.0,2,5,0,False,2023-05-01,23.6,285.2,250.0,0.49999999999999994,-0.8660254037844387,16000.0,18666.666666666668,3,0.0,0.0,0.0,1.0,0.0,0.0,0.0,0.0,0.0,0.0,0.0,0.0,0.0,0.0,0.0,0.0,0.0,0.0,0.0,0.0,0.0,0.0,0.0,0.0,0.0,0.0,train
134,2023,Juni,BYMSY,Bayam,2,1,1,0,1,2,75.0,75,9000,7500.0,7500,15000.0,2,6,0,False,2023-06-01,23.3,300.0,250.0,1.2246467991473532e-16,-1.0,16000.0,16000.0,3,0.0,0.0,0.0,1.0,0.0,0.0,0.0,0.0,0.0,0.0,0.0,0.0,0.0,0.0,0.0,0.0,0.0,0.0,0.0,0.0,0.0,0.0,0.0,0.0,0.0,0.0,train
160,2023,Juli,BYMSY,Bayam,2,0,0,0,0,2,0.0,0,7714,0.0,0,0.0,0,7,1,False,2023-07-01,23.0,120.9,250.0,-0.4999999999999998,-0.8660254037844388,15000.0,15666.666666666666,3,0.0,0.0,0.0,1.0,0.0,0.0,0.0,0.0,0.0,0.0,0.0,0.0,0.0,0.0,0.0,0.0,0.0,0.0,0.0,0.0,0.0,0.0,0.0,0.0,0.0,0.0,train
186,2023,Agustus,BYMSY,Bayam,2,0,0,0,0,2,0.0,0,7714,0.0,0,0.0,0,8,1,False,2023-08-01,23.9,114.7,250.0,-0.8660254037844384,-0.5000000000000004,0.0,10333.333333333334,3,0.0,0.0,0.0,1.0,0.0,0.0,0.0,0.0,0.0,0.0,0.0,0.0,0.0,0.0,0.0,0.0,0.0,0.0,0.0,0.0,0.0,0.0,0.0,0.0,0.0,0.0,train
212,2023,September,BYMSY,Bayam,2,2,0,0,2,2,140.0,0,5000,14000.0,0,14000.0,2,9,0,False,2023-09-01,24.8,177.0,250.0,-1.0,-1.8369701987210297e-16,0.0,5000.0,3,0.0,0.0,0.0,1.0,0.0,0.0,0.0,0.0,0.0,0.0,0.0,0.0,0.0,0.0,0.0,0.0,0.0,0.0,0.0,0.0,0.0,0.0,0.0,0.0,0.0,0.0,train
238,2023,Oktober,BYMSY,Bayam,2,0,0,0,0,2,0.0,0,7714,0.0,0,0.0,0,10,1,False,2023-10-01,25.6,297.6,250.0,-0.8660254037844386,0.5000000000000001,14000.0,4666.666666666667,3,0.0,0.0,0.0,1.0,0.0,0.0,0.0,0.0,0.0,0.0,0.0,0.0,0.0,0.0,0.0,0.0,0.0,0.0,0.0,0.0,0.0,0.0,0.0,0.0,0.0,0.0,train
264,2023,November,BYMSY,Bayam,2,0,0,0,0,2,0.0,0,7714,0.0,0,0.0,0,11,1,False,2023-11-01,24.1,393.0,250.0,-0.5000000000000004,0.8660254037844384,0.0,4666.666666666667,3,0.0,0.0,0.0,1.0,0.0,0.0,0.0,0.0,0.0,0.0,0.0,0.0,0.0,0.0,0.0,0.0,0.0,0.0,0.0,0.0,0.0,0.0,0.0,0.0,0.0,0.0,train
290,2023,Desember,BYMSY,Bayam,2,0,0,0,0,2,0.0,0,7714,0.0,0,0.0,0,12,1,False,2023-12-01,23.9,384.4,250.0,-2.4492935982947064e-16,1.0,0.0,4666.666666666667,3,0.0,0.0,0.0,1.0,0.0,0.0,0.0,0.0,0.0,0.0,0.0,0.0,0.0,0.0,0.0,0.0,0.0,0.0,0.0,0.0,0.0,0.0,0.0,0.0,0.0,0.0,train
316,2024,Januari,BYMSY,Bayam,2,1,1,0,5,6,10.0,10,4000,1000.0,1000,2000.0,2,1,0,False,2024-01-01,23.4,282.1,250.0,0.49999999999999994,0.8660254037844387,0.0,0.0,3,0.0,0.0,0.0,1.0,0.0,0.0,0.0,0.0,0.0,0.0,0.0,0.0,0.0,0.0,0.0,0.0,0.0,0.0,0.0,0.0,0.0,0.0,0.0,0.0,0.0,0.0,train
342,2024,Februari,BYMSY,Bayam,6,2,0,0,1,5,200.0,0,5000,20000.0,0,20000.0,2,2,0,False,2024-02-01,23.5,316.1,250.0,0.8660254037844386,0.5000000000000001,2000.0,666.6666666666666,3,0.0,0.0,0.0,1.0,0.0,0.0,0.0,0.0,0.0,0.0,0.0,0.0,0.0,0.0,0.0,0.0,0.0,0.0,0.0,0.0,0.0,0.0,0.0,0.0,0.0,0.0,train
368,2024,Maret,BYMSY,Bayam,5,2,3,0,1,4,200.0,300,5000,20000.0,30000,50000.0,5,3,0,False,2024-03-01,23.4,316.2,250.0,1.0,6.123233995736766e-17,20000.0,7333.333333333333,3,0.0,0.0,0.0,1.0,0.0,0.0,0.0,0.0,0.0,0.0,0.0,0.0,0.0,0.0,0.0,0.0,0.0,0.0,0.0,0.0,0.0,0.0,0.0,0.0,0.0,0.0,train
394,2024,April,BYMSY,Bayam,7,7,7,0,7,8,83.0,798,5000,8300.0,79800,88100.0,14,4,0,False,2024-04-01,24.0,309.0,250.0,0.8660254037844387,-0.49999999999999983,50000.0,24000.0,3,0.0,0.0,0.0,1.0,0.0,0.0,0.0,0.0,0.0,0.0,0.0,0.0,0.0,0.0,0.0,0.0,0.0,0.0,0.0,0.0,0.0,0.0,0.0,0.0,0.0,0.0,train
420,2024,Mei,BYMSY,Bayam,8,5,5,0,3,0,1401.0,517,5000,140100.0,51700,191800.0,10,5,0,False,2024-05-01,24.2,285.2,250.0,0.49999999999999994,-0.8660254037844387,88100.0,52700.0,3,0.0,0.0,0.0,1.0,0.0,0.0,0.0,0.0,0.0,0.0,0.0,0.0,0.0,0.0,0.0,0.0,0.0,0.0,0.0,0.0,0.0,0.0,0.0,0.0,0.0,0.0,train
446,2024,Juni,BYMSY,Bayam,12,6,9,0,10,6,1073.0,677,5000,107300.0,67700,175000.0,15,6,0,False,2024-06-01,23.3,300.0,250.0,1.2246467991473532e-16,-1.0,191800.0,109966.66666666667,3,0.0,0.0,0.0,1.0,0.0,0.0,0.0,0.0,0.0,0.0,0.0,0.0,0.0,0.0,0.0,0.0,0.0,0.0,0.0,0.0,0.0,0.0,0.0,0.0,0.0,0.0,train
472,2024,Juli,BYMSY,Bayam,13,2,6,0,2,18,57.0,1243,5000,5700.0,124300,130000.0,8,7,0,False,2024-07-01,22.9,120.9,250.0,-0.4999999999999998,-0.8660254037844388,175000.0,151633.33333333334,3,0.0,0.0,0.0,1.0,0.0,0.0,0.0,0.0,0.0,0.0,0.0,0.0,0.0,0.0,0.0,0.0,0.0,0.0,0.0,0.0,0.0,0.0,0.0,0.0,0.0,0.0,train
498,2024,Agustus,BYMSY,Bayam,13,7,7,0,3,7,1326.0,541,5000,132600.0,54100,186700.0,14,8,0,False,2024-08-01,23.8,114.7,250.0,-0.8660254037844384,-0.5000000000000004,130000.0,165600.0,3,0.0,0.0,0.0,1.0,0.0,0.0,0.0,0.0,0.0,0.0,0.0,0.0,0.0,0.0,0.0,0.0,0.0,0.0,0.0,0.0,0.0,0.0,0.0,0.0,0.0,0.0,train
524,2024,September,BYMSY,Bayam,18,6,2,0,10,7,48.0,988,5000,4800.0,98800,103600.0,8,9,0,False,2024-09-01,23.8,177.0,250.0,-1.0,-1.8369701987210297e-16,186700.0,163900.0,3,0.0,0.0,0.0,1.0,0.0,0.0,0.0,0.0,0.0,0.0,0.0,0.0,0.0,0.0,0.0,0.0,0.0,0.0,0.0,0.0,0.0,0.0,0.0,0.0,0.0,0.0,train
550,2024,Oktober,BYMSY,Bayam,16,5,9,0,10,19,1572.0,51,5000,157200.0,5100,162300.0,14,10,0,False,2024-10-01,24.3,297.6,250.0,-0.8660254037844386,0.5000000000000001,103600.0,140100.0,3,0.0,0.0,0.0,1.0,0.0,0.0,0.0,0.0,0.0,0.0,0.0,0.0,0.0,0.0,0.0,0.0,0.0,0.0,0.0,0.0,0.0,0.0,0.0,0.0,0.0,0.0,train
576,2024,November,BYMSY,Bayam,14,7,7,0,6,10,609.0,532,5000,60900.0,53200,114100.0,14,11,0,False,2024-11-01,23.4,393.0,250.0,-0.5000000000000004,0.8660254037844384,162300.0,150866.66666666666,3,0.0,0.0,0.0,1.0,0.0,0.0,0.0,0.0,0.0,0.0,0.0,0.0,0.0,0.0,0.0,0.0,0.0,0.0,0.0,0.0,0.0,0.0,0.0,0.0,0.0,0.0,train
602,2024,Desember,BYMSY,Bayam,15,6,10,0,2,4,1079.0,922,5000,107900.0,92200,200100.0,16,12,0,False,2024-12-01,23.2,384.4,250.0,-2.4492935982947064e-16,1.0,114100.0,126666.66666666667,3,0.0,0.0,0.0,1.0,0.0,0.0,0.0,0.0,0.0,0.0,0.0,0.0,0.0,0.0,0.0,0.0,0.0,0.0,0.0,0.0,0.0,0.0,0.0,0.0,0.0,0.0,train
628,2025,Januari,BYMSY,Bayam,4,2,2,0,1,3,160.0,160,4000,16000.0,16000,32000.0,4,1,0,False,2025-01-01,22.8,282.1,250.0,0.49999999999999994,0.8660254037844387,200100.0,158833.33333333334,3,0.0,0.0,0.0,1.0,0.0,0.0,0.0,0.0,0.0,0.0,0.0,0.0,0.0,0.0,0.0,0.0,0.0,0.0,0.0,0.0,0.0,0.0,0.0,0.0,0.0,0.0,train
654,2025,Februari,BYMSY,Bayam,3,2,1,0,1,2,160.0,80,9000,16000.0,8000,24000.0,3,2,0,False,2025-02-01,22.7,305.2,250.0,0.8660254037844386,0.5000000000000001,32000.0,115400.0,3,0.0,0.0,0.0,1.0,0.0,0.0,0.0,0.0,0.0,0.0,0.0,0.0,0.0,0.0,0.0,0.0,0.0,0.0,0.0,0.0,0.0,0.0,0.0,0.0,0.0,0.0,train
680,2025,Maret,BYMSY,Bayam,2,1,1,0,1,2,80.0,80,9000,8000.0,8000,16000.0,2,3,0,False,2025-03-01,23.2,316.2,250.0,1.0,6.123233995736766e-17,24000.0,85366.66666666667,3,0.0,0.0,0.0,1.0,0.0,0.0,0.0,0.0,0.0,0.0,0.0,0.0,0.0,0.0,0.0,0.0,0.0,0.0,0.0,0.0,0.0,0.0,0.0,0.0,0.0,0.0,train
706,2025,April,BYMSY,Bayam,2,1,1,0,1,2,80.0,80,9000,8000.0,8000,16000.0,2,4,0,False,2025-04-01,23.1,309.0,250.0,0.8660254037844387,-0.49999999999999983,16000.0,24000.0,3,0.0,0.0,0.0,1.0,0.0,0.0,0.0,0.0,0.0,0.0,0.0,0.0,0.0,0.0,0.0,0.0,0.0,0.0,0.0,0.0,0.0,0.0,0.0,0.0,0.0,0.0,train
732,2025,Mei,BYMSY,Bayam,2,1,1,0,1,2,80.0,80,9000,8000.0,8000,16000.0,2,5,0,False,2025-05-01,23.4,285.2,250.0,0.49999999999999994,-0.8660254037844387,16000.0,18666.666666666668,3,0.0,0.0,0.0,1.0,0.0,0.0,0.0,0.0,0.0,0.0,0.0,0.0,0.0,0.0,0.0,0.0,0.0,0.0,0.0,0.0,0.0,0.0,0.0,0.0,0.0,0.0,val
758,2025,Juni,BYMSY,Bayam,2,1,1,0,1,2,75.0,75,9000,7500.0,7500,15000.0,2,6,0,False,2025-06-01,22.9,300.0,250.0,1.2246467991473532e-16,-1.0,16000.0,16000.0,3,0.0,0.0,0.0,1.0,0.0,0.0,0.0,0.0,0.0,0.0,0.0,0.0,0.0,0.0,0.0,0.0,0.0,0.0,0.0,0.0,0.0,0.0,0.0,0.0,0.0,0.0,val
784,2025,Juli,BYMSY,Bayam,2,0,0,0,0,2,0.0,0,0,0.0,0,0.0,0,7,1,False,2025-07-01,22.9,120.9,250.0,-0.4999999999999998,-0.8660254037844388,15000.0,15666.666666666666,3,0.0,0.0,0.0,1.0,0.0,0.0,0.0,0.0,0.0,0.0,0.0,0.0,0.0,0.0,0.0,0.0,0.0,0.0,0.0,0.0,0.0,0.0,0.0,0.0,0.0,0.0,val
810,2025,Agustus,BYMSY,Bayam,2,0,0,0,0,2,0.0,0,0,0.0,0,0.0,0,8,1,False,2025-08-01,22.9,114.7,250.0,-0.8660254037844384,-0.5000000000000004,0.0,10333.333333333334,3,0.0,0.0,0.0,1.0,0.0,0.0,0.0,0.0,0.0,0.0,0.0,0.0,0.0,0.0,0.0,0.0,0.0,0.0,0.0,0.0,0.0,0.0,0.0,0.0,0.0,0.0,val
836,2025,September,BYMSY,Bayam,2,2,0,0,2,2,140.0,0,5000,14000.0,0,14000.0,2,9,0,False,2025-09-01,23.5,177.0,250.0,-1.0,-1.8369701987210297e-16,0.0,5000.0,3,0.0,0.0,0.0,1.0,0.0,0.0,0.0,0.0,0.0,0.0,0.0,0.0,0.0,0.0,0.0,0.0,0.0,0.0,0.0,0.0,0.0,0.0,0.0,0.0,0.0,0.0,val
862,2025,Oktober,BYMSY,Bayam,2,0,0,0,0,2,0.0,0,0,0.0,0,0.0,0,10,1,False,2025-10-01,23.9,297.6,250.0,-0.8660254037844386,0.5000000000000001,14000.0,4666.666666666667,3,0.0,0.0,0.0,1.0,0.0,0.0,0.0,0.0,0.0,0.0,0.0,0.0,0.0,0.0,0.0,0.0,0.0,0.0,0.0,0.0,0.0,0.0,0.0,0.0,0.0,0.0,test
888,2025,November,BYMSY,Bayam,2,0,0,0,0,2,0.0,0,0,0.0,0,0.0,0,11,1,False,2025-11-01,23.5,393.0,250.0,-0.5000000000000004,0.8660254037844384,0.0,4666.666666666667,3,0.0,0.0,0.0,1.0,0.0,0.0,0.0,0.0,0.0,0.0,0.0,0.0,0.0,0.0,0.0,0.0,0.0,0.0,0.0,0.0,0.0,0.0,0.0,0.0,0.0,0.0,test
914,2025,Desember,BYMSY,Bayam,2,0,0,0,0,2,0.0,0,0,0.0,0,0.0,0,12,1,False,2025-12-01,23.2,384.4,250.0,-2.4492935982947064e-16,1.0,0.0,4666.666666666667,3,0.0,0.0,0.0,1.0,0.0,0.0,0.0,0.0,0.0,0.0,0.0,0.0,0.0,0.0,0.0,0.0,0.0,0.0,0.0,0.0,0.0,0.0,0.0,0.0,0.0,0.0,test
940,2026,Januari,BYMSY,Bayam,2,1,1,0,5,6,10.0,10,4000,1000.0,1000,2000.0,2,1,0,False,2026-01-01,22.2,282.1,250.0,0.49999999999999994,0.8660254037844387,0.0,0.0,3,0.0,0.0,0.0,1.0,0.0,0.0,0.0,0.0,0.0,0.0,0.0,0.0,0.0,0.0,0.0,0.0,0.0,0.0,0.0,0.0,0.0,0.0,0.0,0.0,0.0,0.0,test
968,2026,Februari,BYMSY,Bayam,6,2,0,0,1,5,200.0,0,5000,20000.0,0,20000.0,2,2,0,False,2026-02-01,22.5,306.3,250.0,0.8660254037844386,0.5000000000000001,2000.0,666.6666666666666,3,0.0,0.0,0.0,1.0,0.0,0.0,0.0,0.0,0.0,0.0,0.0,0.0,0.0,0.0,0.0,0.0,0.0,0.0,0.0,0.0,0.0,0.0,0.0,0.0,0.0,0.0,test
996,2026,Maret,BYMSY,Bayam,5,2,3,0,1,4,200.0,300,5000,20000.0,30000,50000.0,5,3,0,False,2026-03-01,23.0,315.8,250.0,1.0,6.123233995736766e-17,20000.0,7333.333333333333,3,0.0,0.0,0.0,1.0,0.0,0.0,0.0,0.0,0.0,0.0,0.0,0.0,0.0,0.0,0.0,0.0,0.0,0.0,0.0,0.0,0.0,0.0,0.0,0.0,0.0,0.0,test
83,2023,April,BCS,Buncis,10,6,4,0,6,10,480.0,320,30000,48000.0,32000,80000.0,10,4,0,False,2023-04-01,23.3,309.0,400.0,0.8660254037844387,-0.49999999999999983,96000.0,85333.33333333333,4,0.0,0.0,0.0,0.0,1.0,0.0,0.0,0.0,0.0,0.0,0.0,0.0,0.0,0.0,0.0,0.0,0.0,0.0,0.0,0.0,0.0,0.0,0.0,0.0,0.0,0.0,train
109,2023,Mei,BCS,Buncis,10,4,6,0,4,10,320.0,480,3000,32000.0,48000,80000.0,10,5,0,False,2023-05-01,23.6,285.2,400.0,0.49999999999999994,-0.8660254037844387,80000.0,88000.0,4,0.0,0.0,0.0,0.0,1.0,0.0,0.0,0.0,0.0,0.0,0.0,0.0,0.0,0.0,0.0,0.0,0.0,0.0,0.0,0.0,0.0,0.0,0.0,0.0,0.0,0.0,train
135,2023,Juni,BCS,Buncis,10,2,8,0,2,10,100.0,400,15000,10000.0,40000,50000.0,10,6,0,False,2023-06-01,23.3,300.0,400.0,1.2246467991473532e-16,-1.0,80000.0,85333.33333333333,4,0.0,0.0,0.0,0.0,1.0,0.0,0.0,0.0,0.0,0.0,0.0,0.0,0.0,0.0,0.0,0.0,0.0,0.0,0.0,0.0,0.0,0.0,0.0,0.0,0.0,0.0,train
161,2023,Juli,BCS,Buncis,10,2,0,0,2,10,120.0,0,17500,12000.0,0,12000.0,2,7,0,False,2023-07-01,23.0,120.9,400.0,-0.4999999999999998,-0.8660254037844388,50000.0,70000.0,4,0.0,0.0,0.0,0.0,1.0,0.0,0.0,0.0,0.0,0.0,0.0,0.0,0.0,0.0,0.0,0.0,0.0,0.0,0.0,0.0,0.0,0.0,0.0,0.0,0.0,0.0,train
187,2023,Agustus,BCS,Buncis,10,2,0,0,2,10,75.0,0,10000,7500.0,0,7500.0,2,8,0,False,2023-08-01,23.9,114.7,400.0,-0.8660254037844384,-0.5000000000000004,12000.0,47333.333333333336,4,0.0,0.0,0.0,0.0,1.0,0.0,0.0,0.0,0.0,0.0,0.0,0.0,0.0,0.0,0.0,0.0,0.0,0.0,0.0,0.0,0.0,0.0,0.0,0.0,0.0,0.0,train
213,2023,September,BCS,Buncis,10,4,0,0,4,10,280.0,0,4000,28000.0,0,28000.0,4,9,0,False,2023-09-01,24.8,177.0,400.0,-1.0,-1.8369701987210297e-16,7500.0,23166.666666666668,4,0.0,0.0,0.0,0.0,1.0,0.0,0.0,0.0,0.0,0.0,0.0,0.0,0.0,0.0,0.0,0.0,0.0,0.0,0.0,0.0,0.0,0.0,0.0,0.0,0.0,0.0,train
239,2023,Oktober,BCS,Buncis,10,3,0,0,3,10,210.0,0,5000,21000.0,0,21000.0,3,10,0,False,2023-10-01,25.6,297.6,400.0,-0.8660254037844386,0.5000000000000001,28000.0,15833.333333333334,4,0.0,0.0,0.0,0.0,1.0,0.0,0.0,0.0,0.0,0.0,0.0,0.0,0.0,0.0,0.0,0.0,0.0,0.0,0.0,0.0,0.0,0.0,0.0,0.0,0.0,0.0,train
265,2023,November,BCS,Buncis,10,5,5,0,5,10,375.0,375,6000,37500.0,37500,75000.0,10,11,0,False,2023-11-01,24.1,393.0,400.0,-0.5000000000000004,0.8660254037844384,21000.0,18833.333333333332,4,0.0,0.0,0.0,0.0,1.0,0.0,0.0,0.0,0.0,0.0,0.0,0.0,0.0,0.0,0.0,0.0,0.0,0.0,0.0,0.0,0.0,0.0,0.0,0.0,0.0,0.0,train
291,2023,Desember,BCS,Buncis,10,0,0,0,0,10,0.0,0,15954,0.0,0,0.0,0,12,1,False,2023-12-01,23.9,384.4,400.0,-2.4492935982947064e-16,1.0,75000.0,41333.333333333336,4,0.0,0.0,0.0,0.0,1.0,0.0,0.0,0.0,0.0,0.0,0.0,0.0,0.0,0.0,0.0,0.0,0.0,0.0,0.0,0.0,0.0,0.0,0.0,0.0,0.0,0.0,train
317,2024,Januari,BCS,Buncis,10,4,6,0,7,13,400.0,60,6000,40000.0,6000,46000.0,10,1,0,False,2024-01-01,23.4,282.1,400.0,0.49999999999999994,0.8660254037844387,0.0,32000.0,4,0.0,0.0,0.0,0.0,1.0,0.0,0.0,0.0,0.0,0.0,0.0,0.0,0.0,0.0,0.0,0.0,0.0,0.0,0.0,0.0,0.0,0.0,0.0,0.0,0.0,0.0,train
343,2024,Februari,BCS,Buncis,13,4,0,0,5,14,400.0,0,6000,40000.0,0,40000.0,4,2,0,False,2024-02-01,23.5,316.1,400.0,0.8660254037844386,0.5000000000000001,46000.0,40333.333333333336,4,0.0,0.0,0.0,0.0,1.0,0.0,0.0,0.0,0.0,0.0,0.0,0.0,0.0,0.0,0.0,0.0,0.0,0.0,0.0,0.0,0.0,0.0,0.0,0.0,0.0,0.0,train
369,2024,Maret,BCS,Buncis,14,4,10,0,2,12,400.0,1000,6000,40000.0,100000,140000.0,14,3,0,False,2024-03-01,23.4,316.2,400.0,1.0,6.123233995736766e-17,40000.0,28666.666666666668,4,0.0,0.0,0.0,0.0,1.0,0.0,0.0,0.0,0.0,0.0,0.0,0.0,0.0,0.0,0.0,0.0,0.0,0.0,0.0,0.0,0.0,0.0,0.0,0.0,0.0,0.0,train
395,2024,April,BCS,Buncis,11,1,10,0,5,7,1459.0,436,6000,145900.0,43600,189500.0,11,4,0,True,2024-04-01,24.0,309.0,400.0,0.8660254037844387,-0.49999999999999983,140000.0,75333.33333333333,4,0.0,0.0,0.0,0.0,1.0,0.0,0.0,0.0,0.0,0.0,0.0,0.0,0.0,0.0,0.0,0.0,0.0,0.0,0.0,0.0,0.0,0.0,0.0,0.0,0.0,0.0,train
421,2024,Mei,BCS,Buncis,6,6,11,0,1,7,1217.0,158,6000,121700.0,15800,137500.0,17,5,0,False,2024-05-01,24.2,285.2,400.0,0.49999999999999994,-0.8660254037844387,189500.0,123166.66666666667,4,0.0,0.0,0.0,0.0,1.0,0.0,0.0,0.0,0.0,0.0,0.0,0.0,0.0,0.0,0.0,0.0,0.0,0.0,0.0,0.0,0.0,0.0,0.0,0.0,0.0,0.0,train
447,2024,Juni,BCS,Buncis,5,8,12,0,6,1,229.0,56,6000,22900.0,5600,28500.0,20,6,0,False,2024-06-01,23.3,300.0,400.0,1.2246467991473532e-16,-1.0,137500.0,155666.66666666666,4,0.0,0.0,0.0,0.0,1.0,0.0,0.0,0.0,0.0,0.0,0.0,0.0,0.0,0.0,0.0,0.0,0.0,0.0,0.0,0.0,0.0,0.0,0.0,0.0,0.0,0.0,train
473,2024,Juli,BCS,Buncis,0,0,0,0,0,0,0.0,0,6000,0.0,0,0.0,0,7,1,False,2024-07-01,22.9,120.9,400.0,-0.4999999999999998,-0.8660254037844388,28500.0,118500.0,4,0.0,0.0,0.0,0.0,1.0,0.0,0.0,0.0,0.0,0.0,0.0,0.0,0.0,0.0,0.0,0.0,0.0,0.0,0.0,0.0,0.0,0.0,0.0,0.0,0.0,0.0,train
499,2024,Agustus,BCS,Buncis,15,7,14,0,3,2,782.0,456,6000,78200.0,45600,123800.0,21,8,0,False,2024-08-01,23.8,114.7,400.0,-0.8660254037844384,-0.5000000000000004,0.0,55333.333333333336,4,0.0,0.0,0.0,0.0,1.0,0.0,0.0,0.0,0.0,0.0,0.0,0.0,0.0,0.0,0.0,0.0,0.0,0.0,0.0,0.0,0.0,0.0,0.0,0.0,0.0,0.0,train
525,2024,September,BCS,Buncis,16,1,10,0,4,10,82.0,1369,6000,8200.0,136900,145100.0,11,9,0,False,2024-09-01,23.8,177.0,400.0,-1.0,-1.8369701987210297e-16,123800.0,50766.666666666664,4,0.0,0.0,0.0,0.0,1.0,0.0,0.0,0.0,0.0,0.0,0.0,0.0,0.0,0.0,0.0,0.0,0.0,0.0,0.0,0.0,0.0,0.0,0.0,0.0,0.0,0.0,train
551,2024,Oktober,BCS,Buncis,5,5,2,0,16,19,593.0,82,6000,59300.0,8200,67500.0,7,10,0,False,2024-10-01,24.3,297.6,400.0,-0.8660254037844386,0.5000000000000001,145100.0,89633.33333333333,4,0.0,0.0,0.0,0.0,1.0,0.0,0.0,0.0,0.0,0.0,0.0,0.0,0.0,0.0,0.0,0.0,0.0,0.0,0.0,0.0,0.0,0.0,0.0,0.0,0.0,0.0,train
577,2024,November,BCS,Buncis,15,3,12,0,5,9,224.0,421,6000,22400.0,42100,64500.0,15,11,0,False,2024-11-01,23.4,393.0,400.0,-0.5000000000000004,0.8660254037844384,67500.0,112133.33333333333,4,0.0,0.0,0.0,0.0,1.0,0.0,0.0,0.0,0.0,0.0,0.0,0.0,0.0,0.0,0.0,0.0,0.0,0.0,0.0,0.0,0.0,0.0,0.0,0.0,0.0,0.0,train
603,2024,Desember,BCS,Buncis,13,3,5,0,11,9,348.0,243,6000,34800.0,24300,59100.0,8,12,0,False,2024-12-01,23.2,384.4,400.0,-2.4492935982947064e-16,1.0,64500.0,92366.66666666667,4,0.0,0.0,0.0,0.0,1.0,0.0,0.0,0.0,0.0,0.0,0.0,0.0,0.0,0.0,0.0,0.0,0.0,0.0,0.0,0.0,0.0,0.0,0.0,0.0,0.0,0.0,train
629,2025,Januari,BCS,Buncis,9,1,8,0,3,11,80.0,640,25000,8000.0,64000,72000.0,9,1,0,False,2025-01-01,22.8,282.1,400.0,0.49999999999999994,0.8660254037844387,59100.0,63700.0,4,0.0,0.0,0.0,0.0,1.0,0.0,0.0,0.0,0.0,0.0,0.0,0.0,0.0,0.0,0.0,0.0,0.0,0.0,0.0,0.0,0.0,0.0,0.0,0.0,0.0,0.0,train
655,2025,Februari,BCS,Buncis,11,5,6,0,6,12,400.0,480,30000,40000.0,48000,88000.0,11,2,0,False,2025-02-01,22.7,305.2,400.0,0.8660254037844386,0.5000000000000001,72000.0,65200.0,4,0.0,0.0,0.0,0.0,1.0,0.0,0.0,0.0,0.0,0.0,0.0,0.0,0.0,0.0,0.0,0.0,0.0,0.0,0.0,0.0,0.0,0.0,0.0,0.0,0.0,0.0,train
681,2025,Maret,BCS,Buncis,12,4,8,0,2,10,320.0,640,30000,32000.0,64000,96000.0,12,3,0,False,2025-03-01,23.2,316.2,400.0,1.0,6.123233995736766e-17,88000.0,73033.33333333333,4,0.0,0.0,0.0,0.0,1.0,0.0,0.0,0.0,0.0,0.0,0.0,0.0,0.0,0.0,0.0,0.0,0.0,0.0,0.0,0.0,0.0,0.0,0.0,0.0,0.0,0.0,train
707,2025,April,BCS,Buncis,10,6,4,0,6,10,480.0,320,30000,48000.0,32000,80000.0,10,4,0,False,2025-04-01,23.1,309.0,400.0,0.8660254037844387,-0.49999999999999983,96000.0,85333.33333333333,4,0.0,0.0,0.0,0.0,1.0,0.0,0.0,0.0,0.0,0.0,0.0,0.0,0.0,0.0,0.0,0.0,0.0,0.0,0.0,0.0,0.0,0.0,0.0,0.0,0.0,0.0,train
733,2025,Mei,BCS,Buncis,10,4,6,0,4,10,320.0,480,3000,32000.0,48000,80000.0,10,5,0,False,2025-05-01,23.4,285.2,400.0,0.49999999999999994,-0.8660254037844387,80000.0,88000.0,4,0.0,0.0,0.0,0.0,1.0,0.0,0.0,0.0,0.0,0.0,0.0,0.0,0.0,0.0,0.0,0.0,0.0,0.0,0.0,0.0,0.0,0.0,0.0,0.0,0.0,0.0,val
759,2025,Juni,BCS,Buncis,10,2,8,0,2,10,100.0,400,15000,10000.0,40000,50000.0,10,6,0,False,2025-06-01,22.9,300.0,400.0,1.2246467991473532e-16,-1.0,80000.0,85333.33333333333,4,0.0,0.0,0.0,0.0,1.0,0.0,0.0,0.0,0.0,0.0,0.0,0.0,0.0,0.0,0.0,0.0,0.0,0.0,0.0,0.0,0.0,0.0,0.0,0.0,0.0,0.0,val
785,2025,Juli,BCS,Buncis,10,2,0,0,2,10,120.0,0,17500,12000.0,0,12000.0,2,7,0,False,2025-07-01,22.9,120.9,400.0,-0.4999999999999998,-0.8660254037844388,50000.0,70000.0,4,0.0,0.0,0.0,0.0,1.0,0.0,0.0,0.0,0.0,0.0,0.0,0.0,0.0,0.0,0.0,0.0,0.0,0.0,0.0,0.0,0.0,0.0,0.0,0.0,0.0,0.0,val
811,2025,Agustus,BCS,Buncis,10,2,0,0,2,10,75.0,0,10000,7500.0,0,7500.0,2,8,0,False,2025-08-01,22.9,114.7,400.0,-0.8660254037844384,-0.5000000000000004,12000.0,47333.333333333336,4,0.0,0.0,0.0,0.0,1.0,0.0,0.0,0.0,0.0,0.0,0.0,0.0,0.0,0.0,0.0,0.0,0.0,0.0,0.0,0.0,0.0,0.0,0.0,0.0,0.0,0.0,val
837,2025,September,BCS,Buncis,10,4,0,0,4,10,280.0,0,4000,28000.0,0,28000.0,4,9,0,False,2025-09-01,23.5,177.0,400.0,-1.0,-1.8369701987210297e-16,7500.0,23166.666666666668,4,0.0,0.0,0.0,0.0,1.0,0.0,0.0,0.0,0.0,0.0,0.0,0.0,0.0,0.0,0.0,0.0,0.0,0.0,0.0,0.0,0.0,0.0,0.0,0.0,0.0,0.0,val
863,2025,Oktober,BCS,Buncis,10,3,0,0,3,10,210.0,0,5000,21000.0,0,21000.0,3,10,0,False,2025-10-01,23.9,297.6,400.0,-0.8660254037844386,0.5000000000000001,28000.0,15833.333333333334,4,0.0,0.0,0.0,0.0,1.0,0.0,0.0,0.0,0.0,0.0,0.0,0.0,0.0,0.0,0.0,0.0,0.0,0.0,0.0,0.0,0.0,0.0,0.0,0.0,0.0,0.0,test
889,2025,November,BCS,Buncis,10,5,5,0,5,10,375.0,375,6000,37500.0,37500,75000.0,10,11,0,False,2025-11-01,23.5,393.0,400.0,-0.5000000000000004,0.8660254037844384,21000.0,18833.333333333332,4,0.0,0.0,0.0,0.0,1.0,0.0,0.0,0.0,0.0,0.0,0.0,0.0,0.0,0.0,0.0,0.0,0.0,0.0,0.0,0.0,0.0,0.0,0.0,0.0,0.0,0.0,test
915,2025,Desember,BCS,Buncis,10,0,0,0,0,10,0.0,0,0,0.0,0,0.0,0,12,1,False,2025-12-01,23.2,384.4,400.0,-2.4492935982947064e-16,1.0,75000.0,41333.333333333336,4,0.0,0.0,0.0,0.0,1.0,0.0,0.0,0.0,0.0,0.0,0.0,0.0,0.0,0.0,0.0,0.0,0.0,0.0,0.0,0.0,0.0,0.0,0.0,0.0,0.0,0.0,test
941,2026,Januari,BCS,Buncis,10,4,6,0,7,13,400.0,60,6000,40000.0,6000,46000.0,10,1,0,False,2026-01-01,22.2,282.1,400.0,0.49999999999999994,0.8660254037844387,0.0,32000.0,4,0.0,0.0,0.0,0.0,1.0,0.0,0.0,0.0,0.0,0.0,0.0,0.0,0.0,0.0,0.0,0.0,0.0,0.0,0.0,0.0,0.0,0.0,0.0,0.0,0.0,0.0,test
969,2026,Februari,BCS,Buncis,13,4,0,0,5,14,400.0,0,6000,40000.0,0,40000.0,4,2,0,False,2026-02-01,22.5,306.3,400.0,0.8660254037844386,0.5000000000000001,46000.0,40333.333333333336,4,0.0,0.0,0.0,0.0,1.0,0.0,0.0,0.0,0.0,0.0,0.0,0.0,0.0,0.0,0.0,0.0,0.0,0.0,0.0,0.0,0.0,0.0,0.0,0.0,0.0,0.0,test
997,2026,Maret,BCS,Buncis,14,4,10,0,2,12,400.0,1000,6000,40000.0,100000,140000.0,14,3,0,False,2026-03-01,23.0,315.8,400.0,1.0,6.123233995736766e-17,40000.0,28666.666666666668,4,0.0,0.0,0.0,0.0,1.0,0.0,0.0,0.0,0.0,0.0,0.0,0.0,0.0,0.0,0.0,0.0,0.0,0.0,0.0,0.0,0.0,0.0,0.0,0.0,0.0,0.0,test
84,2023,April,CBBTW,Cabai Besar,13,2,11,0,2,13,190.0,1045,19000,19000.0,104500,123500.0,13,4,0,False,2023-04-01,23.3,309.0,400.0,0.8660254037844387,-0.49999999999999983,133000.0,104500.0,5,0.0,0.0,0.0,0.0,0.0,1.0,0.0,0.0,0.0,0.0,0.0,0.0,0.0,0.0,0.0,0.0,0.0,0.0,0.0,0.0,0.0,0.0,0.0,0.0,0.0,0.0,train
110,2023,Mei,CBBTW,Cabai Besar,13,1,12,0,1,13,95.0,1140,19000,9500.0,114000,123500.0,13,5,0,False,2023-05-01,23.6,285.2,400.0,0.49999999999999994,-0.8660254037844387,123500.0,117166.66666666667,5,0.0,0.0,0.0,0.0,0.0,1.0,0.0,0.0,0.0,0.0,0.0,0.0,0.0,0.0,0.0,0.0,0.0,0.0,0.0,0.0,0.0,0.0,0.0,0.0,0.0,0.0,train
136,2023,Juni,CBBTW,Cabai Besar,13,2,11,0,1,12,190.0,990,20000,19000.0,99000,118000.0,13,6,0,False,2023-06-01,23.3,300.0,400.0,1.2246467991473532e-16,-1.0,123500.0,126666.66666666667,5,0.0,0.0,0.0,0.0,0.0,1.0,0.0,0.0,0.0,0.0,0.0,0.0,0.0,0.0,0.0,0.0,0.0,0.0,0.0,0.0,0.0,0.0,0.0,0.0,0.0,0.0,train
162,2023,Juli,CBBTW,Cabai Besar,12,2,0,0,2,12,180.0,0,28000,18000.0,0,18000.0,2,7,0,False,2023-07-01,23.0,120.9,400.0,-0.4999999999999998,-0.8660254037844388,118000.0,121666.66666666667,5,0.0,0.0,0.0,0.0,0.0,1.0,0.0,0.0,0.0,0.0,0.0,0.0,0.0,0.0,0.0,0.0,0.0,0.0,0.0,0.0,0.0,0.0,0.0,0.0,0.0,0.0,train
188,2023,Agustus,CBBTW,Cabai Besar,12,2,0,0,2,12,180.0,0,30000,18000.0,0,18000.0,2,8,0,False,2023-08-01,23.9,114.7,400.0,-0.8660254037844384,-0.5000000000000004,18000.0,86500.0,5,0.0,0.0,0.0,0.0,0.0,1.0,0.0,0.0,0.0,0.0,0.0,0.0,0.0,0.0,0.0,0.0,0.0,0.0,0.0,0.0,0.0,0.0,0.0,0.0,0.0,0.0,train
214,2023,September,CBBTW,Cabai Besar,12,4,0,0,4,12,360.0,0,35000,36000.0,0,36000.0,4,9,0,False,2023-09-01,24.8,177.0,400.0,-1.0,-1.8369701987210297e-16,18000.0,51333.333333333336,5,0.0,0.0,0.0,0.0,0.0,1.0,0.0,0.0,0.0,0.0,0.0,0.0,0.0,0.0,0.0,0.0,0.0,0.0,0.0,0.0,0.0,0.0,0.0,0.0,0.0,0.0,train
240,2023,Oktober,CBBTW,Cabai Besar,12,2,0,0,2,12,180.0,0,35000,18000.0,0,18000.0,2,10,0,False,2023-10-01,25.6,297.6,400.0,-0.8660254037844386,0.5000000000000001,36000.0,24000.0,5,0.0,0.0,0.0,0.0,0.0,1.0,0.0,0.0,0.0,0.0,0.0,0.0,0.0,0.0,0.0,0.0,0.0,0.0,0.0,0.0,0.0,0.0,0.0,0.0,0.0,0.0,train
266,2023,November,CBBTW,Cabai Besar,12,7,5,0,7,12,665.0,475,40000,66500.0,47500,114000.0,12,11,0,False,2023-11-01,24.1,393.0,400.0,-0.5000000000000004,0.8660254037844384,18000.0,24000.0,5,0.0,0.0,0.0,0.0,0.0,1.0,0.0,0.0,0.0,0.0,0.0,0.0,0.0,0.0,0.0,0.0,0.0,0.0,0.0,0.0,0.0,0.0,0.0,0.0,0.0,0.0,train
292,2023,Desember,CBBTW,Cabai Besar,12,5,0,0,5,12,475.0,0,40000,47500.0,0,47500.0,5,12,0,False,2023-12-01,23.9,384.4,400.0,-2.4492935982947064e-16,1.0,114000.0,56000.0,5,0.0,0.0,0.0,0.0,0.0,1.0,0.0,0.0,0.0,0.0,0.0,0.0,0.0,0.0,0.0,0.0,0.0,0.0,0.0,0.0,0.0,0.0,0.0,0.0,0.0,0.0,train
318,2024,Januari,CBBTW,Cabai Besar,12,5,7,0,3,10,500.0,700,20000,50000.0,70000,120000.0,12,1,0,False,2024-01-01,23.4,282.1,400.0,0.49999999999999994,0.8660254037844387,47500.0,59833.333333333336,5,0.0,0.0,0.0,0.0,0.0,1.0,0.0,0.0,0.0,0.0,0.0,0.0,0.0,0.0,0.0,0.0,0.0,0.0,0.0,0.0,0.0,0.0,0.0,0.0,0.0,0.0,train
344,2024,Februari,CBBTW,Cabai Besar,10,3,0,0,2,9,300.0,0,25000,30000.0,0,30000.0,3,2,0,False,2024-02-01,23.5,316.1,400.0,0.8660254037844386,0.5000000000000001,120000.0,93833.33333333333,5,0.0,0.0,0.0,0.0,0.0,1.0,0.0,0.0,0.0,0.0,0.0,0.0,0.0,0.0,0.0,0.0,0.0,0.0,0.0,0.0,0.0,0.0,0.0,0.0,0.0,0.0,train
370,2024,Maret,CBBTW,Cabai Besar,9,3,6,0,2,8,300.0,600,40000,30000.0,60000,90000.0,9,3,0,False,2024-03-01,23.4,316.2,400.0,1.0,6.123233995736766e-17,30000.0,65833.33333333333,5,0.0,0.0,0.0,0.0,0.0,1.0,0.0,0.0,0.0,0.0,0.0,0.0,0.0,0.0,0.0,0.0,0.0,0.0,0.0,0.0,0.0,0.0,0.0,0.0,0.0,0.0,train
396,2024,April,CBBTW,Cabai Besar,0,0,0,0,0,0,0.0,0,28333,0.0,0,0.0,0,4,1,False,2024-04-01,24.0,309.0,400.0,0.8660254037844387,-0.49999999999999983,90000.0,80000.0,5,0.0,0.0,0.0,0.0,0.0,1.0,0.0,0.0,0.0,0.0,0.0,0.0,0.0,0.0,0.0,0.0,0.0,0.0,0.0,0.0,0.0,0.0,0.0,0.0,0.0,0.0,train
422,2024,Mei,CBBTW,Cabai Besar,0,0,0,0,0,0,0.0,0,28333,0.0,0,0.0,0,5,1,False,2024-05-01,24.2,285.2,400.0,0.49999999999999994,-0.8660254037844387,0.0,40000.0,5,0.0,0.0,0.0,0.0,0.0,1.0,0.0,0.0,0.0,0.0,0.0,0.0,0.0,0.0,0.0,0.0,0.0,0.0,0.0,0.0,0.0,0.0,0.0,0.0,0.0,0.0,train
448,2024,Juni,CBBTW,Cabai Besar,0,0,0,0,0,0,0.0,0,28333,0.0,0,0.0,0,6,1,False,2024-06-01,23.3,300.0,400.0,1.2246467991473532e-16,-1.0,0.0,30000.0,5,0.0,0.0,0.0,0.0,0.0,1.0,0.0,0.0,0.0,0.0,0.0,0.0,0.0,0.0,0.0,0.0,0.0,0.0,0.0,0.0,0.0,0.0,0.0,0.0,0.0,0.0,train
474,2024,Juli,CBBTW,Cabai Besar,0,0,0,0,0,0,0.0,0,28333,0.0,0,0.0,0,7,1,False,2024-07-01,22.9,120.9,400.0,-0.4999999999999998,-0.8660254037844388,0.0,0.0,5,0.0,0.0,0.0,0.0,0.0,1.0,0.0,0.0,0.0,0.0,0.0,0.0,0.0,0.0,0.0,0.0,0.0,0.0,0.0,0.0,0.0,0.0,0.0,0.0,0.0,0.0,train
500,2024,Agustus,CBBTW,Cabai Besar,0,0,0,0,0,0,0.0,0,28333,0.0,0,0.0,0,8,1,False,2024-08-01,23.8,114.7,400.0,-0.8660254037844384,-0.5000000000000004,0.0,0.0,5,0.0,0.0,0.0,0.0,0.0,1.0,0.0,0.0,0.0,0.0,0.0,0.0,0.0,0.0,0.0,0.0,0.0,0.0,0.0,0.0,0.0,0.0,0.0,0.0,0.0,0.0,train
526,2024,September,CBBTW,Cabai Besar,0,0,0,0,0,0,0.0,0,28333,0.0,0,0.0,0,9,1,False,2024-09-01,23.8,177.0,400.0,-1.0,-1.8369701987210297e-16,0.0,0.0,5,0.0,0.0,0.0,0.0,0.0,1.0,0.0,0.0,0.0,0.0,0.0,0.0,0.0,0.0,0.0,0.0,0.0,0.0,0.0,0.0,0.0,0.0,0.0,0.0,0.0,0.0,train
552,2024,Oktober,CBBTW,Cabai Besar,0,0,0,0,0,0,0.0,0,28333,0.0,0,0.0,0,10,1,False,2024-10-01,24.3,297.6,400.0,-0.8660254037844386,0.5000000000000001,0.0,0.0,5,0.0,0.0,0.0,0.0,0.0,1.0,0.0,0.0,0.0,0.0,0.0,0.0,0.0,0.0,0.0,0.0,0.0,0.0,0.0,0.0,0.0,0.0,0.0,0.0,0.0,0.0,train
578,2024,November,CBBTW,Cabai Besar,0,0,0,0,0,0,0.0,0,28333,0.0,0,0.0,0,11,1,False,2024-11-01,23.4,393.0,400.0,-0.5000000000000004,0.8660254037844384,0.0,0.0,5,0.0,0.0,0.0,0.0,0.0,1.0,0.0,0.0,0.0,0.0,0.0,0.0,0.0,0.0,0.0,0.0,0.0,0.0,0.0,0.0,0.0,0.0,0.0,0.0,0.0,0.0,train
604,2024,Desember,CBBTW,Cabai Besar,0,0,0,0,0,0,0.0,0,28333,0.0,0,0.0,0,12,1,False,2024-12-01,23.2,384.4,400.0,-2.4492935982947064e-16,1.0,0.0,0.0,5,0.0,0.0,0.0,0.0,0.0,1.0,0.0,0.0,0.0,0.0,0.0,0.0,0.0,0.0,0.0,0.0,0.0,0.0,0.0,0.0,0.0,0.0,0.0,0.0,0.0,0.0,train
630,2025,Januari,CBBTW,Cabai Besar,9,0,9,0,1,10,0.0,855,25000,0.0,85500,85500.0,9,1,0,False,2025-01-01,22.8,282.1,400.0,0.49999999999999994,0.8660254037844387,0.0,0.0,5,0.0,0.0,0.0,0.0,0.0,1.0,0.0,0.0,0.0,0.0,0.0,0.0,0.0,0.0,0.0,0.0,0.0,0.0,0.0,0.0,0.0,0.0,0.0,0.0,0.0,0.0,train
656,2025,Februari,CBBTW,Cabai Besar,10,2,8,0,6,14,190.0,760,19000,19000.0,76000,95000.0,10,2,0,False,2025-02-01,22.7,305.2,400.0,0.8660254037844386,0.5000000000000001,85500.0,28500.0,5,0.0,0.0,0.0,0.0,0.0,1.0,0.0,0.0,0.0,0.0,0.0,0.0,0.0,0.0,0.0,0.0,0.0,0.0,0.0,0.0,0.0,0.0,0.0,0.0,0.0,0.0,train
682,2025,Maret,CBBTW,Cabai Besar,14,2,12,0,1,13,190.0,1140,19000,19000.0,114000,133000.0,14,3,0,False,2025-03-01,23.2,316.2,400.0,1.0,6.123233995736766e-17,95000.0,60166.666666666664,5,0.0,0.0,0.0,0.0,0.0,1.0,0.0,0.0,0.0,0.0,0.0,0.0,0.0,0.0,0.0,0.0,0.0,0.0,0.0,0.0,0.0,0.0,0.0,0.0,0.0,0.0,train
708,2025,April,CBBTW,Cabai Besar,13,2,11,0,2,13,190.0,1045,19000,19000.0,104500,123500.0,13,4,0,False,2025-04-01,23.1,309.0,400.0,0.8660254037844387,-0.49999999999999983,133000.0,104500.0,5,0.0,0.0,0.0,0.0,0.0,1.0,0.0,0.0,0.0,0.0,0.0,0.0,0.0,0.0,0.0,0.0,0.0,0.0,0.0,0.0,0.0,0.0,0.0,0.0,0.0,0.0,train
734,2025,Mei,CBBTW,Cabai Besar,13,1,12,0,1,13,95.0,1140,19000,9500.0,114000,123500.0,13,5,0,False,2025-05-01,23.4,285.2,400.0,0.49999999999999994,-0.8660254037844387,123500.0,117166.66666666667,5,0.0,0.0,0.0,0.0,0.0,1.0,0.0,0.0,0.0,0.0,0.0,0.0,0.0,0.0,0.0,0.0,0.0,0.0,0.0,0.0,0.0,0.0,0.0,0.0,0.0,0.0,val
760,2025,Juni,CBBTW,Cabai Besar,13,2,11,0,1,12,190.0,990,20000,19000.0,99000,118000.0,13,6,0,False,2025-06-01,22.9,300.0,400.0,1.2246467991473532e-16,-1.0,123500.0,126666.66666666667,5,0.0,0.0,0.0,0.0,0.0,1.0,0.0,0.0,0.0,0.0,0.0,0.0,0.0,0.0,0.0,0.0,0.0,0.0,0.0,0.0,0.0,0.0,0.0,0.0,0.0,0.0,val
786,2025,Juli,CBBTW,Cabai Besar,12,2,0,0,2,12,180.0,0,28000,18000.0,0,18000.0,2,7,0,False,2025-07-01,22.9,120.9,400.0,-0.4999999999999998,-0.8660254037844388,118000.0,121666.66666666667,5,0.0,0.0,0.0,0.0,0.0,1.0,0.0,0.0,0.0,0.0,0.0,0.0,0.0,0.0,0.0,0.0,0.0,0.0,0.0,0.0,0.0,0.0,0.0,0.0,0.0,0.0,val
812,2025,Agustus,CBBTW,Cabai Besar,12,2,0,0,2,12,180.0,0,30000,18000.0,0,18000.0,2,8,0,False,2025-08-01,22.9,114.7,400.0,-0.8660254037844384,-0.5000000000000004,18000.0,86500.0,5,0.0,0.0,0.0,0.0,0.0,1.0,0.0,0.0,0.0,0.0,0.0,0.0,0.0,0.0,0.0,0.0,0.0,0.0,0.0,0.0,0.0,0.0,0.0,0.0,0.0,0.0,val
838,2025,September,CBBTW,Cabai Besar,12,4,0,0,4,12,360.0,0,35000,36000.0,0,36000.0,4,9,0,False,2025-09-01,23.5,177.0,400.0,-1.0,-1.8369701987210297e-16,18000.0,51333.333333333336,5,0.0,0.0,0.0,0.0,0.0,1.0,0.0,0.0,0.0,0.0,0.0,0.0,0.0,0.0,0.0,0.0,0.0,0.0,0.0,0.0,0.0,0.0,0.0,0.0,0.0,0.0,val
864,2025,Oktober,CBBTW,Cabai Besar,12,2,0,0,2,12,180.0,0,35000,18000.0,0,18000.0,2,10,0,False,2025-10-01,23.9,297.6,400.0,-0.8660254037844386,0.5000000000000001,36000.0,24000.0,5,0.0,0.0,0.0,0.0,0.0,1.0,0.0,0.0,0.0,0.0,0.0,0.0,0.0,0.0,0.0,0.0,0.0,0.0,0.0,0.0,0.0,0.0,0.0,0.0,0.0,0.0,test
890,2025,November,CBBTW,Cabai Besar,12,7,5,0,7,12,665.0,475,40000,66500.0,47500,114000.0,12,11,0,False,2025-11-01,23.5,393.0,400.0,-0.5000000000000004,0.8660254037844384,18000.0,24000.0,5,0.0,0.0,0.0,0.0,0.0,1.0,0.0,0.0,0.0,0.0,0.0,0.0,0.0,0.0,0.0,0.0,0.0,0.0,0.0,0.0,0.0,0.0,0.0,0.0,0.0,0.0,test
916,2025,Desember,CBBTW,Cabai Besar,12,5,0,0,5,12,475.0,0,40000,47500.0,0,47500.0,5,12,0,False,2025-12-01,23.2,384.4,400.0,-2.4492935982947064e-16,1.0,114000.0,56000.0,5,0.0,0.0,0.0,0.0,0.0,1.0,0.0,0.0,0.0,0.0,0.0,0.0,0.0,0.0,0.0,0.0,0.0,0.0,0.0,0.0,0.0,0.0,0.0,0.0,0.0,0.0,test
942,2026,Januari,CBBTW,Cabai Besar,12,5,7,0,3,10,500.0,700,20000,50000.0,70000,120000.0,12,1,0,False,2026-01-01,22.2,282.1,400.0,0.49999999999999994,0.8660254037844387,47500.0,59833.333333333336,5,0.0,0.0,0.0,0.0,0.0,1.0,0.0,0.0,0.0,0.0,0.0,0.0,0.0,0.0,0.0,0.0,0.0,0.0,0.0,0.0,0.0,0.0,0.0,0.0,0.0,0.0,test
970,2026,Februari,CBBTW,Cabai Besar,10,3,0,0,2,9,300.0,0,25000,30000.0,0,30000.0,3,2,0,False,2026-02-01,22.5,306.3,400.0,0.8660254037844386,0.5000000000000001,120000.0,93833.33333333333,5,0.0,0.0,0.0,0.0,0.0,1.0,0.0,0.0,0.0,0.0,0.0,0.0,0.0,0.0,0.0,0.0,0.0,0.0,0.0,0.0,0.0,0.0,0.0,0.0,0.0,0.0,test
998,2026,Maret,CBBTW,Cabai Besar,9,3,6,0,2,8,300.0,600,40000,30000.0,60000,90000.0,9,3,0,False,2026-03-01,23.0,315.8,400.0,1.0,6.123233995736766e-17,30000.0,65833.33333333333,5,0.0,0.0,0.0,0.0,0.0,1.0,0.0,0.0,0.0,0.0,0.0,0.0,0.0,0.0,0.0,0.0,0.0,0.0,0.0,0.0,0.0,0.0,0.0,0.0,0.0,0.0,test
85,2023,April,CBBKR,Cabai Keriting,11,2,9,0,2,11,190.0,855,32000,19000.0,85500,104500.0,11,4,0,False,2023-04-01,23.3,309.0,400.0,0.8660254037844387,-0.49999999999999983,104500.0,85500.0,6,0.0,0.0,0.0,0.0,0.0,0.0,1.0,0.0,0.0,0.0,0.0,0.0,0.0,0.0,0.0,0.0,0.0,0.0,0.0,0.0,0.0,0.0,0.0,0.0,0.0,0.0,train
111,2023,Mei,CBBKR,Cabai Keriting,11,2,9,0,2,11,190.0,855,32000,19000.0,85500,104500.0,11,5,0,False,2023-05-01,23.6,285.2,400.0,0.49999999999999994,-0.8660254037844387,104500.0,98166.66666666667,6,0.0,0.0,0.0,0.0,0.0,0.0,1.0,0.0,0.0,0.0,0.0,0.0,0.0,0.0,0.0,0.0,0.0,0.0,0.0,0.0,0.0,0.0,0.0,0.0,0.0,0.0,train
137,2023,Juni,CBBKR,Cabai Keriting,11,1,10,0,2,12,95.0,950,32000,9500.0,95000,104500.0,11,6,0,False,2023-06-01,23.3,300.0,400.0,1.2246467991473532e-16,-1.0,104500.0,104500.0,6,0.0,0.0,0.0,0.0,0.0,0.0,1.0,0.0,0.0,0.0,0.0,0.0,0.0,0.0,0.0,0.0,0.0,0.0,0.0,0.0,0.0,0.0,0.0,0.0,0.0,0.0,train
163,2023,Juli,CBBKR,Cabai Keriting,12,2,0,0,2,12,180.0,0,32000,18000.0,0,18000.0,2,7,0,False,2023-07-01,23.0,120.9,400.0,-0.4999999999999998,-0.8660254037844388,104500.0,104500.0,6,0.0,0.0,0.0,0.0,0.0,0.0,1.0,0.0,0.0,0.0,0.0,0.0,0.0,0.0,0.0,0.0,0.0,0.0,0.0,0.0,0.0,0.0,0.0,0.0,0.0,0.0,train
189,2023,Agustus,CBBKR,Cabai Keriting,12,1,0,0,1,12,90.0,0,28000,9000.0,0,9000.0,1,8,0,False,2023-08-01,23.9,114.7,400.0,-0.8660254037844384,-0.5000000000000004,18000.0,75666.66666666667,6,0.0,0.0,0.0,0.0,0.0,0.0,1.0,0.0,0.0,0.0,0.0,0.0,0.0,0.0,0.0,0.0,0.0,0.0,0.0,0.0,0.0,0.0,0.0,0.0,0.0,0.0,train
215,2023,September,CBBKR,Cabai Keriting,12,5,0,0,5,12,450.0,0,25000,45000.0,0,45000.0,5,9,0,False,2023-09-01,24.8,177.0,400.0,-1.0,-1.8369701987210297e-16,9000.0,43833.333333333336,6,0.0,0.0,0.0,0.0,0.0,0.0,1.0,0.0,0.0,0.0,0.0,0.0,0.0,0.0,0.0,0.0,0.0,0.0,0.0,0.0,0.0,0.0,0.0,0.0,0.0,0.0,train
241,2023,Oktober,CBBKR,Cabai Keriting,12,2,0,0,2,12,180.0,0,25000,18000.0,0,18000.0,2,10,0,False,2023-10-01,25.6,297.6,400.0,-0.8660254037844386,0.5000000000000001,45000.0,24000.0,6,0.0,0.0,0.0,0.0,0.0,0.0,1.0,0.0,0.0,0.0,0.0,0.0,0.0,0.0,0.0,0.0,0.0,0.0,0.0,0.0,0.0,0.0,0.0,0.0,0.0,0.0,train
267,2023,November,CBBKR,Cabai Keriting,12,7,5,0,7,12,665.0,475,35000,66500.0,47500,114000.0,12,11,0,False,2023-11-01,24.1,393.0,400.0,-0.5000000000000004,0.8660254037844384,18000.0,24000.0,6,0.0,0.0,0.0,0.0,0.0,0.0,1.0,0.0,0.0,0.0,0.0,0.0,0.0,0.0,0.0,0.0,0.0,0.0,0.0,0.0,0.0,0.0,0.0,0.0,0.0,0.0,train
293,2023,Desember,CBBKR,Cabai Keriting,12,5,0,0,5,12,475.0,0,35000,47500.0,0,47500.0,5,12,0,False,2023-12-01,23.9,384.4,400.0,-2.4492935982947064e-16,1.0,114000.0,59000.0,6,0.0,0.0,0.0,0.0,0.0,0.0,1.0,0.0,0.0,0.0,0.0,0.0,0.0,0.0,0.0,0.0,0.0,0.0,0.0,0.0,0.0,0.0,0.0,0.0,0.0,0.0,train
319,2024,Januari,CBBKR,Cabai Keriting,12,4,8,0,3,11,400.0,800,35000,40000.0,80000,120000.0,12,1,0,False,2024-01-01,23.4,282.1,400.0,0.49999999999999994,0.8660254037844387,47500.0,59833.333333333336,6,0.0,0.0,0.0,0.0,0.0,0.0,1.0,0.0,0.0,0.0,0.0,0.0,0.0,0.0,0.0,0.0,0.0,0.0,0.0,0.0,0.0,0.0,0.0,0.0,0.0,0.0,train
345,2024,Februari,CBBKR,Cabai Keriting,11,3,0,0,3,11,300.0,0,35000,30000.0,0,30000.0,3,2,0,False,2024-02-01,23.5,316.1,400.0,0.8660254037844386,0.5000000000000001,120000.0,93833.33333333333,6,0.0,0.0,0.0,0.0,0.0,0.0,1.0,0.0,0.0,0.0,0.0,0.0,0.0,0.0,0.0,0.0,0.0,0.0,0.0,0.0,0.0,0.0,0.0,0.0,0.0,0.0,train
371,2024,Maret,CBBKR,Cabai Keriting,11,4,7,0,2,9,400.0,700,25000,40000.0,70000,110000.0,11,3,0,False,2024-03-01,23.4,316.2,400.0,1.0,6.123233995736766e-17,30000.0,65833.33333333333,6,0.0,0.0,0.0,0.0,0.0,0.0,1.0,0.0,0.0,0.0,0.0,0.0,0.0,0.0,0.0,0.0,0.0,0.0,0.0,0.0,0.0,0.0,0.0,0.0,0.0,0.0,train
397,2024,April,CBBKR,Cabai Keriting,0,0,0,0,0,0,0.0,0,31666,0.0,0,0.0,0,4,1,False,2024-04-01,24.0,309.0,400.0,0.8660254037844387,-0.49999999999999983,110000.0,86666.66666666667,6,0.0,0.0,0.0,0.0,0.0,0.0,1.0,0.0,0.0,0.0,0.0,0.0,0.0,0.0,0.0,0.0,0.0,0.0,0.0,0.0,0.0,0.0,0.0,0.0,0.0,0.0,train
423,2024,Mei,CBBKR,Cabai Keriting,0,0,0,0,0,0,0.0,0,31666,0.0,0,0.0,0,5,1,False,2024-05-01,24.2,285.2,400.0,0.49999999999999994,-0.8660254037844387,0.0,46666.666666666664,6,0.0,0.0,0.0,0.0,0.0,0.0,1.0,0.0,0.0,0.0,0.0,0.0,0.0,0.0,0.0,0.0,0.0,0.0,0.0,0.0,0.0,0.0,0.0,0.0,0.0,0.0,train
449,2024,Juni,CBBKR,Cabai Keriting,0,0,0,0,0,0,0.0,0,31666,0.0,0,0.0,0,6,1,False,2024-06-01,23.3,300.0,400.0,1.2246467991473532e-16,-1.0,0.0,36666.666666666664,6,0.0,0.0,0.0,0.0,0.0,0.0,1.0,0.0,0.0,0.0,0.0,0.0,0.0,0.0,0.0,0.0,0.0,0.0,0.0,0.0,0.0,0.0,0.0,0.0,0.0,0.0,train
475,2024,Juli,CBBKR,Cabai Keriting,0,0,0,0,0,0,0.0,0,31666,0.0,0,0.0,0,7,1,False,2024-07-01,22.9,120.9,400.0,-0.4999999999999998,-0.8660254037844388,0.0,0.0,6,0.0,0.0,0.0,0.0,0.0,0.0,1.0,0.0,0.0,0.0,0.0,0.0,0.0,0.0,0.0,0.0,0.0,0.0,0.0,0.0,0.0,0.0,0.0,0.0,0.0,0.0,train
501,2024,Agustus,CBBKR,Cabai Keriting,0,0,0,0,0,0,0.0,0,31666,0.0,0,0.0,0,8,1,False,2024-08-01,23.8,114.7,400.0,-0.8660254037844384,-0.5000000000000004,0.0,0.0,6,0.0,0.0,0.0,0.0,0.0,0.0,1.0,0.0,0.0,0.0,0.0,0.0,0.0,0.0,0.0,0.0,0.0,0.0,0.0,0.0,0.0,0.0,0.0,0.0,0.0,0.0,train
527,2024,September,CBBKR,Cabai Keriting,0,0,0,0,0,0,0.0,0,31666,0.0,0,0.0,0,9,1,False,2024-09-01,23.8,177.0,400.0,-1.0,-1.8369701987210297e-16,0.0,0.0,6,0.0,0.0,0.0,0.0,0.0,0.0,1.0,0.0,0.0,0.0,0.0,0.0,0.0,0.0,0.0,0.0,0.0,0.0,0.0,0.0,0.0,0.0,0.0,0.0,0.0,0.0,train
553,2024,Oktober,CBBKR,Cabai Keriting,0,0,0,0,0,0,0.0,0,31666,0.0,0,0.0,0,10,1,False,2024-10-01,24.3,297.6,400.0,-0.8660254037844386,0.5000000000000001,0.0,0.0,6,0.0,0.0,0.0,0.0,0.0,0.0,1.0,0.0,0.0,0.0,0.0,0.0,0.0,0.0,0.0,0.0,0.0,0.0,0.0,0.0,0.0,0.0,0.0,0.0,0.0,0.0,train
579,2024,November,CBBKR,Cabai Keriting,0,0,0,0,0,0,0.0,0,31666,0.0,0,0.0,0,11,1,False,2024-11-01,23.4,393.0,400.0,-0.5000000000000004,0.8660254037844384,0.0,0.0,6,0.0,0.0,0.0,0.0,0.0,0.0,1.0,0.0,0.0,0.0,0.0,0.0,0.0,0.0,0.0,0.0,0.0,0.0,0.0,0.0,0.0,0.0,0.0,0.0,0.0,0.0,train
605,2024,Desember,CBBKR,Cabai Keriting,0,0,0,0,0,0,0.0,0,31666,0.0,0,0.0,0,12,1,False,2024-12-01,23.2,384.4,400.0,-2.4492935982947064e-16,1.0,0.0,0.0,6,0.0,0.0,0.0,0.0,0.0,0.0,1.0,0.0,0.0,0.0,0.0,0.0,0.0,0.0,0.0,0.0,0.0,0.0,0.0,0.0,0.0,0.0,0.0,0.0,0.0,0.0,train
631,2025,Januari,CBBKR,Cabai Keriting,7,0,7,0,2,9,0.0,665,30000,0.0,66500,66500.0,7,1,0,False,2025-01-01,22.8,282.1,400.0,0.49999999999999994,0.8660254037844387,0.0,0.0,6,0.0,0.0,0.0,0.0,0.0,0.0,1.0,0.0,0.0,0.0,0.0,0.0,0.0,0.0,0.0,0.0,0.0,0.0,0.0,0.0,0.0,0.0,0.0,0.0,0.0,0.0,train
657,2025,Februari,CBBKR,Cabai Keriting,9,5,4,0,7,11,475.0,380,32000,47500.0,38000,85500.0,9,2,0,False,2025-02-01,22.7,305.2,400.0,0.8660254037844386,0.5000000000000001,66500.0,22166.666666666668,6,0.0,0.0,0.0,0.0,0.0,0.0,1.0,0.0,0.0,0.0,0.0,0.0,0.0,0.0,0.0,0.0,0.0,0.0,0.0,0.0,0.0,0.0,0.0,0.0,0.0,0.0,train
683,2025,Maret,CBBKR,Cabai Keriting,11,2,9,0,2,11,190.0,855,32000,19000.0,85500,104500.0,11,3,0,False,2025-03-01,23.2,316.2,400.0,1.0,6.123233995736766e-17,85500.0,50666.666666666664,6,0.0,0.0,0.0,0.0,0.0,0.0,1.0,0.0,0.0,0.0,0.0,0.0,0.0,0.0,0.0,0.0,0.0,0.0,0.0,0.0,0.0,0.0,0.0,0.0,0.0,0.0,train
709,2025,April,CBBKR,Cabai Keriting,11,2,9,0,2,11,190.0,855,32000,19000.0,85500,104500.0,11,4,0,False,2025-04-01,23.1,309.0,400.0,0.8660254037844387,-0.49999999999999983,104500.0,85500.0,6,0.0,0.0,0.0,0.0,0.0,0.0,1.0,0.0,0.0,0.0,0.0,0.0,0.0,0.0,0.0,0.0,0.0,0.0,0.0,0.0,0.0,0.0,0.0,0.0,0.0,0.0,train
735,2025,Mei,CBBKR,Cabai Keriting,11,2,9,0,2,11,190.0,855,32000,19000.0,85500,104500.0,11,5,0,False,2025-05-01,23.4,285.2,400.0,0.49999999999999994,-0.8660254037844387,104500.0,98166.66666666667,6,0.0,0.0,0.0,0.0,0.0,0.0,1.0,0.0,0.0,0.0,0.0,0.0,0.0,0.0,0.0,0.0,0.0,0.0,0.0,0.0,0.0,0.0,0.0,0.0,0.0,0.0,val
761,2025,Juni,CBBKR,Cabai Keriting,11,1,10,0,2,12,95.0,950,32000,9500.0,95000,104500.0,11,6,0,False,2025-06-01,22.9,300.0,400.0,1.2246467991473532e-16,-1.0,104500.0,104500.0,6,0.0,0.0,0.0,0.0,0.0,0.0,1.0,0.0,0.0,0.0,0.0,0.0,0.0,0.0,0.0,0.0,0.0,0.0,0.0,0.0,0.0,0.0,0.0,0.0,0.0,0.0,val
787,2025,Juli,CBBKR,Cabai Keriting,12,2,0,0,2,12,180.0,0,32000,18000.0,0,18000.0,2,7,0,False,2025-07-01,22.9,120.9,400.0,-0.4999999999999998,-0.8660254037844388,104500.0,104500.0,6,0.0,0.0,0.0,0.0,0.0,0.0,1.0,0.0,0.0,0.0,0.0,0.0,0.0,0.0,0.0,0.0,0.0,0.0,0.0,0.0,0.0,0.0,0.0,0.0,0.0,0.0,val
813,2025,Agustus,CBBKR,Cabai Keriting,12,1,0,0,1,12,90.0,0,28000,9000.0,0,9000.0,1,8,0,False,2025-08-01,22.9,114.7,400.0,-0.8660254037844384,-0.5000000000000004,18000.0,75666.66666666667,6,0.0,0.0,0.0,0.0,0.0,0.0,1.0,0.0,0.0,0.0,0.0,0.0,0.0,0.0,0.0,0.0,0.0,0.0,0.0,0.0,0.0,0.0,0.0,0.0,0.0,0.0,val
839,2025,September,CBBKR,Cabai Keriting,12,5,0,0,5,12,450.0,0,25000,45000.0,0,45000.0,5,9,0,False,2025-09-01,23.5,177.0,400.0,-1.0,-1.8369701987210297e-16,9000.0,43833.333333333336,6,0.0,0.0,0.0,0.0,0.0,0.0,1.0,0.0,0.0,0.0,0.0,0.0,0.0,0.0,0.0,0.0,0.0,0.0,0.0,0.0,0.0,0.0,0.0,0.0,0.0,0.0,val
865,2025,Oktober,CBBKR,Cabai Keriting,12,2,0,0,2,12,180.0,0,25000,18000.0,0,18000.0,2,10,0,False,2025-10-01,23.9,297.6,400.0,-0.8660254037844386,0.5000000000000001,45000.0,24000.0,6,0.0,0.0,0.0,0.0,0.0,0.0,1.0,0.0,0.0,0.0,0.0,0.0,0.0,0.0,0.0,0.0,0.0,0.0,0.0,0.0,0.0,0.0,0.0,0.0,0.0,0.0,test
891,2025,November,CBBKR,Cabai Keriting,12,7,5,0,7,12,665.0,475,35000,66500.0,47500,114000.0,12,11,0,False,2025-11-01,23.5,393.0,400.0,-0.5000000000000004,0.8660254037844384,18000.0,24000.0,6,0.0,0.0,0.0,0.0,0.0,0.0,1.0,0.0,0.0,0.0,0.0,0.0,0.0,0.0,0.0,0.0,0.0,0.0,0.0,0.0,0.0,0.0,0.0,0.0,0.0,0.0,test
917,2025,Desember,CBBKR,Cabai Keriting,12,5,0,0,5,12,475.0,0,35000,47500.0,0,47500.0,5,12,0,False,2025-12-01,23.2,384.4,400.0,-2.4492935982947064e-16,1.0,114000.0,59000.0,6,0.0,0.0,0.0,0.0,0.0,0.0,1.0,0.0,0.0,0.0,0.0,0.0,0.0,0.0,0.0,0.0,0.0,0.0,0.0,0.0,0.0,0.0,0.0,0.0,0.0,0.0,test
943,2026,Januari,CBBKR,Cabai Keriting,12,4,8,0,3,11,400.0,800,35000,40000.0,80000,120000.0,12,1,0,False,2026-01-01,22.2,282.1,400.0,0.49999999999999994,0.8660254037844387,47500.0,59833.333333333336,6,0.0,0.0,0.0,0.0,0.0,0.0,1.0,0.0,0.0,0.0,0.0,0.0,0.0,0.0,0.0,0.0,0.0,0.0,0.0,0.0,0.0,0.0,0.0,0.0,0.0,0.0,test
971,2026,Februari,CBBKR,Cabai Keriting,11,3,0,0,3,11,300.0,0,35000,30000.0,0,30000.0,3,2,0,False,2026-02-01,22.5,306.3,400.0,0.8660254037844386,0.5000000000000001,120000.0,93833.33333333333,6,0.0,0.0,0.0,0.0,0.0,0.0,1.0,0.0,0.0,0.0,0.0,0.0,0.0,0.0,0.0,0.0,0.0,0.0,0.0,0.0,0.0,0.0,0.0,0.0,0.0,0.0,test
999,2026,Maret,CBBKR,Cabai Keriting,11,4,7,0,2,9,400.0,700,25000,40000.0,70000,110000.0,11,3,0,False,2026-03-01,23.0,315.8,400.0,1.0,6.123233995736766e-17,30000.0,65833.33333333333,6,0.0,0.0,0.0,0.0,0.0,0.0,1.0,0.0,0.0,0.0,0.0,0.0,0.0,0.0,0.0,0.0,0.0,0.0,0.0,0.0,0.0,0.0,0.0,0.0,0.0,0.0,test
86,2023,April,CRW,Cabai Rawit,15,3,12,0,3,15,285.0,1140,19000,28500.0,114000,142500.0,15,4,0,False,2023-04-01,23.3,309.0,400.0,0.8660254037844387,-0.49999999999999983,133000.0,88666.66666666667,7,0.0,0.0,0.0,0.0,0.0,0.0,0.0,1.0,0.0,0.0,0.0,0.0,0.0,0.0,0.0,0.0,0.0,0.0,0.0,0.0,0.0,0.0,0.0,0.0,0.0,0.0,train
112,2023,Mei,CRW,Cabai Rawit,15,1,14,0,1,15,95.0,1330,19000,9500.0,133000,142500.0,15,5,0,False,2023-05-01,23.6,285.2,400.0,0.49999999999999994,-0.8660254037844387,142500.0,123500.0,7,0.0,0.0,0.0,0.0,0.0,0.0,0.0,1.0,0.0,0.0,0.0,0.0,0.0,0.0,0.0,0.0,0.0,0.0,0.0,0.0,0.0,0.0,0.0,0.0,0.0,0.0,train
138,2023,Juni,CRW,Cabai Rawit,15,1,14,0,1,15,95.0,1260,19000,9500.0,126000,135500.0,15,6,0,False,2023-06-01,23.3,300.0,400.0,1.2246467991473532e-16,-1.0,142500.0,139333.33333333334,7,0.0,0.0,0.0,0.0,0.0,0.0,0.0,1.0,0.0,0.0,0.0,0.0,0.0,0.0,0.0,0.0,0.0,0.0,0.0,0.0,0.0,0.0,0.0,0.0,0.0,0.0,train
164,2023,Juli,CRW,Cabai Rawit,15,2,0,0,2,15,180.0,0,33000,18000.0,0,18000.0,2,7,0,False,2023-07-01,23.0,120.9,400.0,-0.4999999999999998,-0.8660254037844388,135500.0,140166.66666666666,7,0.0,0.0,0.0,0.0,0.0,0.0,0.0,1.0,0.0,0.0,0.0,0.0,0.0,0.0,0.0,0.0,0.0,0.0,0.0,0.0,0.0,0.0,0.0,0.0,0.0,0.0,train
190,2023,Agustus,CRW,Cabai Rawit,15,2,0,0,2,15,180.0,0,29000,18000.0,0,18000.0,2,8,0,False,2023-08-01,23.9,114.7,400.0,-0.8660254037844384,-0.5000000000000004,18000.0,98666.66666666667,7,0.0,0.0,0.0,0.0,0.0,0.0,0.0,1.0,0.0,0.0,0.0,0.0,0.0,0.0,0.0,0.0,0.0,0.0,0.0,0.0,0.0,0.0,0.0,0.0,0.0,0.0,train
216,2023,September,CRW,Cabai Rawit,15,4,0,0,4,15,360.0,0,32000,36000.0,0,36000.0,4,9,0,False,2023-09-01,24.8,177.0,400.0,-1.0,-1.8369701987210297e-16,18000.0,57166.666666666664,7,0.0,0.0,0.0,0.0,0.0,0.0,0.0,1.0,0.0,0.0,0.0,0.0,0.0,0.0,0.0,0.0,0.0,0.0,0.0,0.0,0.0,0.0,0.0,0.0,0.0,0.0,train
242,2023,Oktober,CRW,Cabai Rawit,15,2,0,0,2,15,180.0,0,35000,18000.0,0,18000.0,2,10,0,False,2023-10-01,25.6,297.6,400.0,-0.8660254037844386,0.5000000000000001,36000.0,24000.0,7,0.0,0.0,0.0,0.0,0.0,0.0,0.0,1.0,0.0,0.0,0.0,0.0,0.0,0.0,0.0,0.0,0.0,0.0,0.0,0.0,0.0,0.0,0.0,0.0,0.0,0.0,train
268,2023,November,CRW,Cabai Rawit,15,7,5,0,7,15,665.0,475,35000,66500.0,47500,114000.0,12,11,0,False,2023-11-01,24.1,393.0,400.0,-0.5000000000000004,0.8660254037844384,18000.0,24000.0,7,0.0,0.0,0.0,0.0,0.0,0.0,0.0,1.0,0.0,0.0,0.0,0.0,0.0,0.0,0.0,0.0,0.0,0.0,0.0,0.0,0.0,0.0,0.0,0.0,0.0,0.0,train
294,2023,Desember,CRW,Cabai Rawit,15,2,0,0,2,15,190.0,0,35000,19000.0,0,19000.0,2,12,0,False,2023-12-01,23.9,384.4,400.0,-2.4492935982947064e-16,1.0,114000.0,56000.0,7,0.0,0.0,0.0,0.0,0.0,0.0,0.0,1.0,0.0,0.0,0.0,0.0,0.0,0.0,0.0,0.0,0.0,0.0,0.0,0.0,0.0,0.0,0.0,0.0,0.0,0.0,train
320,2024,Januari,CRW,Cabai Rawit,15,5,10,0,5,15,500.0,1000,40000,50000.0,100000,150000.0,15,1,0,False,2024-01-01,23.4,282.1,400.0,0.49999999999999994,0.8660254037844387,19000.0,50333.333333333336,7,0.0,0.0,0.0,0.0,0.0,0.0,0.0,1.0,0.0,0.0,0.0,0.0,0.0,0.0,0.0,0.0,0.0,0.0,0.0,0.0,0.0,0.0,0.0,0.0,0.0,0.0,train
346,2024,Februari,CRW,Cabai Rawit,15,4,0,0,3,14,400.0,0,55000,40000.0,0,40000.0,4,2,0,False,2024-02-01,23.5,316.1,400.0,0.8660254037844386,0.5000000000000001,150000.0,94333.33333333333,7,0.0,0.0,0.0,0.0,0.0,0.0,0.0,1.0,0.0,0.0,0.0,0.0,0.0,0.0,0.0,0.0,0.0,0.0,0.0,0.0,0.0,0.0,0.0,0.0,0.0,0.0,train
372,2024,Maret,CRW,Cabai Rawit,14,3,11,0,2,13,300.0,1100,50000,30000.0,110000,140000.0,14,3,0,False,2024-03-01,23.4,316.2,400.0,1.0,6.123233995736766e-17,40000.0,69666.66666666667,7,0.0,0.0,0.0,0.0,0.0,0.0,0.0,1.0,0.0,0.0,0.0,0.0,0.0,0.0,0.0,0.0,0.0,0.0,0.0,0.0,0.0,0.0,0.0,0.0,0.0,0.0,train
398,2024,April,CRW,Cabai Rawit,0,0,0,0,0,0,0.0,0,48333,0.0,0,0.0,0,4,1,False,2024-04-01,24.0,309.0,400.0,0.8660254037844387,-0.49999999999999983,140000.0,110000.0,7,0.0,0.0,0.0,0.0,0.0,0.0,0.0,1.0,0.0,0.0,0.0,0.0,0.0,0.0,0.0,0.0,0.0,0.0,0.0,0.0,0.0,0.0,0.0,0.0,0.0,0.0,train
424,2024,Mei,CRW,Cabai Rawit,0,0,0,0,0,0,0.0,0,48333,0.0,0,0.0,0,5,1,False,2024-05-01,24.2,285.2,400.0,0.49999999999999994,-0.8660254037844387,0.0,60000.0,7,0.0,0.0,0.0,0.0,0.0,0.0,0.0,1.0,0.0,0.0,0.0,0.0,0.0,0.0,0.0,0.0,0.0,0.0,0.0,0.0,0.0,0.0,0.0,0.0,0.0,0.0,train
450,2024,Juni,CRW,Cabai Rawit,0,0,0,0,0,0,0.0,0,48333,0.0,0,0.0,0,6,1,False,2024-06-01,23.3,300.0,400.0,1.2246467991473532e-16,-1.0,0.0,46666.666666666664,7,0.0,0.0,0.0,0.0,0.0,0.0,0.0,1.0,0.0,0.0,0.0,0.0,0.0,0.0,0.0,0.0,0.0,0.0,0.0,0.0,0.0,0.0,0.0,0.0,0.0,0.0,train
476,2024,Juli,CRW,Cabai Rawit,0,0,0,0,0,0,0.0,0,48333,0.0,0,0.0,0,7,1,False,2024-07-01,22.9,120.9,400.0,-0.4999999999999998,-0.8660254037844388,0.0,0.0,7,0.0,0.0,0.0,0.0,0.0,0.0,0.0,1.0,0.0,0.0,0.0,0.0,0.0,0.0,0.0,0.0,0.0,0.0,0.0,0.0,0.0,0.0,0.0,0.0,0.0,0.0,train
502,2024,Agustus,CRW,Cabai Rawit,0,0,0,0,0,0,0.0,0,48333,0.0,0,0.0,0,8,1,False,2024-08-01,23.8,114.7,400.0,-0.8660254037844384,-0.5000000000000004,0.0,0.0,7,0.0,0.0,0.0,0.0,0.0,0.0,0.0,1.0,0.0,0.0,0.0,0.0,0.0,0.0,0.0,0.0,0.0,0.0,0.0,0.0,0.0,0.0,0.0,0.0,0.0,0.0,train
528,2024,September,CRW,Cabai Rawit,0,0,0,0,0,0,0.0,0,48333,0.0,0,0.0,0,9,1,False,2024-09-01,23.8,177.0,400.0,-1.0,-1.8369701987210297e-16,0.0,0.0,7,0.0,0.0,0.0,0.0,0.0,0.0,0.0,1.0,0.0,0.0,0.0,0.0,0.0,0.0,0.0,0.0,0.0,0.0,0.0,0.0,0.0,0.0,0.0,0.0,0.0,0.0,train
554,2024,Oktober,CRW,Cabai Rawit,0,0,0,0,0,0,0.0,0,48333,0.0,0,0.0,0,10,1,False,2024-10-01,24.3,297.6,400.0,-0.8660254037844386,0.5000000000000001,0.0,0.0,7,0.0,0.0,0.0,0.0,0.0,0.0,0.0,1.0,0.0,0.0,0.0,0.0,0.0,0.0,0.0,0.0,0.0,0.0,0.0,0.0,0.0,0.0,0.0,0.0,0.0,0.0,train
580,2024,November,CRW,Cabai Rawit,0,0,0,0,0,0,0.0,0,48333,0.0,0,0.0,0,11,1,False,2024-11-01,23.4,393.0,400.0,-0.5000000000000004,0.8660254037844384,0.0,0.0,7,0.0,0.0,0.0,0.0,0.0,0.0,0.0,1.0,0.0,0.0,0.0,0.0,0.0,0.0,0.0,0.0,0.0,0.0,0.0,0.0,0.0,0.0,0.0,0.0,0.0,0.0,train
606,2024,Desember,CRW,Cabai Rawit,0,0,0,0,0,0,0.0,0,48333,0.0,0,0.0,0,12,1,False,2024-12-01,23.2,384.4,400.0,-2.4492935982947064e-16,1.0,0.0,0.0,7,0.0,0.0,0.0,0.0,0.0,0.0,0.0,1.0,0.0,0.0,0.0,0.0,0.0,0.0,0.0,0.0,0.0,0.0,0.0,0.0,0.0,0.0,0.0,0.0,0.0,0.0,train
632,2025,Januari,CRW,Cabai Rawit,9,0,4,0,1,10,0.0,380,25000,0.0,38000,38000.0,4,1,0,False,2025-01-01,22.8,282.1,400.0,0.49999999999999994,0.8660254037844387,0.0,0.0,7,0.0,0.0,0.0,0.0,0.0,0.0,0.0,1.0,0.0,0.0,0.0,0.0,0.0,0.0,0.0,0.0,0.0,0.0,0.0,0.0,0.0,0.0,0.0,0.0,0.0,0.0,train
658,2025,Februari,CRW,Cabai Rawit,10,2,8,0,6,14,190.0,760,19000,19000.0,76000,95000.0,10,2,0,False,2025-02-01,22.7,305.2,400.0,0.8660254037844386,0.5000000000000001,38000.0,12666.666666666666,7,0.0,0.0,0.0,0.0,0.0,0.0,0.0,1.0,0.0,0.0,0.0,0.0,0.0,0.0,0.0,0.0,0.0,0.0,0.0,0.0,0.0,0.0,0.0,0.0,0.0,0.0,train
684,2025,Maret,CRW,Cabai Rawit,14,4,10,0,5,15,380.0,950,19000,38000.0,95000,133000.0,14,3,0,False,2025-03-01,23.2,316.2,400.0,1.0,6.123233995736766e-17,95000.0,44333.333333333336,7,0.0,0.0,0.0,0.0,0.0,0.0,0.0,1.0,0.0,0.0,0.0,0.0,0.0,0.0,0.0,0.0,0.0,0.0,0.0,0.0,0.0,0.0,0.0,0.0,0.0,0.0,train
710,2025,April,CRW,Cabai Rawit,15,3,12,0,3,15,285.0,1140,19000,28500.0,114000,142500.0,15,4,0,False,2025-04-01,23.1,309.0,400.0,0.8660254037844387,-0.49999999999999983,133000.0,88666.66666666667,7,0.0,0.0,0.0,0.0,0.0,0.0,0.0,1.0,0.0,0.0,0.0,0.0,0.0,0.0,0.0,0.0,0.0,0.0,0.0,0.0,0.0,0.0,0.0,0.0,0.0,0.0,train
736,2025,Mei,CRW,Cabai Rawit,15,1,14,0,1,15,95.0,1330,19000,9500.0,133000,142500.0,15,5,0,False,2025-05-01,23.4,285.2,400.0,0.49999999999999994,-0.8660254037844387,142500.0,123500.0,7,0.0,0.0,0.0,0.0,0.0,0.0,0.0,1.0,0.0,0.0,0.0,0.0,0.0,0.0,0.0,0.0,0.0,0.0,0.0,0.0,0.0,0.0,0.0,0.0,0.0,0.0,val
762,2025,Juni,CRW,Cabai Rawit,15,1,14,0,1,15,95.0,1260,19000,9500.0,126000,135500.0,15,6,0,False,2025-06-01,22.9,300.0,400.0,1.2246467991473532e-16,-1.0,142500.0,139333.33333333334,7,0.0,0.0,0.0,0.0,0.0,0.0,0.0,1.0,0.0,0.0,0.0,0.0,0.0,0.0,0.0,0.0,0.0,0.0,0.0,0.0,0.0,0.0,0.0,0.0,0.0,0.0,val
788,2025,Juli,CRW,Cabai Rawit,15,2,0,0,2,15,180.0,0,33000,18000.0,0,18000.0,2,7,0,False,2025-07-01,22.9,120.9,400.0,-0.4999999999999998,-0.8660254037844388,135500.0,140166.66666666666,7,0.0,0.0,0.0,0.0,0.0,0.0,0.0,1.0,0.0,0.0,0.0,0.0,0.0,0.0,0.0,0.0,0.0,0.0,0.0,0.0,0.0,0.0,0.0,0.0,0.0,0.0,val
814,2025,Agustus,CRW,Cabai Rawit,15,2,0,0,2,15,180.0,0,29000,18000.0,0,18000.0,2,8,0,False,2025-08-01,22.9,114.7,400.0,-0.8660254037844384,-0.5000000000000004,18000.0,98666.66666666667,7,0.0,0.0,0.0,0.0,0.0,0.0,0.0,1.0,0.0,0.0,0.0,0.0,0.0,0.0,0.0,0.0,0.0,0.0,0.0,0.0,0.0,0.0,0.0,0.0,0.0,0.0,val
840,2025,September,CRW,Cabai Rawit,15,4,0,0,4,15,360.0,0,32000,36000.0,0,36000.0,4,9,0,False,2025-09-01,23.5,177.0,400.0,-1.0,-1.8369701987210297e-16,18000.0,57166.666666666664,7,0.0,0.0,0.0,0.0,0.0,0.0,0.0,1.0,0.0,0.0,0.0,0.0,0.0,0.0,0.0,0.0,0.0,0.0,0.0,0.0,0.0,0.0,0.0,0.0,0.0,0.0,val
866,2025,Oktober,CRW,Cabai Rawit,15,2,0,0,2,15,180.0,0,35000,18000.0,0,18000.0,2,10,0,False,2025-10-01,23.9,297.6,400.0,-0.8660254037844386,0.5000000000000001,36000.0,24000.0,7,0.0,0.0,0.0,0.0,0.0,0.0,0.0,1.0,0.0,0.0,0.0,0.0,0.0,0.0,0.0,0.0,0.0,0.0,0.0,0.0,0.0,0.0,0.0,0.0,0.0,0.0,test
892,2025,November,CRW,Cabai Rawit,15,7,5,0,7,15,665.0,475,35000,66500.0,47500,114000.0,12,11,0,False,2025-11-01,23.5,393.0,400.0,-0.5000000000000004,0.8660254037844384,18000.0,24000.0,7,0.0,0.0,0.0,0.0,0.0,0.0,0.0,1.0,0.0,0.0,0.0,0.0,0.0,0.0,0.0,0.0,0.0,0.0,0.0,0.0,0.0,0.0,0.0,0.0,0.0,0.0,test
918,2025,Desember,CRW,Cabai Rawit,15,2,0,0,2,15,190.0,0,35000,19000.0,0,19000.0,2,12,0,False,2025-12-01,23.2,384.4,400.0,-2.4492935982947064e-16,1.0,114000.0,56000.0,7,0.0,0.0,0.0,0.0,0.0,0.0,0.0,1.0,0.0,0.0,0.0,0.0,0.0,0.0,0.0,0.0,0.0,0.0,0.0,0.0,0.0,0.0,0.0,0.0,0.0,0.0,test
944,2026,Januari,CRW,Cabai Rawit,15,5,10,0,5,15,500.0,1000,40000,50000.0,100000,150000.0,15,1,0,False,2026-01-01,22.2,282.1,400.0,0.49999999999999994,0.8660254037844387,19000.0,50333.333333333336,7,0.0,0.0,0.0,0.0,0.0,0.0,0.0,1.0,0.0,0.0,0.0,0.0,0.0,0.0,0.0,0.0,0.0,0.0,0.0,0.0,0.0,0.0,0.0,0.0,0.0,0.0,test
972,2026,Februari,CRW,Cabai Rawit,15,4,0,0,3,14,400.0,0,55000,40000.0,0,40000.0,4,2,0,False,2026-02-01,22.5,306.3,400.0,0.8660254037844386,0.5000000000000001,150000.0,94333.33333333333,7,0.0,0.0,0.0,0.0,0.0,0.0,0.0,1.0,0.0,0.0,0.0,0.0,0.0,0.0,0.0,0.0,0.0,0.0,0.0,0.0,0.0,0.0,0.0,0.0,0.0,0.0,test
1000,2026,Maret,CRW,Cabai Rawit,14,3,11,0,2,13,300.0,1100,50000,30000.0,110000,140000.0,14,3,0,False,2026-03-01,23.0,315.8,400.0,1.0,6.123233995736766e-17,40000.0,69666.66666666667,7,0.0,0.0,0.0,0.0,0.0,0.0,0.0,1.0,0.0,0.0,0.0,0.0,0.0,0.0,0.0,0.0,0.0,0.0,0.0,0.0,0.0,0.0,0.0,0.0,0.0,0.0,test
87,2023,April,JMRLL,Jamur Lainnya,0,0,0,0,0,0,0.0,0,0,0.0,0,0.0,0,4,1,False,2023-04-01,23.3,309.0,1000.0,0.8660254037844387,-0.49999999999999983,0.0,0.0,8,0.0,0.0,0.0,0.0,0.0,0.0,0.0,0.0,1.0,0.0,0.0,0.0,0.0,0.0,0.0,0.0,0.0,0.0,0.0,0.0,0.0,0.0,0.0,0.0,0.0,0.0,train
113,2023,Mei,JMRLL,Jamur Lainnya,0,0,0,0,0,0,0.0,0,0,0.0,0,0.0,0,5,1,False,2023-05-01,23.6,285.2,1000.0,0.49999999999999994,-0.8660254037844387,0.0,0.0,8,0.0,0.0,0.0,0.0,0.0,0.0,0.0,0.0,1.0,0.0,0.0,0.0,0.0,0.0,0.0,0.0,0.0,0.0,0.0,0.0,0.0,0.0,0.0,0.0,0.0,0.0,train
139,2023,Juni,JMRLL,Jamur Lainnya,0,0,0,0,0,0,0.0,0,0,0.0,0,0.0,0,6,1,False,2023-06-01,23.3,300.0,1000.0,1.2246467991473532e-16,-1.0,0.0,0.0,8,0.0,0.0,0.0,0.0,0.0,0.0,0.0,0.0,1.0,0.0,0.0,0.0,0.0,0.0,0.0,0.0,0.0,0.0,0.0,0.0,0.0,0.0,0.0,0.0,0.0,0.0,train
165,2023,Juli,JMRLL,Jamur Lainnya,0,0,0,0,0,0,0.0,0,0,0.0,0,0.0,0,7,1,False,2023-07-01,23.0,120.9,1000.0,-0.4999999999999998,-0.8660254037844388,0.0,0.0,8,0.0,0.0,0.0,0.0,0.0,0.0,0.0,0.0,1.0,0.0,0.0,0.0,0.0,0.0,0.0,0.0,0.0,0.0,0.0,0.0,0.0,0.0,0.0,0.0,0.0,0.0,train
191,2023,Agustus,JMRLL,Jamur Lainnya,0,0,0,0,0,0,0.0,0,0,0.0,0,0.0,0,8,1,False,2023-08-01,23.9,114.7,1000.0,-0.8660254037844384,-0.5000000000000004,0.0,0.0,8,0.0,0.0,0.0,0.0,0.0,0.0,0.0,0.0,1.0,0.0,0.0,0.0,0.0,0.0,0.0,0.0,0.0,0.0,0.0,0.0,0.0,0.0,0.0,0.0,0.0,0.0,train
217,2023,September,JMRLL,Jamur Lainnya,0,0,0,0,0,0,0.0,0,0,0.0,0,0.0,0,9,1,False,2023-09-01,24.8,177.0,1000.0,-1.0,-1.8369701987210297e-16,0.0,0.0,8,0.0,0.0,0.0,0.0,0.0,0.0,0.0,0.0,1.0,0.0,0.0,0.0,0.0,0.0,0.0,0.0,0.0,0.0,0.0,0.0,0.0,0.0,0.0,0.0,0.0,0.0,train
243,2023,Oktober,JMRLL,Jamur Lainnya,0,0,0,0,0,0,0.0,0,0,0.0,0,0.0,0,10,1,False,2023-10-01,25.6,297.6,1000.0,-0.8660254037844386,0.5000000000000001,0.0,0.0,8,0.0,0.0,0.0,0.0,0.0,0.0,0.0,0.0,1.0,0.0,0.0,0.0,0.0,0.0,0.0,0.0,0.0,0.0,0.0,0.0,0.0,0.0,0.0,0.0,0.0,0.0,train
269,2023,November,JMRLL,Jamur Lainnya,0,0,0,0,0,0,0.0,0,0,0.0,0,0.0,0,11,1,False,2023-11-01,24.1,393.0,1000.0,-0.5000000000000004,0.8660254037844384,0.0,0.0,8,0.0,0.0,0.0,0.0,0.0,0.0,0.0,0.0,1.0,0.0,0.0,0.0,0.0,0.0,0.0,0.0,0.0,0.0,0.0,0.0,0.0,0.0,0.0,0.0,0.0,0.0,train
295,2023,Desember,JMRLL,Jamur Lainnya,0,0,0,0,0,0,0.0,0,0,0.0,0,0.0,0,12,1,False,2023-12-01,23.9,384.4,1000.0,-2.4492935982947064e-16,1.0,0.0,0.0,8,0.0,0.0,0.0,0.0,0.0,0.0,0.0,0.0,1.0,0.0,0.0,0.0,0.0,0.0,0.0,0.0,0.0,0.0,0.0,0.0,0.0,0.0,0.0,0.0,0.0,0.0,train
321,2024,Januari,JMRLL,Jamur Lainnya,0,0,0,0,0,0,0.0,0,0,0.0,0,0.0,0,1,1,False,2024-01-01,23.4,282.1,1000.0,0.49999999999999994,0.8660254037844387,0.0,0.0,8,0.0,0.0,0.0,0.0,0.0,0.0,0.0,0.0,1.0,0.0,0.0,0.0,0.0,0.0,0.0,0.0,0.0,0.0,0.0,0.0,0.0,0.0,0.0,0.0,0.0,0.0,train
347,2024,Februari,JMRLL,Jamur Lainnya,0,0,0,0,0,0,0.0,0,0,0.0,0,0.0,0,2,1,False,2024-02-01,23.5,316.1,1000.0,0.8660254037844386,0.5000000000000001,0.0,0.0,8,0.0,0.0,0.0,0.0,0.0,0.0,0.0,0.0,1.0,0.0,0.0,0.0,0.0,0.0,0.0,0.0,0.0,0.0,0.0,0.0,0.0,0.0,0.0,0.0,0.0,0.0,train
373,2024,Maret,JMRLL,Jamur Lainnya,0,0,0,0,0,0,0.0,0,0,0.0,0,0.0,0,3,1,False,2024-03-01,23.4,316.2,1000.0,1.0,6.123233995736766e-17,0.0,0.0,8,0.0,0.0,0.0,0.0,0.0,0.0,0.0,0.0,1.0,0.0,0.0,0.0,0.0,0.0,0.0,0.0,0.0,0.0,0.0,0.0,0.0,0.0,0.0,0.0,0.0,0.0,train
399,2024,April,JMRLL,Jamur Lainnya,0,0,0,0,0,0,0.0,0,0,0.0,0,0.0,0,4,1,False,2024-04-01,24.0,309.0,1000.0,0.8660254037844387,-0.49999999999999983,0.0,0.0,8,0.0,0.0,0.0,0.0,0.0,0.0,0.0,0.0,1.0,0.0,0.0,0.0,0.0,0.0,0.0,0.0,0.0,0.0,0.0,0.0,0.0,0.0,0.0,0.0,0.0,0.0,train
425,2024,Mei,JMRLL,Jamur Lainnya,0,0,0,0,0,0,0.0,0,0,0.0,0,0.0,0,5,1,False,2024-05-01,24.2,285.2,1000.0,0.49999999999999994,-0.8660254037844387,0.0,0.0,8,0.0,0.0,0.0,0.0,0.0,0.0,0.0,0.0,1.0,0.0,0.0,0.0,0.0,0.0,0.0,0.0,0.0,0.0,0.0,0.0,0.0,0.0,0.0,0.0,0.0,0.0,train
451,2024,Juni,JMRLL,Jamur Lainnya,0,0,0,0,0,0,0.0,0,0,0.0,0,0.0,0,6,1,False,2024-06-01,23.3,300.0,1000.0,1.2246467991473532e-16,-1.0,0.0,0.0,8,0.0,0.0,0.0,0.0,0.0,0.0,0.0,0.0,1.0,0.0,0.0,0.0,0.0,0.0,0.0,0.0,0.0,0.0,0.0,0.0,0.0,0.0,0.0,0.0,0.0,0.0,train
477,2024,Juli,JMRLL,Jamur Lainnya,0,0,0,0,0,0,0.0,0,0,0.0,0,0.0,0,7,1,False,2024-07-01,22.9,120.9,1000.0,-0.4999999999999998,-0.8660254037844388,0.0,0.0,8,0.0,0.0,0.0,0.0,0.0,0.0,0.0,0.0,1.0,0.0,0.0,0.0,0.0,0.0,0.0,0.0,0.0,0.0,0.0,0.0,0.0,0.0,0.0,0.0,0.0,0.0,train
503,2024,Agustus,JMRLL,Jamur Lainnya,0,0,0,0,0,0,0.0,0,0,0.0,0,0.0,0,8,1,False,2024-08-01,23.8,114.7,1000.0,-0.8660254037844384,-0.5000000000000004,0.0,0.0,8,0.0,0.0,0.0,0.0,0.0,0.0,0.0,0.0,1.0,0.0,0.0,0.0,0.0,0.0,0.0,0.0,0.0,0.0,0.0,0.0,0.0,0.0,0.0,0.0,0.0,0.0,train
529,2024,September,JMRLL,Jamur Lainnya,0,0,0,0,0,0,0.0,0,0,0.0,0,0.0,0,9,1,False,2024-09-01,23.8,177.0,1000.0,-1.0,-1.8369701987210297e-16,0.0,0.0,8,0.0,0.0,0.0,0.0,0.0,0.0,0.0,0.0,1.0,0.0,0.0,0.0,0.0,0.0,0.0,0.0,0.0,0.0,0.0,0.0,0.0,0.0,0.0,0.0,0.0,0.0,train
555,2024,Oktober,JMRLL,Jamur Lainnya,0,0,0,0,0,0,0.0,0,0,0.0,0,0.0,0,10,1,False,2024-10-01,24.3,297.6,1000.0,-0.8660254037844386,0.5000000000000001,0.0,0.0,8,0.0,0.0,0.0,0.0,0.0,0.0,0.0,0.0,1.0,0.0,0.0,0.0,0.0,0.0,0.0,0.0,0.0,0.0,0.0,0.0,0.0,0.0,0.0,0.0,0.0,0.0,train
581,2024,November,JMRLL,Jamur Lainnya,0,0,0,0,0,0,0.0,0,0,0.0,0,0.0,0,11,1,False,2024-11-01,23.4,393.0,1000.0,-0.5000000000000004,0.8660254037844384,0.0,0.0,8,0.0,0.0,0.0,0.0,0.0,0.0,0.0,0.0,1.0,0.0,0.0,0.0,0.0,0.0,0.0,0.0,0.0,0.0,0.0,0.0,0.0,0.0,0.0,0.0,0.0,0.0,train
607,2024,Desember,JMRLL,Jamur Lainnya,0,0,0,0,0,0,0.0,0,0,0.0,0,0.0,0,12,1,False,2024-12-01,23.2,384.4,1000.0,-2.4492935982947064e-16,1.0,0.0,0.0,8,0.0,0.0,0.0,0.0,0.0,0.0,0.0,0.0,1.0,0.0,0.0,0.0,0.0,0.0,0.0,0.0,0.0,0.0,0.0,0.0,0.0,0.0,0.0,0.0,0.0,0.0,train
633,2025,Januari,JMRLL,Jamur Lainnya,0,0,0,0,0,0,0.0,0,0,0.0,0,0.0,0,1,1,False,2025-01-01,22.8,282.1,1000.0,0.49999999999999994,0.8660254037844387,0.0,0.0,8,0.0,0.0,0.0,0.0,0.0,0.0,0.0,0.0,1.0,0.0,0.0,0.0,0.0,0.0,0.0,0.0,0.0,0.0,0.0,0.0,0.0,0.0,0.0,0.0,0.0,0.0,train
659,2025,Februari,JMRLL,Jamur Lainnya,0,0,0,0,0,0,0.0,0,0,0.0,0,0.0,0,2,1,False,2025-02-01,22.7,305.2,1000.0,0.8660254037844386,0.5000000000000001,0.0,0.0,8,0.0,0.0,0.0,0.0,0.0,0.0,0.0,0.0,1.0,0.0,0.0,0.0,0.0,0.0,0.0,0.0,0.0,0.0,0.0,0.0,0.0,0.0,0.0,0.0,0.0,0.0,train
685,2025,Maret,JMRLL,Jamur Lainnya,0,0,0,0,0,0,0.0,0,0,0.0,0,0.0,0,3,1,False,2025-03-01,23.2,316.2,1000.0,1.0,6.123233995736766e-17,0.0,0.0,8,0.0,0.0,0.0,0.0,0.0,0.0,0.0,0.0,1.0,0.0,0.0,0.0,0.0,0.0,0.0,0.0,0.0,0.0,0.0,0.0,0.0,0.0,0.0,0.0,0.0,0.0,train
711,2025,April,JMRLL,Jamur Lainnya,0,0,0,0,0,0,0.0,0,0,0.0,0,0.0,0,4,1,False,2025-04-01,23.1,309.0,1000.0,0.8660254037844387,-0.49999999999999983,0.0,0.0,8,0.0,0.0,0.0,0.0,0.0,0.0,0.0,0.0,1.0,0.0,0.0,0.0,0.0,0.0,0.0,0.0,0.0,0.0,0.0,0.0,0.0,0.0,0.0,0.0,0.0,0.0,train
737,2025,Mei,JMRLL,Jamur Lainnya,0,0,0,0,0,0,0.0,0,0,0.0,0,0.0,0,5,1,False,2025-05-01,23.4,285.2,1000.0,0.49999999999999994,-0.8660254037844387,0.0,0.0,8,0.0,0.0,0.0,0.0,0.0,0.0,0.0,0.0,1.0,0.0,0.0,0.0,0.0,0.0,0.0,0.0,0.0,0.0,0.0,0.0,0.0,0.0,0.0,0.0,0.0,0.0,val
763,2025,Juni,JMRLL,Jamur Lainnya,0,0,0,0,0,0,0.0,0,0,0.0,0,0.0,0,6,1,False,2025-06-01,22.9,300.0,1000.0,1.2246467991473532e-16,-1.0,0.0,0.0,8,0.0,0.0,0.0,0.0,0.0,0.0,0.0,0.0,1.0,0.0,0.0,0.0,0.0,0.0,0.0,0.0,0.0,0.0,0.0,0.0,0.0,0.0,0.0,0.0,0.0,0.0,val
789,2025,Juli,JMRLL,Jamur Lainnya,0,0,0,0,0,0,0.0,0,0,0.0,0,0.0,0,7,1,False,2025-07-01,22.9,120.9,1000.0,-0.4999999999999998,-0.8660254037844388,0.0,0.0,8,0.0,0.0,0.0,0.0,0.0,0.0,0.0,0.0,1.0,0.0,0.0,0.0,0.0,0.0,0.0,0.0,0.0,0.0,0.0,0.0,0.0,0.0,0.0,0.0,0.0,0.0,val
815,2025,Agustus,JMRLL,Jamur Lainnya,0,0,0,0,0,0,0.0,0,0,0.0,0,0.0,0,8,1,False,2025-08-01,22.9,114.7,1000.0,-0.8660254037844384,-0.5000000000000004,0.0,0.0,8,0.0,0.0,0.0,0.0,0.0,0.0,0.0,0.0,1.0,0.0,0.0,0.0,0.0,0.0,0.0,0.0,0.0,0.0,0.0,0.0,0.0,0.0,0.0,0.0,0.0,0.0,val
841,2025,September,JMRLL,Jamur Lainnya,0,0,0,0,0,0,0.0,0,0,0.0,0,0.0,0,9,1,False,2025-09-01,23.5,177.0,1000.0,-1.0,-1.8369701987210297e-16,0.0,0.0,8,0.0,0.0,0.0,0.0,0.0,0.0,0.0,0.0,1.0,0.0,0.0,0.0,0.0,0.0,0.0,0.0,0.0,0.0,0.0,0.0,0.0,0.0,0.0,0.0,0.0,0.0,val
867,2025,Oktober,JMRLL,Jamur Lainnya,0,0,0,0,0,0,0.0,0,0,0.0,0,0.0,0,10,1,False,2025-10-01,23.9,297.6,1000.0,-0.8660254037844386,0.5000000000000001,0.0,0.0,8,0.0,0.0,0.0,0.0,0.0,0.0,0.0,0.0,1.0,0.0,0.0,0.0,0.0,0.0,0.0,0.0,0.0,0.0,0.0,0.0,0.0,0.0,0.0,0.0,0.0,0.0,test
893,2025,November,JMRLL,Jamur Lainnya,0,0,0,0,0,0,0.0,0,0,0.0,0,0.0,0,11,1,False,2025-11-01,23.5,393.0,1000.0,-0.5000000000000004,0.8660254037844384,0.0,0.0,8,0.0,0.0,0.0,0.0,0.0,0.0,0.0,0.0,1.0,0.0,0.0,0.0,0.0,0.0,0.0,0.0,0.0,0.0,0.0,0.0,0.0,0.0,0.0,0.0,0.0,0.0,test
919,2025,Desember,JMRLL,Jamur Lainnya,0,0,0,0,0,0,0.0,0,0,0.0,0,0.0,0,12,1,False,2025-12-01,23.2,384.4,1000.0,-2.4492935982947064e-16,1.0,0.0,0.0,8,0.0,0.0,0.0,0.0,0.0,0.0,0.0,0.0,1.0,0.0,0.0,0.0,0.0,0.0,0.0,0.0,0.0,0.0,0.0,0.0,0.0,0.0,0.0,0.0,0.0,0.0,test
945,2026,Januari,JMRLL,Jamur Lainnya,0,0,0,0,0,0,0.0,0,0,0.0,0,0.0,0,1,1,False,2026-01-01,22.2,282.1,1000.0,0.49999999999999994,0.8660254037844387,0.0,0.0,8,0.0,0.0,0.0,0.0,0.0,0.0,0.0,0.0,1.0,0.0,0.0,0.0,0.0,0.0,0.0,0.0,0.0,0.0,0.0,0.0,0.0,0.0,0.0,0.0,0.0,0.0,test
973,2026,Februari,JMRLL,Jamur Lainnya,0,0,0,0,0,0,0.0,0,0,0.0,0,0.0,0,2,1,False,2026-02-01,22.5,306.3,1000.0,0.8660254037844386,0.5000000000000001,0.0,0.0,8,0.0,0.0,0.0,0.0,0.0,0.0,0.0,0.0,1.0,0.0,0.0,0.0,0.0,0.0,0.0,0.0,0.0,0.0,0.0,0.0,0.0,0.0,0.0,0.0,0.0,0.0,test
1001,2026,Maret,JMRLL,Jamur Lainnya,0,0,0,0,0,0,0.0,0,0,0.0,0,0.0,0,3,1,False,2026-03-01,23.0,315.8,1000.0,1.0,6.123233995736766e-17,0.0,0.0,8,0.0,0.0,0.0,0.0,0.0,0.0,0.0,0.0,1.0,0.0,0.0,0.0,0.0,0.0,0.0,0.0,0.0,0.0,0.0,0.0,0.0,0.0,0.0,0.0,0.0,0.0,test
88,2023,April,JMRMR,Jamur Merang,0,0,0,0,0,0,0.0,0,0,0.0,0,0.0,0,4,1,False,2023-04-01,23.3,309.0,1000.0,0.8660254037844387,-0.49999999999999983,0.0,0.0,9,0.0,0.0,0.0,0.0,0.0,0.0,0.0,0.0,0.0,1.0,0.0,0.0,0.0,0.0,0.0,0.0,0.0,0.0,0.0,0.0,0.0,0.0,0.0,0.0,0.0,0.0,train
114,2023,Mei,JMRMR,Jamur Merang,0,0,0,0,0,0,0.0,0,0,0.0,0,0.0,0,5,1,False,2023-05-01,23.6,285.2,1000.0,0.49999999999999994,-0.8660254037844387,0.0,0.0,9,0.0,0.0,0.0,0.0,0.0,0.0,0.0,0.0,0.0,1.0,0.0,0.0,0.0,0.0,0.0,0.0,0.0,0.0,0.0,0.0,0.0,0.0,0.0,0.0,0.0,0.0,train
140,2023,Juni,JMRMR,Jamur Merang,0,0,0,0,0,0,0.0,0,0,0.0,0,0.0,0,6,1,False,2023-06-01,23.3,300.0,1000.0,1.2246467991473532e-16,-1.0,0.0,0.0,9,0.0,0.0,0.0,0.0,0.0,0.0,0.0,0.0,0.0,1.0,0.0,0.0,0.0,0.0,0.0,0.0,0.0,0.0,0.0,0.0,0.0,0.0,0.0,0.0,0.0,0.0,train
166,2023,Juli,JMRMR,Jamur Merang,0,0,0,0,0,0,0.0,0,0,0.0,0,0.0,0,7,1,False,2023-07-01,23.0,120.9,1000.0,-0.4999999999999998,-0.8660254037844388,0.0,0.0,9,0.0,0.0,0.0,0.0,0.0,0.0,0.0,0.0,0.0,1.0,0.0,0.0,0.0,0.0,0.0,0.0,0.0,0.0,0.0,0.0,0.0,0.0,0.0,0.0,0.0,0.0,train
192,2023,Agustus,JMRMR,Jamur Merang,0,0,0,0,0,0,0.0,0,0,0.0,0,0.0,0,8,1,False,2023-08-01,23.9,114.7,1000.0,-0.8660254037844384,-0.5000000000000004,0.0,0.0,9,0.0,0.0,0.0,0.0,0.0,0.0,0.0,0.0,0.0,1.0,0.0,0.0,0.0,0.0,0.0,0.0,0.0,0.0,0.0,0.0,0.0,0.0,0.0,0.0,0.0,0.0,train
218,2023,September,JMRMR,Jamur Merang,0,0,0,0,0,0,0.0,0,0,0.0,0,0.0,0,9,1,False,2023-09-01,24.8,177.0,1000.0,-1.0,-1.8369701987210297e-16,0.0,0.0,9,0.0,0.0,0.0,0.0,0.0,0.0,0.0,0.0,0.0,1.0,0.0,0.0,0.0,0.0,0.0,0.0,0.0,0.0,0.0,0.0,0.0,0.0,0.0,0.0,0.0,0.0,train
244,2023,Oktober,JMRMR,Jamur Merang,0,0,0,0,0,0,0.0,0,0,0.0,0,0.0,0,10,1,False,2023-10-01,25.6,297.6,1000.0,-0.8660254037844386,0.5000000000000001,0.0,0.0,9,0.0,0.0,0.0,0.0,0.0,0.0,0.0,0.0,0.0,1.0,0.0,0.0,0.0,0.0,0.0,0.0,0.0,0.0,0.0,0.0,0.0,0.0,0.0,0.0,0.0,0.0,train
270,2023,November,JMRMR,Jamur Merang,0,0,0,0,0,0,0.0,0,0,0.0,0,0.0,0,11,1,False,2023-11-01,24.1,393.0,1000.0,-0.5000000000000004,0.8660254037844384,0.0,0.0,9,0.0,0.0,0.0,0.0,0.0,0.0,0.0,0.0,0.0,1.0,0.0,0.0,0.0,0.0,0.0,0.0,0.0,0.0,0.0,0.0,0.0,0.0,0.0,0.0,0.0,0.0,train
296,2023,Desember,JMRMR,Jamur Merang,0,0,0,0,0,0,0.0,0,0,0.0,0,0.0,0,12,1,False,2023-12-01,23.9,384.4,1000.0,-2.4492935982947064e-16,1.0,0.0,0.0,9,0.0,0.0,0.0,0.0,0.0,0.0,0.0,0.0,0.0,1.0,0.0,0.0,0.0,0.0,0.0,0.0,0.0,0.0,0.0,0.0,0.0,0.0,0.0,0.0,0.0,0.0,train
322,2024,Januari,JMRMR,Jamur Merang,0,0,0,0,0,0,0.0,0,0,0.0,0,0.0,0,1,1,False,2024-01-01,23.4,282.1,1000.0,0.49999999999999994,0.8660254037844387,0.0,0.0,9,0.0,0.0,0.0,0.0,0.0,0.0,0.0,0.0,0.0,1.0,0.0,0.0,0.0,0.0,0.0,0.0,0.0,0.0,0.0,0.0,0.0,0.0,0.0,0.0,0.0,0.0,train
348,2024,Februari,JMRMR,Jamur Merang,0,0,0,0,0,0,0.0,0,0,0.0,0,0.0,0,2,1,False,2024-02-01,23.5,316.1,1000.0,0.8660254037844386,0.5000000000000001,0.0,0.0,9,0.0,0.0,0.0,0.0,0.0,0.0,0.0,0.0,0.0,1.0,0.0,0.0,0.0,0.0,0.0,0.0,0.0,0.0,0.0,0.0,0.0,0.0,0.0,0.0,0.0,0.0,train
374,2024,Maret,JMRMR,Jamur Merang,0,0,0,0,0,0,0.0,0,0,0.0,0,0.0,0,3,1,False,2024-03-01,23.4,316.2,1000.0,1.0,6.123233995736766e-17,0.0,0.0,9,0.0,0.0,0.0,0.0,0.0,0.0,0.0,0.0,0.0,1.0,0.0,0.0,0.0,0.0,0.0,0.0,0.0,0.0,0.0,0.0,0.0,0.0,0.0,0.0,0.0,0.0,train
400,2024,April,JMRMR,Jamur Merang,0,0,0,0,0,0,0.0,0,0,0.0,0,0.0,0,4,1,False,2024-04-01,24.0,309.0,1000.0,0.8660254037844387,-0.49999999999999983,0.0,0.0,9,0.0,0.0,0.0,0.0,0.0,0.0,0.0,0.0,0.0,1.0,0.0,0.0,0.0,0.0,0.0,0.0,0.0,0.0,0.0,0.0,0.0,0.0,0.0,0.0,0.0,0.0,train
426,2024,Mei,JMRMR,Jamur Merang,0,0,0,0,0,0,0.0,0,0,0.0,0,0.0,0,5,1,False,2024-05-01,24.2,285.2,1000.0,0.49999999999999994,-0.8660254037844387,0.0,0.0,9,0.0,0.0,0.0,0.0,0.0,0.0,0.0,0.0,0.0,1.0,0.0,0.0,0.0,0.0,0.0,0.0,0.0,0.0,0.0,0.0,0.0,0.0,0.0,0.0,0.0,0.0,train
452,2024,Juni,JMRMR,Jamur Merang,0,0,0,0,0,0,0.0,0,0,0.0,0,0.0,0,6,1,False,2024-06-01,23.3,300.0,1000.0,1.2246467991473532e-16,-1.0,0.0,0.0,9,0.0,0.0,0.0,0.0,0.0,0.0,0.0,0.0,0.0,1.0,0.0,0.0,0.0,0.0,0.0,0.0,0.0,0.0,0.0,0.0,0.0,0.0,0.0,0.0,0.0,0.0,train
478,2024,Juli,JMRMR,Jamur Merang,0,0,0,0,0,0,0.0,0,0,0.0,0,0.0,0,7,1,False,2024-07-01,22.9,120.9,1000.0,-0.4999999999999998,-0.8660254037844388,0.0,0.0,9,0.0,0.0,0.0,0.0,0.0,0.0,0.0,0.0,0.0,1.0,0.0,0.0,0.0,0.0,0.0,0.0,0.0,0.0,0.0,0.0,0.0,0.0,0.0,0.0,0.0,0.0,train
504,2024,Agustus,JMRMR,Jamur Merang,0,0,0,0,0,0,0.0,0,0,0.0,0,0.0,0,8,1,False,2024-08-01,23.8,114.7,1000.0,-0.8660254037844384,-0.5000000000000004,0.0,0.0,9,0.0,0.0,0.0,0.0,0.0,0.0,0.0,0.0,0.0,1.0,0.0,0.0,0.0,0.0,0.0,0.0,0.0,0.0,0.0,0.0,0.0,0.0,0.0,0.0,0.0,0.0,train
530,2024,September,JMRMR,Jamur Merang,0,0,0,0,0,0,0.0,0,0,0.0,0,0.0,0,9,1,False,2024-09-01,23.8,177.0,1000.0,-1.0,-1.8369701987210297e-16,0.0,0.0,9,0.0,0.0,0.0,0.0,0.0,0.0,0.0,0.0,0.0,1.0,0.0,0.0,0.0,0.0,0.0,0.0,0.0,0.0,0.0,0.0,0.0,0.0,0.0,0.0,0.0,0.0,train
556,2024,Oktober,JMRMR,Jamur Merang,0,0,0,0,0,0,0.0,0,0,0.0,0,0.0,0,10,1,False,2024-10-01,24.3,297.6,1000.0,-0.8660254037844386,0.5000000000000001,0.0,0.0,9,0.0,0.0,0.0,0.0,0.0,0.0,0.0,0.0,0.0,1.0,0.0,0.0,0.0,0.0,0.0,0.0,0.0,0.0,0.0,0.0,0.0,0.0,0.0,0.0,0.0,0.0,train
582,2024,November,JMRMR,Jamur Merang,0,0,0,0,0,0,0.0,0,0,0.0,0,0.0,0,11,1,False,2024-11-01,23.4,393.0,1000.0,-0.5000000000000004,0.8660254037844384,0.0,0.0,9,0.0,0.0,0.0,0.0,0.0,0.0,0.0,0.0,0.0,1.0,0.0,0.0,0.0,0.0,0.0,0.0,0.0,0.0,0.0,0.0,0.0,0.0,0.0,0.0,0.0,0.0,train
608,2024,Desember,JMRMR,Jamur Merang,0,0,0,0,0,0,0.0,0,0,0.0,0,0.0,0,12,1,False,2024-12-01,23.2,384.4,1000.0,-2.4492935982947064e-16,1.0,0.0,0.0,9,0.0,0.0,0.0,0.0,0.0,0.0,0.0,0.0,0.0,1.0,0.0,0.0,0.0,0.0,0.0,0.0,0.0,0.0,0.0,0.0,0.0,0.0,0.0,0.0,0.0,0.0,train
634,2025,Januari,JMRMR,Jamur Merang,0,0,0,0,0,0,0.0,0,0,0.0,0,0.0,0,1,1,False,2025-01-01,22.8,282.1,1000.0,0.49999999999999994,0.8660254037844387,0.0,0.0,9,0.0,0.0,0.0,0.0,0.0,0.0,0.0,0.0,0.0,1.0,0.0,0.0,0.0,0.0,0.0,0.0,0.0,0.0,0.0,0.0,0.0,0.0,0.0,0.0,0.0,0.0,train
660,2025,Februari,JMRMR,Jamur Merang,0,0,0,0,0,0,0.0,0,0,0.0,0,0.0,0,2,1,False,2025-02-01,22.7,305.2,1000.0,0.8660254037844386,0.5000000000000001,0.0,0.0,9,0.0,0.0,0.0,0.0,0.0,0.0,0.0,0.0,0.0,1.0,0.0,0.0,0.0,0.0,0.0,0.0,0.0,0.0,0.0,0.0,0.0,0.0,0.0,0.0,0.0,0.0,train
686,2025,Maret,JMRMR,Jamur Merang,0,0,0,0,0,0,0.0,0,0,0.0,0,0.0,0,3,1,False,2025-03-01,23.2,316.2,1000.0,1.0,6.123233995736766e-17,0.0,0.0,9,0.0,0.0,0.0,0.0,0.0,0.0,0.0,0.0,0.0,1.0,0.0,0.0,0.0,0.0,0.0,0.0,0.0,0.0,0.0,0.0,0.0,0.0,0.0,0.0,0.0,0.0,train
712,2025,April,JMRMR,Jamur Merang,0,0,0,0,0,0,0.0,0,0,0.0,0,0.0,0,4,1,False,2025-04-01,23.1,309.0,1000.0,0.8660254037844387,-0.49999999999999983,0.0,0.0,9,0.0,0.0,0.0,0.0,0.0,0.0,0.0,0.0,0.0,1.0,0.0,0.0,0.0,0.0,0.0,0.0,0.0,0.0,0.0,0.0,0.0,0.0,0.0,0.0,0.0,0.0,train
738,2025,Mei,JMRMR,Jamur Merang,0,0,0,0,0,0,0.0,0,0,0.0,0,0.0,0,5,1,False,2025-05-01,23.4,285.2,1000.0,0.49999999999999994,-0.8660254037844387,0.0,0.0,9,0.0,0.0,0.0,0.0,0.0,0.0,0.0,0.0,0.0,1.0,0.0,0.0,0.0,0.0,0.0,0.0,0.0,0.0,0.0,0.0,0.0,0.0,0.0,0.0,0.0,0.0,val
764,2025,Juni,JMRMR,Jamur Merang,0,0,0,0,0,0,0.0,0,0,0.0,0,0.0,0,6,1,False,2025-06-01,22.9,300.0,1000.0,1.2246467991473532e-16,-1.0,0.0,0.0,9,0.0,0.0,0.0,0.0,0.0,0.0,0.0,0.0,0.0,1.0,0.0,0.0,0.0,0.0,0.0,0.0,0.0,0.0,0.0,0.0,0.0,0.0,0.0,0.0,0.0,0.0,val
790,2025,Juli,JMRMR,Jamur Merang,0,0,0,0,0,0,0.0,0,0,0.0,0,0.0,0,7,1,False,2025-07-01,22.9,120.9,1000.0,-0.4999999999999998,-0.8660254037844388,0.0,0.0,9,0.0,0.0,0.0,0.0,0.0,0.0,0.0,0.0,0.0,1.0,0.0,0.0,0.0,0.0,0.0,0.0,0.0,0.0,0.0,0.0,0.0,0.0,0.0,0.0,0.0,0.0,val
816,2025,Agustus,JMRMR,Jamur Merang,0,0,0,0,0,0,0.0,0,0,0.0,0,0.0,0,8,1,False,2025-08-01,22.9,114.7,1000.0,-0.8660254037844384,-0.5000000000000004,0.0,0.0,9,0.0,0.0,0.0,0.0,0.0,0.0,0.0,0.0,0.0,1.0,0.0,0.0,0.0,0.0,0.0,0.0,0.0,0.0,0.0,0.0,0.0,0.0,0.0,0.0,0.0,0.0,val
842,2025,September,JMRMR,Jamur Merang,0,0,0,0,0,0,0.0,0,0,0.0,0,0.0,0,9,1,False,2025-09-01,23.5,177.0,1000.0,-1.0,-1.8369701987210297e-16,0.0,0.0,9,0.0,0.0,0.0,0.0,0.0,0.0,0.0,0.0,0.0,1.0,0.0,0.0,0.0,0.0,0.0,0.0,0.0,0.0,0.0,0.0,0.0,0.0,0.0,0.0,0.0,0.0,val
868,2025,Oktober,JMRMR,Jamur Merang,0,0,0,0,0,0,0.0,0,0,0.0,0,0.0,0,10,1,False,2025-10-01,23.9,297.6,1000.0,-0.8660254037844386,0.5000000000000001,0.0,0.0,9,0.0,0.0,0.0,0.0,0.0,0.0,0.0,0.0,0.0,1.0,0.0,0.0,0.0,0.0,0.0,0.0,0.0,0.0,0.0,0.0,0.0,0.0,0.0,0.0,0.0,0.0,test
894,2025,November,JMRMR,Jamur Merang,0,0,0,0,0,0,0.0,0,0,0.0,0,0.0,0,11,1,False,2025-11-01,23.5,393.0,1000.0,-0.5000000000000004,0.8660254037844384,0.0,0.0,9,0.0,0.0,0.0,0.0,0.0,0.0,0.0,0.0,0.0,1.0,0.0,0.0,0.0,0.0,0.0,0.0,0.0,0.0,0.0,0.0,0.0,0.0,0.0,0.0,0.0,0.0,test
920,2025,Desember,JMRMR,Jamur Merang,0,0,0,0,0,0,0.0,0,0,0.0,0,0.0,0,12,1,False,2025-12-01,23.2,384.4,1000.0,-2.4492935982947064e-16,1.0,0.0,0.0,9,0.0,0.0,0.0,0.0,0.0,0.0,0.0,0.0,0.0,1.0,0.0,0.0,0.0,0.0,0.0,0.0,0.0,0.0,0.0,0.0,0.0,0.0,0.0,0.0,0.0,0.0,test
946,2026,Januari,JMRMR,Jamur Merang,0,0,0,0,0,0,0.0,0,0,0.0,0,0.0,0,1,1,False,2026-01-01,22.2,282.1,1000.0,0.49999999999999994,0.8660254037844387,0.0,0.0,9,0.0,0.0,0.0,0.0,0.0,0.0,0.0,0.0,0.0,1.0,0.0,0.0,0.0,0.0,0.0,0.0,0.0,0.0,0.0,0.0,0.0,0.0,0.0,0.0,0.0,0.0,test
974,2026,Februari,JMRMR,Jamur Merang,0,0,0,0,0,0,0.0,0,0,0.0,0,0.0,0,2,1,False,2026-02-01,22.5,306.3,1000.0,0.8660254037844386,0.5000000000000001,0.0,0.0,9,0.0,0.0,0.0,0.0,0.0,0.0,0.0,0.0,0.0,1.0,0.0,0.0,0.0,0.0,0.0,0.0,0.0,0.0,0.0,0.0,0.0,0.0,0.0,0.0,0.0,0.0,test
1002,2026,Maret,JMRMR,Jamur Merang,0,0,0,0,0,0,0.0,0,0,0.0,0,0.0,0,3,1,False,2026-03-01,23.0,315.8,1000.0,1.0,6.123233995736766e-17,0.0,0.0,9,0.0,0.0,0.0,0.0,0.0,0.0,0.0,0.0,0.0,1.0,0.0,0.0,0.0,0.0,0.0,0.0,0.0,0.0,0.0,0.0,0.0,0.0,0.0,0.0,0.0,0.0,test
89,2023,April,JMRTR,Jamur Tiram,0,0,0,0,0,0,0.0,0,12000,0.0,0,0.0,0,4,1,False,2023-04-01,23.3,309.0,1000.0,0.8660254037844387,-0.49999999999999983,0.0,0.0,10,0.0,0.0,0.0,0.0,0.0,0.0,0.0,0.0,0.0,0.0,1.0,0.0,0.0,0.0,0.0,0.0,0.0,0.0,0.0,0.0,0.0,0.0,0.0,0.0,0.0,0.0,train
115,2023,Mei,JMRTR,Jamur Tiram,0,0,0,0,0,0,0.0,0,12000,0.0,0,0.0,0,5,1,False,2023-05-01,23.6,285.2,1000.0,0.49999999999999994,-0.8660254037844387,0.0,0.0,10,0.0,0.0,0.0,0.0,0.0,0.0,0.0,0.0,0.0,0.0,1.0,0.0,0.0,0.0,0.0,0.0,0.0,0.0,0.0,0.0,0.0,0.0,0.0,0.0,0.0,0.0,train
141,2023,Juni,JMRTR,Jamur Tiram,0,0,0,0,0,0,0.0,0,12000,0.0,0,0.0,0,6,1,False,2023-06-01,23.3,300.0,1000.0,1.2246467991473532e-16,-1.0,0.0,0.0,10,0.0,0.0,0.0,0.0,0.0,0.0,0.0,0.0,0.0,0.0,1.0,0.0,0.0,0.0,0.0,0.0,0.0,0.0,0.0,0.0,0.0,0.0,0.0,0.0,0.0,0.0,train
167,2023,Juli,JMRTR,Jamur Tiram,0,0,0,0,0,0,0.0,0,12000,0.0,0,0.0,0,7,1,False,2023-07-01,23.0,120.9,1000.0,-0.4999999999999998,-0.8660254037844388,0.0,0.0,10,0.0,0.0,0.0,0.0,0.0,0.0,0.0,0.0,0.0,0.0,1.0,0.0,0.0,0.0,0.0,0.0,0.0,0.0,0.0,0.0,0.0,0.0,0.0,0.0,0.0,0.0,train
193,2023,Agustus,JMRTR,Jamur Tiram,0,0,0,0,0,0,0.0,0,12000,0.0,0,0.0,0,8,1,False,2023-08-01,23.9,114.7,1000.0,-0.8660254037844384,-0.5000000000000004,0.0,0.0,10,0.0,0.0,0.0,0.0,0.0,0.0,0.0,0.0,0.0,0.0,1.0,0.0,0.0,0.0,0.0,0.0,0.0,0.0,0.0,0.0,0.0,0.0,0.0,0.0,0.0,0.0,train
219,2023,September,JMRTR,Jamur Tiram,0,0,0,0,0,0,0.0,0,12000,0.0,0,0.0,0,9,1,False,2023-09-01,24.8,177.0,1000.0,-1.0,-1.8369701987210297e-16,0.0,0.0,10,0.0,0.0,0.0,0.0,0.0,0.0,0.0,0.0,0.0,0.0,1.0,0.0,0.0,0.0,0.0,0.0,0.0,0.0,0.0,0.0,0.0,0.0,0.0,0.0,0.0,0.0,train
245,2023,Oktober,JMRTR,Jamur Tiram,0,0,0,0,0,0,0.0,0,12000,0.0,0,0.0,0,10,1,False,2023-10-01,25.6,297.6,1000.0,-0.8660254037844386,0.5000000000000001,0.0,0.0,10,0.0,0.0,0.0,0.0,0.0,0.0,0.0,0.0,0.0,0.0,1.0,0.0,0.0,0.0,0.0,0.0,0.0,0.0,0.0,0.0,0.0,0.0,0.0,0.0,0.0,0.0,train
271,2023,November,JMRTR,Jamur Tiram,0,0,0,0,0,0,0.0,0,12000,0.0,0,0.0,0,11,1,False,2023-11-01,24.1,393.0,1000.0,-0.5000000000000004,0.8660254037844384,0.0,0.0,10,0.0,0.0,0.0,0.0,0.0,0.0,0.0,0.0,0.0,0.0,1.0,0.0,0.0,0.0,0.0,0.0,0.0,0.0,0.0,0.0,0.0,0.0,0.0,0.0,0.0,0.0,train
297,2023,Desember,JMRTR,Jamur Tiram,0,0,0,0,0,0,0.0,0,12000,0.0,0,0.0,0,12,1,False,2023-12-01,23.9,384.4,1000.0,-2.4492935982947064e-16,1.0,0.0,0.0,10,0.0,0.0,0.0,0.0,0.0,0.0,0.0,0.0,0.0,0.0,1.0,0.0,0.0,0.0,0.0,0.0,0.0,0.0,0.0,0.0,0.0,0.0,0.0,0.0,0.0,0.0,train
323,2024,Januari,JMRTR,Jamur Tiram,0,0,0,0,3,3,0.0,0,10000,0.0,0,0.0,0,1,1,False,2024-01-01,23.4,282.1,1000.0,0.49999999999999994,0.8660254037844387,0.0,0.0,10,0.0,0.0,0.0,0.0,0.0,0.0,0.0,0.0,0.0,0.0,1.0,0.0,0.0,0.0,0.0,0.0,0.0,0.0,0.0,0.0,0.0,0.0,0.0,0.0,0.0,0.0,train
349,2024,Februari,JMRTR,Jamur Tiram,3,3,0,0,15000,15000,0.0,0,10000,0.0,0,0.0,3,2,1,False,2024-02-01,23.5,316.1,1000.0,0.8660254037844386,0.5000000000000001,0.0,0.0,10,0.0,0.0,0.0,0.0,0.0,0.0,0.0,0.0,0.0,0.0,1.0,0.0,0.0,0.0,0.0,0.0,0.0,0.0,0.0,0.0,0.0,0.0,0.0,0.0,0.0,0.0,train
375,2024,Maret,JMRTR,Jamur Tiram,0,0,0,0,0,0,0.0,0,10000,0.0,0,0.0,0,3,1,False,2024-03-01,23.4,316.2,1000.0,1.0,6.123233995736766e-17,0.0,0.0,10,0.0,0.0,0.0,0.0,0.0,0.0,0.0,0.0,0.0,0.0,1.0,0.0,0.0,0.0,0.0,0.0,0.0,0.0,0.0,0.0,0.0,0.0,0.0,0.0,0.0,0.0,train
401,2024,April,JMRTR,Jamur Tiram,0,0,0,0,0,0,0.0,0,10000,0.0,0,0.0,0,4,1,False,2024-04-01,24.0,309.0,1000.0,0.8660254037844387,-0.49999999999999983,0.0,0.0,10,0.0,0.0,0.0,0.0,0.0,0.0,0.0,0.0,0.0,0.0,1.0,0.0,0.0,0.0,0.0,0.0,0.0,0.0,0.0,0.0,0.0,0.0,0.0,0.0,0.0,0.0,train
427,2024,Mei,JMRTR,Jamur Tiram,0,0,0,0,0,0,0.0,0,10000,0.0,0,0.0,0,5,1,False,2024-05-01,24.2,285.2,1000.0,0.49999999999999994,-0.8660254037844387,0.0,0.0,10,0.0,0.0,0.0,0.0,0.0,0.0,0.0,0.0,0.0,0.0,1.0,0.0,0.0,0.0,0.0,0.0,0.0,0.0,0.0,0.0,0.0,0.0,0.0,0.0,0.0,0.0,train
453,2024,Juni,JMRTR,Jamur Tiram,0,0,0,0,0,0,0.0,0,10000,0.0,0,0.0,0,6,1,False,2024-06-01,23.3,300.0,1000.0,1.2246467991473532e-16,-1.0,0.0,0.0,10,0.0,0.0,0.0,0.0,0.0,0.0,0.0,0.0,0.0,0.0,1.0,0.0,0.0,0.0,0.0,0.0,0.0,0.0,0.0,0.0,0.0,0.0,0.0,0.0,0.0,0.0,train
479,2024,Juli,JMRTR,Jamur Tiram,0,0,0,0,0,0,0.0,0,10000,0.0,0,0.0,0,7,1,False,2024-07-01,22.9,120.9,1000.0,-0.4999999999999998,-0.8660254037844388,0.0,0.0,10,0.0,0.0,0.0,0.0,0.0,0.0,0.0,0.0,0.0,0.0,1.0,0.0,0.0,0.0,0.0,0.0,0.0,0.0,0.0,0.0,0.0,0.0,0.0,0.0,0.0,0.0,train
505,2024,Agustus,JMRTR,Jamur Tiram,0,0,0,0,0,0,0.0,0,10000,0.0,0,0.0,0,8,1,False,2024-08-01,23.8,114.7,1000.0,-0.8660254037844384,-0.5000000000000004,0.0,0.0,10,0.0,0.0,0.0,0.0,0.0,0.0,0.0,0.0,0.0,0.0,1.0,0.0,0.0,0.0,0.0,0.0,0.0,0.0,0.0,0.0,0.0,0.0,0.0,0.0,0.0,0.0,train
531,2024,September,JMRTR,Jamur Tiram,0,0,0,0,0,0,0.0,0,10000,0.0,0,0.0,0,9,1,False,2024-09-01,23.8,177.0,1000.0,-1.0,-1.8369701987210297e-16,0.0,0.0,10,0.0,0.0,0.0,0.0,0.0,0.0,0.0,0.0,0.0,0.0,1.0,0.0,0.0,0.0,0.0,0.0,0.0,0.0,0.0,0.0,0.0,0.0,0.0,0.0,0.0,0.0,train
557,2024,Oktober,JMRTR,Jamur Tiram,0,0,0,0,0,0,0.0,0,10000,0.0,0,0.0,0,10,1,False,2024-10-01,24.3,297.6,1000.0,-0.8660254037844386,0.5000000000000001,0.0,0.0,10,0.0,0.0,0.0,0.0,0.0,0.0,0.0,0.0,0.0,0.0,1.0,0.0,0.0,0.0,0.0,0.0,0.0,0.0,0.0,0.0,0.0,0.0,0.0,0.0,0.0,0.0,train
583,2024,November,JMRTR,Jamur Tiram,0,0,0,0,0,0,0.0,0,10000,0.0,0,0.0,0,11,1,False,2024-11-01,23.4,393.0,1000.0,-0.5000000000000004,0.8660254037844384,0.0,0.0,10,0.0,0.0,0.0,0.0,0.0,0.0,0.0,0.0,0.0,0.0,1.0,0.0,0.0,0.0,0.0,0.0,0.0,0.0,0.0,0.0,0.0,0.0,0.0,0.0,0.0,0.0,train
609,2024,Desember,JMRTR,Jamur Tiram,0,0,0,0,0,0,0.0,0,10000,0.0,0,0.0,0,12,1,False,2024-12-01,23.2,384.4,1000.0,-2.4492935982947064e-16,1.0,0.0,0.0,10,0.0,0.0,0.0,0.0,0.0,0.0,0.0,0.0,0.0,0.0,1.0,0.0,0.0,0.0,0.0,0.0,0.0,0.0,0.0,0.0,0.0,0.0,0.0,0.0,0.0,0.0,train
635,2025,Januari,JMRTR,Jamur Tiram,1,0,0,0,0,1,0.0,0,0,0.0,0,0.0,0,1,1,False,2025-01-01,22.8,282.1,1000.0,0.49999999999999994,0.8660254037844387,0.0,0.0,10,0.0,0.0,0.0,0.0,0.0,0.0,0.0,0.0,0.0,0.0,1.0,0.0,0.0,0.0,0.0,0.0,0.0,0.0,0.0,0.0,0.0,0.0,0.0,0.0,0.0,0.0,train
661,2025,Februari,JMRTR,Jamur Tiram,1,1,0,0,1,1,0.4,0,12000,40.0,0,40.0,1,2,0,False,2025-02-01,22.7,305.2,1000.0,0.8660254037844386,0.5000000000000001,0.0,0.0,10,0.0,0.0,0.0,0.0,0.0,0.0,0.0,0.0,0.0,0.0,1.0,0.0,0.0,0.0,0.0,0.0,0.0,0.0,0.0,0.0,0.0,0.0,0.0,0.0,0.0,0.0,train
687,2025,Maret,JMRTR,Jamur Tiram,1,1,0,0,0,0,0.4,0,12000,40.0,0,40.0,1,3,0,False,2025-03-01,23.2,316.2,1000.0,1.0,6.123233995736766e-17,40.0,13.333333333333334,10,0.0,0.0,0.0,0.0,0.0,0.0,0.0,0.0,0.0,0.0,1.0,0.0,0.0,0.0,0.0,0.0,0.0,0.0,0.0,0.0,0.0,0.0,0.0,0.0,0.0,0.0,train
713,2025,April,JMRTR,Jamur Tiram,0,0,0,0,0,0,0.0,0,0,0.0,0,0.0,0,4,1,False,2025-04-01,23.1,309.0,1000.0,0.8660254037844387,-0.49999999999999983,40.0,26.666666666666668,10,0.0,0.0,0.0,0.0,0.0,0.0,0.0,0.0,0.0,0.0,1.0,0.0,0.0,0.0,0.0,0.0,0.0,0.0,0.0,0.0,0.0,0.0,0.0,0.0,0.0,0.0,train
739,2025,Mei,JMRTR,Jamur Tiram,0,0,0,0,0,0,0.0,0,0,0.0,0,0.0,0,5,1,False,2025-05-01,23.4,285.2,1000.0,0.49999999999999994,-0.8660254037844387,0.0,26.666666666666668,10,0.0,0.0,0.0,0.0,0.0,0.0,0.0,0.0,0.0,0.0,1.0,0.0,0.0,0.0,0.0,0.0,0.0,0.0,0.0,0.0,0.0,0.0,0.0,0.0,0.0,0.0,val
765,2025,Juni,JMRTR,Jamur Tiram,0,0,0,0,0,0,0.0,0,0,0.0,0,0.0,0,6,1,False,2025-06-01,22.9,300.0,1000.0,1.2246467991473532e-16,-1.0,0.0,13.333333333333334,10,0.0,0.0,0.0,0.0,0.0,0.0,0.0,0.0,0.0,0.0,1.0,0.0,0.0,0.0,0.0,0.0,0.0,0.0,0.0,0.0,0.0,0.0,0.0,0.0,0.0,0.0,val
791,2025,Juli,JMRTR,Jamur Tiram,0,0,0,0,0,0,0.0,0,0,0.0,0,0.0,0,7,1,False,2025-07-01,22.9,120.9,1000.0,-0.4999999999999998,-0.8660254037844388,0.0,0.0,10,0.0,0.0,0.0,0.0,0.0,0.0,0.0,0.0,0.0,0.0,1.0,0.0,0.0,0.0,0.0,0.0,0.0,0.0,0.0,0.0,0.0,0.0,0.0,0.0,0.0,0.0,val
817,2025,Agustus,JMRTR,Jamur Tiram,0,0,0,0,0,0,0.0,0,0,0.0,0,0.0,0,8,1,False,2025-08-01,22.9,114.7,1000.0,-0.8660254037844384,-0.5000000000000004,0.0,0.0,10,0.0,0.0,0.0,0.0,0.0,0.0,0.0,0.0,0.0,0.0,1.0,0.0,0.0,0.0,0.0,0.0,0.0,0.0,0.0,0.0,0.0,0.0,0.0,0.0,0.0,0.0,val
843,2025,September,JMRTR,Jamur Tiram,0,0,0,0,0,0,0.0,0,0,0.0,0,0.0,0,9,1,False,2025-09-01,23.5,177.0,1000.0,-1.0,-1.8369701987210297e-16,0.0,0.0,10,0.0,0.0,0.0,0.0,0.0,0.0,0.0,0.0,0.0,0.0,1.0,0.0,0.0,0.0,0.0,0.0,0.0,0.0,0.0,0.0,0.0,0.0,0.0,0.0,0.0,0.0,val
869,2025,Oktober,JMRTR,Jamur Tiram,0,0,0,0,0,0,0.0,0,0,0.0,0,0.0,0,10,1,False,2025-10-01,23.9,297.6,1000.0,-0.8660254037844386,0.5000000000000001,0.0,0.0,10,0.0,0.0,0.0,0.0,0.0,0.0,0.0,0.0,0.0,0.0,1.0,0.0,0.0,0.0,0.0,0.0,0.0,0.0,0.0,0.0,0.0,0.0,0.0,0.0,0.0,0.0,test
895,2025,November,JMRTR,Jamur Tiram,0,0,0,0,0,0,0.0,0,0,0.0,0,0.0,0,11,1,False,2025-11-01,23.5,393.0,1000.0,-0.5000000000000004,0.8660254037844384,0.0,0.0,10,0.0,0.0,0.0,0.0,0.0,0.0,0.0,0.0,0.0,0.0,1.0,0.0,0.0,0.0,0.0,0.0,0.0,0.0,0.0,0.0,0.0,0.0,0.0,0.0,0.0,0.0,test
921,2025,Desember,JMRTR,Jamur Tiram,0,0,0,0,0,0,0.0,0,0,0.0,0,0.0,0,12,1,False,2025-12-01,23.2,384.4,1000.0,-2.4492935982947064e-16,1.0,0.0,0.0,10,0.0,0.0,0.0,0.0,0.0,0.0,0.0,0.0,0.0,0.0,1.0,0.0,0.0,0.0,0.0,0.0,0.0,0.0,0.0,0.0,0.0,0.0,0.0,0.0,0.0,0.0,test
947,2026,Januari,JMRTR,Jamur Tiram,0,0,0,0,3,3,0.0,0,0,0.0,0,0.0,0,1,1,False,2026-01-01,22.2,282.1,1000.0,0.49999999999999994,0.8660254037844387,0.0,0.0,10,0.0,0.0,0.0,0.0,0.0,0.0,0.0,0.0,0.0,0.0,1.0,0.0,0.0,0.0,0.0,0.0,0.0,0.0,0.0,0.0,0.0,0.0,0.0,0.0,0.0,0.0,test
975,2026,Februari,JMRTR,Jamur Tiram,3,3,0,0,15000,15000,0.2,0,10000,20.0,0,20.0,3,2,0,False,2026-02-01,22.5,306.3,1000.0,0.8660254037844386,0.5000000000000001,0.0,0.0,10,0.0,0.0,0.0,0.0,0.0,0.0,0.0,0.0,0.0,0.0,1.0,0.0,0.0,0.0,0.0,0.0,0.0,0.0,0.0,0.0,0.0,0.0,0.0,0.0,0.0,0.0,test
1003,2026,Maret,JMRTR,Jamur Tiram,15000,8000,7000,0,3000,10000,750.0,800,12000,75000.0,80000,155000.0,15000,3,0,True,2026-03-01,23.0,315.8,1000.0,1.0,6.123233995736766e-17,20.0,6.666666666666667,10,0.0,0.0,0.0,0.0,0.0,0.0,0.0,0.0,0.0,0.0,1.0,0.0,0.0,0.0,0.0,0.0,0.0,0.0,0.0,0.0,0.0,0.0,0.0,0.0,0.0,0.0,test
90,2023,April,KCGPJ,Kacang Panjang,0,0,0,0,0,0,0.0,0,0,0.0,0,0.0,0,4,1,False,2023-04-01,23.3,309.0,400.0,0.8660254037844387,-0.49999999999999983,0.0,0.0,11,0.0,0.0,0.0,0.0,0.0,0.0,0.0,0.0,0.0,0.0,0.0,1.0,0.0,0.0,0.0,0.0,0.0,0.0,0.0,0.0,0.0,0.0,0.0,0.0,0.0,0.0,train
116,2023,Mei,KCGPJ,Kacang Panjang,0,0,0,0,0,0,0.0,0,0,0.0,0,0.0,0,5,1,False,2023-05-01,23.6,285.2,400.0,0.49999999999999994,-0.8660254037844387,0.0,0.0,11,0.0,0.0,0.0,0.0,0.0,0.0,0.0,0.0,0.0,0.0,0.0,1.0,0.0,0.0,0.0,0.0,0.0,0.0,0.0,0.0,0.0,0.0,0.0,0.0,0.0,0.0,train
142,2023,Juni,KCGPJ,Kacang Panjang,0,0,0,0,0,0,0.0,0,0,0.0,0,0.0,0,6,1,False,2023-06-01,23.3,300.0,400.0,1.2246467991473532e-16,-1.0,0.0,0.0,11,0.0,0.0,0.0,0.0,0.0,0.0,0.0,0.0,0.0,0.0,0.0,1.0,0.0,0.0,0.0,0.0,0.0,0.0,0.0,0.0,0.0,0.0,0.0,0.0,0.0,0.0,train
168,2023,Juli,KCGPJ,Kacang Panjang,0,0,0,0,0,0,0.0,0,0,0.0,0,0.0,0,7,1,False,2023-07-01,23.0,120.9,400.0,-0.4999999999999998,-0.8660254037844388,0.0,0.0,11,0.0,0.0,0.0,0.0,0.0,0.0,0.0,0.0,0.0,0.0,0.0,1.0,0.0,0.0,0.0,0.0,0.0,0.0,0.0,0.0,0.0,0.0,0.0,0.0,0.0,0.0,train
194,2023,Agustus,KCGPJ,Kacang Panjang,0,0,0,0,0,0,0.0,0,0,0.0,0,0.0,0,8,1,False,2023-08-01,23.9,114.7,400.0,-0.8660254037844384,-0.5000000000000004,0.0,0.0,11,0.0,0.0,0.0,0.0,0.0,0.0,0.0,0.0,0.0,0.0,0.0,1.0,0.0,0.0,0.0,0.0,0.0,0.0,0.0,0.0,0.0,0.0,0.0,0.0,0.0,0.0,train
220,2023,September,KCGPJ,Kacang Panjang,0,0,0,0,0,0,0.0,0,0,0.0,0,0.0,0,9,1,False,2023-09-01,24.8,177.0,400.0,-1.0,-1.8369701987210297e-16,0.0,0.0,11,0.0,0.0,0.0,0.0,0.0,0.0,0.0,0.0,0.0,0.0,0.0,1.0,0.0,0.0,0.0,0.0,0.0,0.0,0.0,0.0,0.0,0.0,0.0,0.0,0.0,0.0,train
246,2023,Oktober,KCGPJ,Kacang Panjang,0,0,0,0,0,0,0.0,0,0,0.0,0,0.0,0,10,1,False,2023-10-01,25.6,297.6,400.0,-0.8660254037844386,0.5000000000000001,0.0,0.0,11,0.0,0.0,0.0,0.0,0.0,0.0,0.0,0.0,0.0,0.0,0.0,1.0,0.0,0.0,0.0,0.0,0.0,0.0,0.0,0.0,0.0,0.0,0.0,0.0,0.0,0.0,train
272,2023,November,KCGPJ,Kacang Panjang,0,0,0,0,0,0,0.0,0,0,0.0,0,0.0,0,11,1,False,2023-11-01,24.1,393.0,400.0,-0.5000000000000004,0.8660254037844384,0.0,0.0,11,0.0,0.0,0.0,0.0,0.0,0.0,0.0,0.0,0.0,0.0,0.0,1.0,0.0,0.0,0.0,0.0,0.0,0.0,0.0,0.0,0.0,0.0,0.0,0.0,0.0,0.0,train
298,2023,Desember,KCGPJ,Kacang Panjang,0,0,0,0,0,0,0.0,0,0,0.0,0,0.0,0,12,1,False,2023-12-01,23.9,384.4,400.0,-2.4492935982947064e-16,1.0,0.0,0.0,11,0.0,0.0,0.0,0.0,0.0,0.0,0.0,0.0,0.0,0.0,0.0,1.0,0.0,0.0,0.0,0.0,0.0,0.0,0.0,0.0,0.0,0.0,0.0,0.0,0.0,0.0,train
324,2024,Januari,KCGPJ,Kacang Panjang,0,0,0,0,2,2,0.0,0,4000,0.0,0,0.0,0,1,1,False,2024-01-01,23.4,282.1,400.0,0.49999999999999994,0.8660254037844387,0.0,0.0,11,0.0,0.0,0.0,0.0,0.0,0.0,0.0,0.0,0.0,0.0,0.0,1.0,0.0,0.0,0.0,0.0,0.0,0.0,0.0,0.0,0.0,0.0,0.0,0.0,0.0,0.0,train
350,2024,Februari,KCGPJ,Kacang Panjang,2,1,0,0,2,3,80.0,0,4000,8000.0,0,8000.0,1,2,0,False,2024-02-01,23.5,316.1,400.0,0.8660254037844386,0.5000000000000001,0.0,0.0,11,0.0,0.0,0.0,0.0,0.0,0.0,0.0,0.0,0.0,0.0,0.0,1.0,0.0,0.0,0.0,0.0,0.0,0.0,0.0,0.0,0.0,0.0,0.0,0.0,0.0,0.0,train
376,2024,Maret,KCGPJ,Kacang Panjang,3,1,2,0,1,3,80.0,160,4000,8000.0,16000,24000.0,3,3,0,False,2024-03-01,23.4,316.2,400.0,1.0,6.123233995736766e-17,8000.0,2666.6666666666665,11,0.0,0.0,0.0,0.0,0.0,0.0,0.0,0.0,0.0,0.0,0.0,1.0,0.0,0.0,0.0,0.0,0.0,0.0,0.0,0.0,0.0,0.0,0.0,0.0,0.0,0.0,train
402,2024,April,KCGPJ,Kacang Panjang,0,0,0,0,0,0,0.0,0,4000,0.0,0,0.0,0,4,1,False,2024-04-01,24.0,309.0,400.0,0.8660254037844387,-0.49999999999999983,24000.0,10666.666666666666,11,0.0,0.0,0.0,0.0,0.0,0.0,0.0,0.0,0.0,0.0,0.0,1.0,0.0,0.0,0.0,0.0,0.0,0.0,0.0,0.0,0.0,0.0,0.0,0.0,0.0,0.0,train
428,2024,Mei,KCGPJ,Kacang Panjang,0,0,0,0,0,0,0.0,0,4000,0.0,0,0.0,0,5,1,False,2024-05-01,24.2,285.2,400.0,0.49999999999999994,-0.8660254037844387,0.0,10666.666666666666,11,0.0,0.0,0.0,0.0,0.0,0.0,0.0,0.0,0.0,0.0,0.0,1.0,0.0,0.0,0.0,0.0,0.0,0.0,0.0,0.0,0.0,0.0,0.0,0.0,0.0,0.0,train
454,2024,Juni,KCGPJ,Kacang Panjang,0,0,0,0,0,0,0.0,0,4000,0.0,0,0.0,0,6,1,False,2024-06-01,23.3,300.0,400.0,1.2246467991473532e-16,-1.0,0.0,8000.0,11,0.0,0.0,0.0,0.0,0.0,0.0,0.0,0.0,0.0,0.0,0.0,1.0,0.0,0.0,0.0,0.0,0.0,0.0,0.0,0.0,0.0,0.0,0.0,0.0,0.0,0.0,train
480,2024,Juli,KCGPJ,Kacang Panjang,0,0,0,0,0,0,0.0,0,4000,0.0,0,0.0,0,7,1,False,2024-07-01,22.9,120.9,400.0,-0.4999999999999998,-0.8660254037844388,0.0,0.0,11,0.0,0.0,0.0,0.0,0.0,0.0,0.0,0.0,0.0,0.0,0.0,1.0,0.0,0.0,0.0,0.0,0.0,0.0,0.0,0.0,0.0,0.0,0.0,0.0,0.0,0.0,train
506,2024,Agustus,KCGPJ,Kacang Panjang,0,0,0,0,0,0,0.0,0,4000,0.0,0,0.0,0,8,1,False,2024-08-01,23.8,114.7,400.0,-0.8660254037844384,-0.5000000000000004,0.0,0.0,11,0.0,0.0,0.0,0.0,0.0,0.0,0.0,0.0,0.0,0.0,0.0,1.0,0.0,0.0,0.0,0.0,0.0,0.0,0.0,0.0,0.0,0.0,0.0,0.0,0.0,0.0,train
532,2024,September,KCGPJ,Kacang Panjang,0,0,0,0,0,0,0.0,0,4000,0.0,0,0.0,0,9,1,False,2024-09-01,23.8,177.0,400.0,-1.0,-1.8369701987210297e-16,0.0,0.0,11,0.0,0.0,0.0,0.0,0.0,0.0,0.0,0.0,0.0,0.0,0.0,1.0,0.0,0.0,0.0,0.0,0.0,0.0,0.0,0.0,0.0,0.0,0.0,0.0,0.0,0.0,train
558,2024,Oktober,KCGPJ,Kacang Panjang,0,0,0,0,0,0,0.0,0,4000,0.0,0,0.0,0,10,1,False,2024-10-01,24.3,297.6,400.0,-0.8660254037844386,0.5000000000000001,0.0,0.0,11,0.0,0.0,0.0,0.0,0.0,0.0,0.0,0.0,0.0,0.0,0.0,1.0,0.0,0.0,0.0,0.0,0.0,0.0,0.0,0.0,0.0,0.0,0.0,0.0,0.0,0.0,train
584,2024,November,KCGPJ,Kacang Panjang,0,0,0,0,0,0,0.0,0,4000,0.0,0,0.0,0,11,1,False,2024-11-01,23.4,393.0,400.0,-0.5000000000000004,0.8660254037844384,0.0,0.0,11,0.0,0.0,0.0,0.0,0.0,0.0,0.0,0.0,0.0,0.0,0.0,1.0,0.0,0.0,0.0,0.0,0.0,0.0,0.0,0.0,0.0,0.0,0.0,0.0,0.0,0.0,train
610,2024,Desember,KCGPJ,Kacang Panjang,0,0,0,0,0,0,0.0,0,4000,0.0,0,0.0,0,12,1,False,2024-12-01,23.2,384.4,400.0,-2.4492935982947064e-16,1.0,0.0,0.0,11,0.0,0.0,0.0,0.0,0.0,0.0,0.0,0.0,0.0,0.0,0.0,1.0,0.0,0.0,0.0,0.0,0.0,0.0,0.0,0.0,0.0,0.0,0.0,0.0,0.0,0.0,train
636,2025,Januari,KCGPJ,Kacang Panjang,0,0,0,0,0,0,0.0,0,0,0.0,0,0.0,0,1,1,False,2025-01-01,22.8,282.1,400.0,0.49999999999999994,0.8660254037844387,0.0,0.0,11,0.0,0.0,0.0,0.0,0.0,0.0,0.0,0.0,0.0,0.0,0.0,1.0,0.0,0.0,0.0,0.0,0.0,0.0,0.0,0.0,0.0,0.0,0.0,0.0,0.0,0.0,train
662,2025,Februari,KCGPJ,Kacang Panjang,0,0,0,0,0,0,0.0,0,0,0.0,0,0.0,0,2,1,False,2025-02-01,22.7,305.2,400.0,0.8660254037844386,0.5000000000000001,0.0,0.0,11,0.0,0.0,0.0,0.0,0.0,0.0,0.0,0.0,0.0,0.0,0.0,1.0,0.0,0.0,0.0,0.0,0.0,0.0,0.0,0.0,0.0,0.0,0.0,0.0,0.0,0.0,train
688,2025,Maret,KCGPJ,Kacang Panjang,0,0,0,0,0,0,0.0,0,0,0.0,0,0.0,0,3,1,False,2025-03-01,23.2,316.2,400.0,1.0,6.123233995736766e-17,0.0,0.0,11,0.0,0.0,0.0,0.0,0.0,0.0,0.0,0.0,0.0,0.0,0.0,1.0,0.0,0.0,0.0,0.0,0.0,0.0,0.0,0.0,0.0,0.0,0.0,0.0,0.0,0.0,train
714,2025,April,KCGPJ,Kacang Panjang,0,0,0,0,0,0,0.0,0,0,0.0,0,0.0,0,4,1,False,2025-04-01,23.1,309.0,400.0,0.8660254037844387,-0.49999999999999983,0.0,0.0,11,0.0,0.0,0.0,0.0,0.0,0.0,0.0,0.0,0.0,0.0,0.0,1.0,0.0,0.0,0.0,0.0,0.0,0.0,0.0,0.0,0.0,0.0,0.0,0.0,0.0,0.0,train
740,2025,Mei,KCGPJ,Kacang Panjang,0,0,0,0,0,0,0.0,0,0,0.0,0,0.0,0,5,1,False,2025-05-01,23.4,285.2,400.0,0.49999999999999994,-0.8660254037844387,0.0,0.0,11,0.0,0.0,0.0,0.0,0.0,0.0,0.0,0.0,0.0,0.0,0.0,1.0,0.0,0.0,0.0,0.0,0.0,0.0,0.0,0.0,0.0,0.0,0.0,0.0,0.0,0.0,val
766,2025,Juni,KCGPJ,Kacang Panjang,0,0,0,0,0,0,0.0,0,0,0.0,0,0.0,0,6,1,False,2025-06-01,22.9,300.0,400.0,1.2246467991473532e-16,-1.0,0.0,0.0,11,0.0,0.0,0.0,0.0,0.0,0.0,0.0,0.0,0.0,0.0,0.0,1.0,0.0,0.0,0.0,0.0,0.0,0.0,0.0,0.0,0.0,0.0,0.0,0.0,0.0,0.0,val
792,2025,Juli,KCGPJ,Kacang Panjang,0,0,0,0,0,0,0.0,0,0,0.0,0,0.0,0,7,1,False,2025-07-01,22.9,120.9,400.0,-0.4999999999999998,-0.8660254037844388,0.0,0.0,11,0.0,0.0,0.0,0.0,0.0,0.0,0.0,0.0,0.0,0.0,0.0,1.0,0.0,0.0,0.0,0.0,0.0,0.0,0.0,0.0,0.0,0.0,0.0,0.0,0.0,0.0,val
818,2025,Agustus,KCGPJ,Kacang Panjang,0,0,0,0,0,0,0.0,0,0,0.0,0,0.0,0,8,1,False,2025-08-01,22.9,114.7,400.0,-0.8660254037844384,-0.5000000000000004,0.0,0.0,11,0.0,0.0,0.0,0.0,0.0,0.0,0.0,0.0,0.0,0.0,0.0,1.0,0.0,0.0,0.0,0.0,0.0,0.0,0.0,0.0,0.0,0.0,0.0,0.0,0.0,0.0,val
844,2025,September,KCGPJ,Kacang Panjang,0,0,0,0,0,0,0.0,0,0,0.0,0,0.0,0,9,1,False,2025-09-01,23.5,177.0,400.0,-1.0,-1.8369701987210297e-16,0.0,0.0,11,0.0,0.0,0.0,0.0,0.0,0.0,0.0,0.0,0.0,0.0,0.0,1.0,0.0,0.0,0.0,0.0,0.0,0.0,0.0,0.0,0.0,0.0,0.0,0.0,0.0,0.0,val
870,2025,Oktober,KCGPJ,Kacang Panjang,0,0,0,0,0,0,0.0,0,0,0.0,0,0.0,0,10,1,False,2025-10-01,23.9,297.6,400.0,-0.8660254037844386,0.5000000000000001,0.0,0.0,11,0.0,0.0,0.0,0.0,0.0,0.0,0.0,0.0,0.0,0.0,0.0,1.0,0.0,0.0,0.0,0.0,0.0,0.0,0.0,0.0,0.0,0.0,0.0,0.0,0.0,0.0,test
896,2025,November,KCGPJ,Kacang Panjang,0,0,0,0,0,0,0.0,0,0,0.0,0,0.0,0,11,1,False,2025-11-01,23.5,393.0,400.0,-0.5000000000000004,0.8660254037844384,0.0,0.0,11,0.0,0.0,0.0,0.0,0.0,0.0,0.0,0.0,0.0,0.0,0.0,1.0,0.0,0.0,0.0,0.0,0.0,0.0,0.0,0.0,0.0,0.0,0.0,0.0,0.0,0.0,test
922,2025,Desember,KCGPJ,Kacang Panjang,0,0,0,0,0,0,0.0,0,0,0.0,0,0.0,0,12,1,False,2025-12-01,23.2,384.4,400.0,-2.4492935982947064e-16,1.0,0.0,0.0,11,0.0,0.0,0.0,0.0,0.0,0.0,0.0,0.0,0.0,0.0,0.0,1.0,0.0,0.0,0.0,0.0,0.0,0.0,0.0,0.0,0.0,0.0,0.0,0.0,0.0,0.0,test
949,2026,Januari,KCGPJ,Kacang Panjang,0,0,0,0,2,2,0.0,0,0,0.0,0,0.0,0,1,1,False,2026-01-01,22.2,282.1,400.0,0.49999999999999994,0.8660254037844387,0.0,0.0,11,0.0,0.0,0.0,0.0,0.0,0.0,0.0,0.0,0.0,0.0,0.0,1.0,0.0,0.0,0.0,0.0,0.0,0.0,0.0,0.0,0.0,0.0,0.0,0.0,0.0,0.0,test
977,2026,Februari,KCGPJ,Kacang Panjang,2,1,0,0,2,3,80.0,0,4000,8000.0,0,8000.0,1,2,0,False,2026-02-01,22.5,306.3,400.0,0.8660254037844386,0.5000000000000001,0.0,0.0,11,0.0,0.0,0.0,0.0,0.0,0.0,0.0,0.0,0.0,0.0,0.0,1.0,0.0,0.0,0.0,0.0,0.0,0.0,0.0,0.0,0.0,0.0,0.0,0.0,0.0,0.0,test
1005,2026,Maret,KCGPJ,Kacang Panjang,3,1,2,0,1,3,80.0,160,4000,8000.0,16000,24000.0,3,3,0,False,2026-03-01,23.0,315.8,400.0,1.0,6.123233995736766e-17,8000.0,2666.6666666666665,11,0.0,0.0,0.0,0.0,0.0,0.0,0.0,0.0,0.0,0.0,0.0,1.0,0.0,0.0,0.0,0.0,0.0,0.0,0.0,0.0,0.0,0.0,0.0,0.0,0.0,0.0,test
91,2023,April,KKG,Kangkung,4,1,3,0,1,4,80.0,240,5500,8000.0,24000,32000.0,4,4,0,False,2023-04-01,23.3,309.0,250.0,0.8660254037844387,-0.49999999999999983,32000.0,32000.0,12,0.0,0.0,0.0,0.0,0.0,0.0,0.0,0.0,0.0,0.0,0.0,0.0,1.0,0.0,0.0,0.0,0.0,0.0,0.0,0.0,0.0,0.0,0.0,0.0,0.0,0.0,train
117,2023,Mei,KKG,Kangkung,4,1,3,0,1,4,80.0,240,5500,8000.0,24000,32000.0,4,5,0,False,2023-05-01,23.6,285.2,250.0,0.49999999999999994,-0.8660254037844387,32000.0,32000.0,12,0.0,0.0,0.0,0.0,0.0,0.0,0.0,0.0,0.0,0.0,0.0,0.0,1.0,0.0,0.0,0.0,0.0,0.0,0.0,0.0,0.0,0.0,0.0,0.0,0.0,0.0,train
143,2023,Juni,KKG,Kangkung,4,1,3,0,1,4,70.0,210,5500,7000.0,21000,28000.0,4,6,0,False,2023-06-01,23.3,300.0,250.0,1.2246467991473532e-16,-1.0,32000.0,32000.0,12,0.0,0.0,0.0,0.0,0.0,0.0,0.0,0.0,0.0,0.0,0.0,0.0,1.0,0.0,0.0,0.0,0.0,0.0,0.0,0.0,0.0,0.0,0.0,0.0,0.0,0.0,train
169,2023,Juli,KKG,Kangkung,4,1,0,0,1,4,60.0,0,6000,6000.0,0,6000.0,1,7,0,False,2023-07-01,23.0,120.9,250.0,-0.4999999999999998,-0.8660254037844388,28000.0,30666.666666666668,12,0.0,0.0,0.0,0.0,0.0,0.0,0.0,0.0,0.0,0.0,0.0,0.0,1.0,0.0,0.0,0.0,0.0,0.0,0.0,0.0,0.0,0.0,0.0,0.0,0.0,0.0,train
195,2023,Agustus,KKG,Kangkung,4,1,0,0,1,4,75.0,0,4000,7500.0,0,7500.0,1,8,0,False,2023-08-01,23.9,114.7,250.0,-0.8660254037844384,-0.5000000000000004,6000.0,22000.0,12,0.0,0.0,0.0,0.0,0.0,0.0,0.0,0.0,0.0,0.0,0.0,0.0,1.0,0.0,0.0,0.0,0.0,0.0,0.0,0.0,0.0,0.0,0.0,0.0,0.0,0.0,train
221,2023,September,KKG,Kangkung,4,2,0,0,2,4,145.0,0,5000,14500.0,0,14500.0,2,9,0,False,2023-09-01,24.8,177.0,250.0,-1.0,-1.8369701987210297e-16,7500.0,13833.333333333334,12,0.0,0.0,0.0,0.0,0.0,0.0,0.0,0.0,0.0,0.0,0.0,0.0,1.0,0.0,0.0,0.0,0.0,0.0,0.0,0.0,0.0,0.0,0.0,0.0,0.0,0.0,train
247,2023,Oktober,KKG,Kangkung,4,0,0,0,0,4,0.0,0,5550,0.0,0,0.0,0,10,1,False,2023-10-01,25.6,297.6,250.0,-0.8660254037844386,0.5000000000000001,14500.0,9333.333333333334,12,0.0,0.0,0.0,0.0,0.0,0.0,0.0,0.0,0.0,0.0,0.0,0.0,1.0,0.0,0.0,0.0,0.0,0.0,0.0,0.0,0.0,0.0,0.0,0.0,0.0,0.0,train
273,2023,November,KKG,Kangkung,4,2,2,0,2,4,150.0,150,7000,15000.0,15000,30000.0,4,11,0,False,2023-11-01,24.1,393.0,250.0,-0.5000000000000004,0.8660254037844384,0.0,7333.333333333333,12,0.0,0.0,0.0,0.0,0.0,0.0,0.0,0.0,0.0,0.0,0.0,0.0,1.0,0.0,0.0,0.0,0.0,0.0,0.0,0.0,0.0,0.0,0.0,0.0,0.0,0.0,train
299,2023,Desember,KKG,Kangkung,4,0,0,0,0,4,0.0,0,5550,0.0,0,0.0,0,12,1,False,2023-12-01,23.9,384.4,250.0,-2.4492935982947064e-16,1.0,30000.0,14833.333333333334,12,0.0,0.0,0.0,0.0,0.0,0.0,0.0,0.0,0.0,0.0,0.0,0.0,1.0,0.0,0.0,0.0,0.0,0.0,0.0,0.0,0.0,0.0,0.0,0.0,0.0,0.0,train
325,2024,Januari,KKG,Kangkung,4,1,3,0,1,4,100.0,300,5000,10000.0,30000,40000.0,4,1,0,False,2024-01-01,23.4,282.1,250.0,0.49999999999999994,0.8660254037844387,0.0,10000.0,12,0.0,0.0,0.0,0.0,0.0,0.0,0.0,0.0,0.0,0.0,0.0,0.0,1.0,0.0,0.0,0.0,0.0,0.0,0.0,0.0,0.0,0.0,0.0,0.0,0.0,0.0,train
351,2024,Februari,KKG,Kangkung,4,2,0,0,2,4,20.0,0,3000,2000.0,0,2000.0,2,2,0,False,2024-02-01,23.5,316.1,250.0,0.8660254037844386,0.5000000000000001,40000.0,23333.333333333332,12,0.0,0.0,0.0,0.0,0.0,0.0,0.0,0.0,0.0,0.0,0.0,0.0,1.0,0.0,0.0,0.0,0.0,0.0,0.0,0.0,0.0,0.0,0.0,0.0,0.0,0.0,train
377,2024,Maret,KKG,Kangkung,4,2,2,0,1,3,160.0,160,3000,16000.0,16000,32000.0,4,3,0,False,2024-03-01,23.4,316.2,250.0,1.0,6.123233995736766e-17,2000.0,14000.0,12,0.0,0.0,0.0,0.0,0.0,0.0,0.0,0.0,0.0,0.0,0.0,0.0,1.0,0.0,0.0,0.0,0.0,0.0,0.0,0.0,0.0,0.0,0.0,0.0,0.0,0.0,train
403,2024,April,KKG,Kangkung,0,0,0,0,0,0,0.0,0,3666,0.0,0,0.0,0,4,1,False,2024-04-01,24.0,309.0,250.0,0.8660254037844387,-0.49999999999999983,32000.0,24666.666666666668,12,0.0,0.0,0.0,0.0,0.0,0.0,0.0,0.0,0.0,0.0,0.0,0.0,1.0,0.0,0.0,0.0,0.0,0.0,0.0,0.0,0.0,0.0,0.0,0.0,0.0,0.0,train
429,2024,Mei,KKG,Kangkung,0,0,0,0,0,0,0.0,0,3666,0.0,0,0.0,0,5,1,False,2024-05-01,24.2,285.2,250.0,0.49999999999999994,-0.8660254037844387,0.0,11333.333333333334,12,0.0,0.0,0.0,0.0,0.0,0.0,0.0,0.0,0.0,0.0,0.0,0.0,1.0,0.0,0.0,0.0,0.0,0.0,0.0,0.0,0.0,0.0,0.0,0.0,0.0,0.0,train
455,2024,Juni,KKG,Kangkung,0,0,0,0,0,0,0.0,0,3666,0.0,0,0.0,0,6,1,False,2024-06-01,23.3,300.0,250.0,1.2246467991473532e-16,-1.0,0.0,10666.666666666666,12,0.0,0.0,0.0,0.0,0.0,0.0,0.0,0.0,0.0,0.0,0.0,0.0,1.0,0.0,0.0,0.0,0.0,0.0,0.0,0.0,0.0,0.0,0.0,0.0,0.0,0.0,train
481,2024,Juli,KKG,Kangkung,0,0,0,0,0,0,0.0,0,3666,0.0,0,0.0,0,7,1,False,2024-07-01,22.9,120.9,250.0,-0.4999999999999998,-0.8660254037844388,0.0,0.0,12,0.0,0.0,0.0,0.0,0.0,0.0,0.0,0.0,0.0,0.0,0.0,0.0,1.0,0.0,0.0,0.0,0.0,0.0,0.0,0.0,0.0,0.0,0.0,0.0,0.0,0.0,train
507,2024,Agustus,KKG,Kangkung,0,0,0,0,0,0,0.0,0,3666,0.0,0,0.0,0,8,1,False,2024-08-01,23.8,114.7,250.0,-0.8660254037844384,-0.5000000000000004,0.0,0.0,12,0.0,0.0,0.0,0.0,0.0,0.0,0.0,0.0,0.0,0.0,0.0,0.0,1.0,0.0,0.0,0.0,0.0,0.0,0.0,0.0,0.0,0.0,0.0,0.0,0.0,0.0,train
533,2024,September,KKG,Kangkung,0,0,0,0,0,0,0.0,0,3666,0.0,0,0.0,0,9,1,False,2024-09-01,23.8,177.0,250.0,-1.0,-1.8369701987210297e-16,0.0,0.0,12,0.0,0.0,0.0,0.0,0.0,0.0,0.0,0.0,0.0,0.0,0.0,0.0,1.0,0.0,0.0,0.0,0.0,0.0,0.0,0.0,0.0,0.0,0.0,0.0,0.0,0.0,train
559,2024,Oktober,KKG,Kangkung,0,0,0,0,0,0,0.0,0,3666,0.0,0,0.0,0,10,1,False,2024-10-01,24.3,297.6,250.0,-0.8660254037844386,0.5000000000000001,0.0,0.0,12,0.0,0.0,0.0,0.0,0.0,0.0,0.0,0.0,0.0,0.0,0.0,0.0,1.0,0.0,0.0,0.0,0.0,0.0,0.0,0.0,0.0,0.0,0.0,0.0,0.0,0.0,train
585,2024,November,KKG,Kangkung,0,0,0,0,0,0,0.0,0,3666,0.0,0,0.0,0,11,1,False,2024-11-01,23.4,393.0,250.0,-0.5000000000000004,0.8660254037844384,0.0,0.0,12,0.0,0.0,0.0,0.0,0.0,0.0,0.0,0.0,0.0,0.0,0.0,0.0,1.0,0.0,0.0,0.0,0.0,0.0,0.0,0.0,0.0,0.0,0.0,0.0,0.0,0.0,train
611,2024,Desember,KKG,Kangkung,0,0,0,0,0,0,0.0,0,3666,0.0,0,0.0,0,12,1,False,2024-12-01,23.2,384.4,250.0,-2.4492935982947064e-16,1.0,0.0,0.0,12,0.0,0.0,0.0,0.0,0.0,0.0,0.0,0.0,0.0,0.0,0.0,0.0,1.0,0.0,0.0,0.0,0.0,0.0,0.0,0.0,0.0,0.0,0.0,0.0,0.0,0.0,train
637,2025,Januari,KKG,Kangkung,4,1,3,0,1,4,80.0,240,6000,8000.0,24000,32000.0,4,1,0,False,2025-01-01,22.8,282.1,250.0,0.49999999999999994,0.8660254037844387,0.0,0.0,12,0.0,0.0,0.0,0.0,0.0,0.0,0.0,0.0,0.0,0.0,0.0,0.0,1.0,0.0,0.0,0.0,0.0,0.0,0.0,0.0,0.0,0.0,0.0,0.0,0.0,0.0,train
663,2025,Februari,KKG,Kangkung,4,1,3,0,1,4,80.0,240,5500,8000.0,24000,32000.0,4,2,0,False,2025-02-01,22.7,305.2,250.0,0.8660254037844386,0.5000000000000001,32000.0,10666.666666666666,12,0.0,0.0,0.0,0.0,0.0,0.0,0.0,0.0,0.0,0.0,0.0,0.0,1.0,0.0,0.0,0.0,0.0,0.0,0.0,0.0,0.0,0.0,0.0,0.0,0.0,0.0,train
689,2025,Maret,KKG,Kangkung,4,1,3,0,1,4,80.0,240,5500,8000.0,24000,32000.0,4,3,0,False,2025-03-01,23.2,316.2,250.0,1.0,6.123233995736766e-17,32000.0,21333.333333333332,12,0.0,0.0,0.0,0.0,0.0,0.0,0.0,0.0,0.0,0.0,0.0,0.0,1.0,0.0,0.0,0.0,0.0,0.0,0.0,0.0,0.0,0.0,0.0,0.0,0.0,0.0,train
715,2025,April,KKG,Kangkung,4,1,3,0,1,4,80.0,240,5500,8000.0,24000,32000.0,4,4,0,False,2025-04-01,23.1,309.0,250.0,0.8660254037844387,-0.49999999999999983,32000.0,32000.0,12,0.0,0.0,0.0,0.0,0.0,0.0,0.0,0.0,0.0,0.0,0.0,0.0,1.0,0.0,0.0,0.0,0.0,0.0,0.0,0.0,0.0,0.0,0.0,0.0,0.0,0.0,train
741,2025,Mei,KKG,Kangkung,4,1,3,0,1,4,80.0,240,5500,8000.0,24000,32000.0,4,5,0,False,2025-05-01,23.4,285.2,250.0,0.49999999999999994,-0.8660254037844387,32000.0,32000.0,12,0.0,0.0,0.0,0.0,0.0,0.0,0.0,0.0,0.0,0.0,0.0,0.0,1.0,0.0,0.0,0.0,0.0,0.0,0.0,0.0,0.0,0.0,0.0,0.0,0.0,0.0,val
767,2025,Juni,KKG,Kangkung,4,1,3,0,1,4,70.0,210,5500,7000.0,21000,28000.0,4,6,0,False,2025-06-01,22.9,300.0,250.0,1.2246467991473532e-16,-1.0,32000.0,32000.0,12,0.0,0.0,0.0,0.0,0.0,0.0,0.0,0.0,0.0,0.0,0.0,0.0,1.0,0.0,0.0,0.0,0.0,0.0,0.0,0.0,0.0,0.0,0.0,0.0,0.0,0.0,val
793,2025,Juli,KKG,Kangkung,4,1,0,0,1,4,60.0,0,6000,6000.0,0,6000.0,1,7,0,False,2025-07-01,22.9,120.9,250.0,-0.4999999999999998,-0.8660254037844388,28000.0,30666.666666666668,12,0.0,0.0,0.0,0.0,0.0,0.0,0.0,0.0,0.0,0.0,0.0,0.0,1.0,0.0,0.0,0.0,0.0,0.0,0.0,0.0,0.0,0.0,0.0,0.0,0.0,0.0,val
819,2025,Agustus,KKG,Kangkung,4,1,0,0,1,4,75.0,0,4000,7500.0,0,7500.0,1,8,0,False,2025-08-01,22.9,114.7,250.0,-0.8660254037844384,-0.5000000000000004,6000.0,22000.0,12,0.0,0.0,0.0,0.0,0.0,0.0,0.0,0.0,0.0,0.0,0.0,0.0,1.0,0.0,0.0,0.0,0.0,0.0,0.0,0.0,0.0,0.0,0.0,0.0,0.0,0.0,val
845,2025,September,KKG,Kangkung,4,2,0,0,2,4,145.0,0,5000,14500.0,0,14500.0,2,9,0,False,2025-09-01,23.5,177.0,250.0,-1.0,-1.8369701987210297e-16,7500.0,13833.333333333334,12,0.0,0.0,0.0,0.0,0.0,0.0,0.0,0.0,0.0,0.0,0.0,0.0,1.0,0.0,0.0,0.0,0.0,0.0,0.0,0.0,0.0,0.0,0.0,0.0,0.0,0.0,val
871,2025,Oktober,KKG,Kangkung,4,0,0,0,0,4,0.0,0,0,0.0,0,0.0,0,10,1,False,2025-10-01,23.9,297.6,250.0,-0.8660254037844386,0.5000000000000001,14500.0,9333.333333333334,12,0.0,0.0,0.0,0.0,0.0,0.0,0.0,0.0,0.0,0.0,0.0,0.0,1.0,0.0,0.0,0.0,0.0,0.0,0.0,0.0,0.0,0.0,0.0,0.0,0.0,0.0,test
897,2025,November,KKG,Kangkung,4,2,2,0,2,4,150.0,150,7000,15000.0,15000,30000.0,4,11,0,False,2025-11-01,23.5,393.0,250.0,-0.5000000000000004,0.8660254037844384,0.0,7333.333333333333,12,0.0,0.0,0.0,0.0,0.0,0.0,0.0,0.0,0.0,0.0,0.0,0.0,1.0,0.0,0.0,0.0,0.0,0.0,0.0,0.0,0.0,0.0,0.0,0.0,0.0,0.0,test
923,2025,Desember,KKG,Kangkung,4,0,0,0,0,4,0.0,0,0,0.0,0,0.0,0,12,1,False,2025-12-01,23.2,384.4,250.0,-2.4492935982947064e-16,1.0,30000.0,14833.333333333334,12,0.0,0.0,0.0,0.0,0.0,0.0,0.0,0.0,0.0,0.0,0.0,0.0,1.0,0.0,0.0,0.0,0.0,0.0,0.0,0.0,0.0,0.0,0.0,0.0,0.0,0.0,test
950,2026,Januari,KKG,Kangkung,4,1,3,0,1,4,100.0,300,5000,10000.0,30000,40000.0,4,1,0,False,2026-01-01,22.2,282.1,250.0,0.49999999999999994,0.8660254037844387,0.0,10000.0,12,0.0,0.0,0.0,0.0,0.0,0.0,0.0,0.0,0.0,0.0,0.0,0.0,1.0,0.0,0.0,0.0,0.0,0.0,0.0,0.0,0.0,0.0,0.0,0.0,0.0,0.0,test
978,2026,Februari,KKG,Kangkung,4,2,0,0,2,4,20.0,0,3000,2000.0,0,2000.0,2,2,0,False,2026-02-01,22.5,306.3,250.0,0.8660254037844386,0.5000000000000001,40000.0,23333.333333333332,12,0.0,0.0,0.0,0.0,0.0,0.0,0.0,0.0,0.0,0.0,0.0,0.0,1.0,0.0,0.0,0.0,0.0,0.0,0.0,0.0,0.0,0.0,0.0,0.0,0.0,0.0,test
1006,2026,Maret,KKG,Kangkung,4,2,2,0,1,3,160.0,160,3000,16000.0,16000,32000.0,4,3,0,False,2026-03-01,23.0,315.8,250.0,1.0,6.123233995736766e-17,2000.0,14000.0,12,0.0,0.0,0.0,0.0,0.0,0.0,0.0,0.0,0.0,0.0,0.0,0.0,1.0,0.0,0.0,0.0,0.0,0.0,0.0,0.0,0.0,0.0,0.0,0.0,0.0,0.0,test
92,2023,April,KBK,Kembang Kol,18,4,0,0,4,18,720.0,0,8000,72000.0,0,72000.0,4,4,0,False,2023-04-01,23.3,309.0,250.0,0.8660254037844387,-0.49999999999999983,72000.0,90000.0,13,0.0,0.0,0.0,0.0,0.0,0.0,0.0,0.0,0.0,0.0,0.0,0.0,0.0,1.0,0.0,0.0,0.0,0.0,0.0,0.0,0.0,0.0,0.0,0.0,0.0,0.0,train
118,2023,Mei,KBK,Kembang Kol,18,2,0,0,2,18,360.0,0,8000,36000.0,0,36000.0,2,5,0,False,2023-05-01,23.6,285.2,250.0,0.49999999999999994,-0.8660254037844387,72000.0,78000.0,13,0.0,0.0,0.0,0.0,0.0,0.0,0.0,0.0,0.0,0.0,0.0,0.0,0.0,1.0,0.0,0.0,0.0,0.0,0.0,0.0,0.0,0.0,0.0,0.0,0.0,0.0,train
144,2023,Juni,KBK,Kembang Kol,18,1,0,0,1,18,80.0,0,8000,8000.0,0,8000.0,1,6,0,False,2023-06-01,23.3,300.0,250.0,1.2246467991473532e-16,-1.0,36000.0,60000.0,13,0.0,0.0,0.0,0.0,0.0,0.0,0.0,0.0,0.0,0.0,0.0,0.0,0.0,1.0,0.0,0.0,0.0,0.0,0.0,0.0,0.0,0.0,0.0,0.0,0.0,0.0,train
170,2023,Juli,KBK,Kembang Kol,18,2,0,0,2,18,120.0,0,9000,12000.0,0,12000.0,2,7,0,False,2023-07-01,23.0,120.9,250.0,-0.4999999999999998,-0.8660254037844388,8000.0,38666.666666666664,13,0.0,0.0,0.0,0.0,0.0,0.0,0.0,0.0,0.0,0.0,0.0,0.0,0.0,1.0,0.0,0.0,0.0,0.0,0.0,0.0,0.0,0.0,0.0,0.0,0.0,0.0,train
196,2023,Agustus,KBK,Kembang Kol,18,2,0,0,2,18,150.0,0,9000,15000.0,0,15000.0,2,8,0,False,2023-08-01,23.9,114.7,250.0,-0.8660254037844384,-0.5000000000000004,12000.0,18666.666666666668,13,0.0,0.0,0.0,0.0,0.0,0.0,0.0,0.0,0.0,0.0,0.0,0.0,0.0,1.0,0.0,0.0,0.0,0.0,0.0,0.0,0.0,0.0,0.0,0.0,0.0,0.0,train
222,2023,September,KBK,Kembang Kol,18,3,0,0,3,18,210.0,0,6000,21000.0,0,21000.0,3,9,0,False,2023-09-01,24.8,177.0,250.0,-1.0,-1.8369701987210297e-16,15000.0,11666.666666666666,13,0.0,0.0,0.0,0.0,0.0,0.0,0.0,0.0,0.0,0.0,0.0,0.0,0.0,1.0,0.0,0.0,0.0,0.0,0.0,0.0,0.0,0.0,0.0,0.0,0.0,0.0,train
248,2023,Oktober,KBK,Kembang Kol,18,2,0,0,2,18,140.0,0,5000,14000.0,0,14000.0,2,10,0,False,2023-10-01,25.6,297.6,250.0,-0.8660254037844386,0.5000000000000001,21000.0,16000.0,13,0.0,0.0,0.0,0.0,0.0,0.0,0.0,0.0,0.0,0.0,0.0,0.0,0.0,1.0,0.0,0.0,0.0,0.0,0.0,0.0,0.0,0.0,0.0,0.0,0.0,0.0,train
274,2023,November,KBK,Kembang Kol,18,4,0,0,4,18,300.0,0,6000,30000.0,0,30000.0,4,11,0,False,2023-11-01,24.1,393.0,250.0,-0.5000000000000004,0.8660254037844384,14000.0,16666.666666666668,13,0.0,0.0,0.0,0.0,0.0,0.0,0.0,0.0,0.0,0.0,0.0,0.0,0.0,1.0,0.0,0.0,0.0,0.0,0.0,0.0,0.0,0.0,0.0,0.0,0.0,0.0,train
300,2023,Desember,KBK,Kembang Kol,18,2,0,0,2,18,160.0,0,6000,16000.0,0,16000.0,2,12,0,False,2023-12-01,23.9,384.4,250.0,-2.4492935982947064e-16,1.0,30000.0,21666.666666666668,13,0.0,0.0,0.0,0.0,0.0,0.0,0.0,0.0,0.0,0.0,0.0,0.0,0.0,1.0,0.0,0.0,0.0,0.0,0.0,0.0,0.0,0.0,0.0,0.0,0.0,0.0,train
326,2024,Januari,KBK,Kembang Kol,18,4,0,0,18,32,800.0,0,6000,80000.0,0,80000.0,4,1,0,False,2024-01-01,23.4,282.1,250.0,0.49999999999999994,0.8660254037844387,16000.0,20000.0,13,0.0,0.0,0.0,0.0,0.0,0.0,0.0,0.0,0.0,0.0,0.0,0.0,0.0,1.0,0.0,0.0,0.0,0.0,0.0,0.0,0.0,0.0,0.0,0.0,0.0,0.0,train
352,2024,Februari,KBK,Kembang Kol,32,4,0,0,5,33,800.0,0,5000,80000.0,0,80000.0,4,2,0,False,2024-02-01,23.5,316.1,250.0,0.8660254037844386,0.5000000000000001,80000.0,42000.0,13,0.0,0.0,0.0,0.0,0.0,0.0,0.0,0.0,0.0,0.0,0.0,0.0,0.0,1.0,0.0,0.0,0.0,0.0,0.0,0.0,0.0,0.0,0.0,0.0,0.0,0.0,train
378,2024,Maret,KBK,Kembang Kol,33,8,0,0,3,28,1600.0,0,6000,160000.0,0,160000.0,8,3,0,False,2024-03-01,23.4,316.2,250.0,1.0,6.123233995736766e-17,80000.0,58666.666666666664,13,0.0,0.0,0.0,0.0,0.0,0.0,0.0,0.0,0.0,0.0,0.0,0.0,0.0,1.0,0.0,0.0,0.0,0.0,0.0,0.0,0.0,0.0,0.0,0.0,0.0,0.0,train
404,2024,April,KBK,Kembang Kol,15,6,9,0,14,18,641.0,888,8000,64100.0,88800,152900.0,15,4,0,False,2024-04-01,24.0,309.0,250.0,0.8660254037844387,-0.49999999999999983,160000.0,106666.66666666667,13,0.0,0.0,0.0,0.0,0.0,0.0,0.0,0.0,0.0,0.0,0.0,0.0,0.0,1.0,0.0,0.0,0.0,0.0,0.0,0.0,0.0,0.0,0.0,0.0,0.0,0.0,train
430,2024,Mei,KBK,Kembang Kol,5,8,3,0,12,6,1205.0,1125,8000,120500.0,112500,233000.0,11,5,0,False,2024-05-01,24.2,285.2,250.0,0.49999999999999994,-0.8660254037844387,152900.0,130966.66666666667,13,0.0,0.0,0.0,0.0,0.0,0.0,0.0,0.0,0.0,0.0,0.0,0.0,0.0,1.0,0.0,0.0,0.0,0.0,0.0,0.0,0.0,0.0,0.0,0.0,0.0,0.0,train
456,2024,Juni,KBK,Kembang Kol,9,3,5,0,18,16,172.0,720,8000,17200.0,72000,89200.0,8,6,0,False,2024-06-01,23.3,300.0,250.0,1.2246467991473532e-16,-1.0,233000.0,181966.66666666666,13,0.0,0.0,0.0,0.0,0.0,0.0,0.0,0.0,0.0,0.0,0.0,0.0,0.0,1.0,0.0,0.0,0.0,0.0,0.0,0.0,0.0,0.0,0.0,0.0,0.0,0.0,train
482,2024,Juli,KBK,Kembang Kol,10,7,8,0,11,19,738.0,363,8000,73800.0,36300,110100.0,15,7,0,False,2024-07-01,22.9,120.9,250.0,-0.4999999999999998,-0.8660254037844388,89200.0,158366.66666666666,13,0.0,0.0,0.0,0.0,0.0,0.0,0.0,0.0,0.0,0.0,0.0,0.0,0.0,1.0,0.0,0.0,0.0,0.0,0.0,0.0,0.0,0.0,0.0,0.0,0.0,0.0,train
508,2024,Agustus,KBK,Kembang Kol,8,2,10,0,3,19,1229.0,1160,8000,122900.0,116000,238900.0,12,8,0,False,2024-08-01,23.8,114.7,250.0,-0.8660254037844384,-0.5000000000000004,110100.0,144100.0,13,0.0,0.0,0.0,0.0,0.0,0.0,0.0,0.0,0.0,0.0,0.0,0.0,0.0,1.0,0.0,0.0,0.0,0.0,0.0,0.0,0.0,0.0,0.0,0.0,0.0,0.0,train
534,2024,September,KBK,Kembang Kol,0,0,0,0,0,0,0.0,0,7774,0.0,0,0.0,0,9,1,False,2024-09-01,23.8,177.0,250.0,-1.0,-1.8369701987210297e-16,238900.0,146066.66666666666,13,0.0,0.0,0.0,0.0,0.0,0.0,0.0,0.0,0.0,0.0,0.0,0.0,0.0,1.0,0.0,0.0,0.0,0.0,0.0,0.0,0.0,0.0,0.0,0.0,0.0,0.0,train
560,2024,Oktober,KBK,Kembang Kol,18,1,12,0,10,16,427.0,675,8000,42700.0,67500,110200.0,13,10,0,False,2024-10-01,24.3,297.6,250.0,-0.8660254037844386,0.5000000000000001,0.0,116333.33333333333,13,0.0,0.0,0.0,0.0,0.0,0.0,0.0,0.0,0.0,0.0,0.0,0.0,0.0,1.0,0.0,0.0,0.0,0.0,0.0,0.0,0.0,0.0,0.0,0.0,0.0,0.0,train
586,2024,November,KBK,Kembang Kol,18,6,8,0,16,12,1437.0,869,8000,143700.0,86900,230600.0,14,11,0,False,2024-11-01,23.4,393.0,250.0,-0.5000000000000004,0.8660254037844384,110200.0,116366.66666666667,13,0.0,0.0,0.0,0.0,0.0,0.0,0.0,0.0,0.0,0.0,0.0,0.0,0.0,1.0,0.0,0.0,0.0,0.0,0.0,0.0,0.0,0.0,0.0,0.0,0.0,0.0,train
612,2024,Desember,KBK,Kembang Kol,16,7,3,0,5,19,165.0,1296,8000,16500.0,129600,146100.0,10,12,0,False,2024-12-01,23.2,384.4,250.0,-2.4492935982947064e-16,1.0,230600.0,113600.0,13,0.0,0.0,0.0,0.0,0.0,0.0,0.0,0.0,0.0,0.0,0.0,0.0,0.0,1.0,0.0,0.0,0.0,0.0,0.0,0.0,0.0,0.0,0.0,0.0,0.0,0.0,train
638,2025,Januari,KBK,Kembang Kol,10,6,0,0,8,12,1080.0,0,8000,108000.0,0,108000.0,6,1,0,False,2025-01-01,22.8,282.1,250.0,0.49999999999999994,0.8660254037844387,146100.0,162300.0,13,0.0,0.0,0.0,0.0,0.0,0.0,0.0,0.0,0.0,0.0,0.0,0.0,0.0,1.0,0.0,0.0,0.0,0.0,0.0,0.0,0.0,0.0,0.0,0.0,0.0,0.0,train
664,2025,Februari,KBK,Kembang Kol,12,5,0,0,10,17,900.0,0,8000,90000.0,0,90000.0,5,2,0,False,2025-02-01,22.7,305.2,250.0,0.8660254037844386,0.5000000000000001,108000.0,161566.66666666666,13,0.0,0.0,0.0,0.0,0.0,0.0,0.0,0.0,0.0,0.0,0.0,0.0,0.0,1.0,0.0,0.0,0.0,0.0,0.0,0.0,0.0,0.0,0.0,0.0,0.0,0.0,train
690,2025,Maret,KBK,Kembang Kol,17,4,0,0,5,18,720.0,0,8000,72000.0,0,72000.0,4,3,0,False,2025-03-01,23.2,316.2,250.0,1.0,6.123233995736766e-17,90000.0,114700.0,13,0.0,0.0,0.0,0.0,0.0,0.0,0.0,0.0,0.0,0.0,0.0,0.0,0.0,1.0,0.0,0.0,0.0,0.0,0.0,0.0,0.0,0.0,0.0,0.0,0.0,0.0,train
716,2025,April,KBK,Kembang Kol,18,4,0,0,4,18,720.0,0,8000,72000.0,0,72000.0,4,4,0,False,2025-04-01,23.1,309.0,250.0,0.8660254037844387,-0.49999999999999983,72000.0,90000.0,13,0.0,0.0,0.0,0.0,0.0,0.0,0.0,0.0,0.0,0.0,0.0,0.0,0.0,1.0,0.0,0.0,0.0,0.0,0.0,0.0,0.0,0.0,0.0,0.0,0.0,0.0,train
742,2025,Mei,KBK,Kembang Kol,18,2,0,0,2,18,360.0,0,8000,36000.0,0,36000.0,2,5,0,False,2025-05-01,23.4,285.2,250.0,0.49999999999999994,-0.8660254037844387,72000.0,78000.0,13,0.0,0.0,0.0,0.0,0.0,0.0,0.0,0.0,0.0,0.0,0.0,0.0,0.0,1.0,0.0,0.0,0.0,0.0,0.0,0.0,0.0,0.0,0.0,0.0,0.0,0.0,val
768,2025,Juni,KBK,Kembang Kol,18,1,0,0,1,18,80.0,0,8000,8000.0,0,8000.0,1,6,0,False,2025-06-01,22.9,300.0,250.0,1.2246467991473532e-16,-1.0,36000.0,60000.0,13,0.0,0.0,0.0,0.0,0.0,0.0,0.0,0.0,0.0,0.0,0.0,0.0,0.0,1.0,0.0,0.0,0.0,0.0,0.0,0.0,0.0,0.0,0.0,0.0,0.0,0.0,val
794,2025,Juli,KBK,Kembang Kol,18,2,0,0,2,18,120.0,0,9000,12000.0,0,12000.0,2,7,0,False,2025-07-01,22.9,120.9,250.0,-0.4999999999999998,-0.8660254037844388,8000.0,38666.666666666664,13,0.0,0.0,0.0,0.0,0.0,0.0,0.0,0.0,0.0,0.0,0.0,0.0,0.0,1.0,0.0,0.0,0.0,0.0,0.0,0.0,0.0,0.0,0.0,0.0,0.0,0.0,val
820,2025,Agustus,KBK,Kembang Kol,18,2,0,0,2,18,150.0,0,9000,15000.0,0,15000.0,2,8,0,False,2025-08-01,22.9,114.7,250.0,-0.8660254037844384,-0.5000000000000004,12000.0,18666.666666666668,13,0.0,0.0,0.0,0.0,0.0,0.0,0.0,0.0,0.0,0.0,0.0,0.0,0.0,1.0,0.0,0.0,0.0,0.0,0.0,0.0,0.0,0.0,0.0,0.0,0.0,0.0,val
846,2025,September,KBK,Kembang Kol,18,3,0,0,3,18,210.0,0,6000,21000.0,0,21000.0,3,9,0,False,2025-09-01,23.5,177.0,250.0,-1.0,-1.8369701987210297e-16,15000.0,11666.666666666666,13,0.0,0.0,0.0,0.0,0.0,0.0,0.0,0.0,0.0,0.0,0.0,0.0,0.0,1.0,0.0,0.0,0.0,0.0,0.0,0.0,0.0,0.0,0.0,0.0,0.0,0.0,val
872,2025,Oktober,KBK,Kembang Kol,18,2,0,0,2,18,140.0,0,5000,14000.0,0,14000.0,2,10,0,False,2025-10-01,23.9,297.6,250.0,-0.8660254037844386,0.5000000000000001,21000.0,16000.0,13,0.0,0.0,0.0,0.0,0.0,0.0,0.0,0.0,0.0,0.0,0.0,0.0,0.0,1.0,0.0,0.0,0.0,0.0,0.0,0.0,0.0,0.0,0.0,0.0,0.0,0.0,test
898,2025,November,KBK,Kembang Kol,18,4,0,0,4,18,300.0,0,6000,30000.0,0,30000.0,4,11,0,False,2025-11-01,23.5,393.0,250.0,-0.5000000000000004,0.8660254037844384,14000.0,16666.666666666668,13,0.0,0.0,0.0,0.0,0.0,0.0,0.0,0.0,0.0,0.0,0.0,0.0,0.0,1.0,0.0,0.0,0.0,0.0,0.0,0.0,0.0,0.0,0.0,0.0,0.0,0.0,test
924,2025,Desember,KBK,Kembang Kol,18,2,0,0,2,18,160.0,0,6000,16000.0,0,16000.0,2,12,0,False,2025-12-01,23.2,384.4,250.0,-2.4492935982947064e-16,1.0,30000.0,21666.666666666668,13,0.0,0.0,0.0,0.0,0.0,0.0,0.0,0.0,0.0,0.0,0.0,0.0,0.0,1.0,0.0,0.0,0.0,0.0,0.0,0.0,0.0,0.0,0.0,0.0,0.0,0.0,test
951,2026,Januari,KBK,Kembang Kol,18,4,0,0,18,32,800.0,0,6000,80000.0,0,80000.0,4,1,0,False,2026-01-01,22.2,282.1,250.0,0.49999999999999994,0.8660254037844387,16000.0,20000.0,13,0.0,0.0,0.0,0.0,0.0,0.0,0.0,0.0,0.0,0.0,0.0,0.0,0.0,1.0,0.0,0.0,0.0,0.0,0.0,0.0,0.0,0.0,0.0,0.0,0.0,0.0,test
979,2026,Februari,KBK,Kembang Kol,32,4,0,0,5,33,800.0,0,5000,80000.0,0,80000.0,4,2,0,False,2026-02-01,22.5,306.3,250.0,0.8660254037844386,0.5000000000000001,80000.0,42000.0,13,0.0,0.0,0.0,0.0,0.0,0.0,0.0,0.0,0.0,0.0,0.0,0.0,0.0,1.0,0.0,0.0,0.0,0.0,0.0,0.0,0.0,0.0,0.0,0.0,0.0,0.0,test
1007,2026,Maret,KBK,Kembang Kol,33,8,0,0,3,28,1600.0,0,6000,160000.0,0,160000.0,8,3,0,False,2026-03-01,23.0,315.8,250.0,1.0,6.123233995736766e-17,80000.0,58666.666666666664,13,0.0,0.0,0.0,0.0,0.0,0.0,0.0,0.0,0.0,0.0,0.0,0.0,0.0,1.0,0.0,0.0,0.0,0.0,0.0,0.0,0.0,0.0,0.0,0.0,0.0,0.0,test
93,2023,April,KTG,Kentang,2,0,0,0,0,2,0.0,0,10750,0.0,0,0.0,0,4,1,False,2023-04-01,23.3,309.0,325.0,0.8660254037844387,-0.49999999999999983,0.0,0.0,14,0.0,0.0,0.0,0.0,0.0,0.0,0.0,0.0,0.0,0.0,0.0,0.0,0.0,0.0,1.0,0.0,0.0,0.0,0.0,0.0,0.0,0.0,0.0,0.0,0.0,0.0,train
119,2023,Mei,KTG,Kentang,2,0,0,0,0,2,0.0,0,10750,0.0,0,0.0,0,5,1,False,2023-05-01,23.6,285.2,325.0,0.49999999999999994,-0.8660254037844387,0.0,0.0,14,0.0,0.0,0.0,0.0,0.0,0.0,0.0,0.0,0.0,0.0,0.0,0.0,0.0,0.0,1.0,0.0,0.0,0.0,0.0,0.0,0.0,0.0,0.0,0.0,0.0,0.0,train
145,2023,Juni,KTG,Kentang,2,0,0,0,0,2,0.0,0,10750,0.0,0,0.0,0,6,1,False,2023-06-01,23.3,300.0,325.0,1.2246467991473532e-16,-1.0,0.0,0.0,14,0.0,0.0,0.0,0.0,0.0,0.0,0.0,0.0,0.0,0.0,0.0,0.0,0.0,0.0,1.0,0.0,0.0,0.0,0.0,0.0,0.0,0.0,0.0,0.0,0.0,0.0,train
171,2023,Juli,KTG,Kentang,2,1,0,0,1,2,90.0,0,13000,9000.0,0,9000.0,1,7,0,False,2023-07-01,23.0,120.9,325.0,-0.4999999999999998,-0.8660254037844388,0.0,0.0,14,0.0,0.0,0.0,0.0,0.0,0.0,0.0,0.0,0.0,0.0,0.0,0.0,0.0,0.0,1.0,0.0,0.0,0.0,0.0,0.0,0.0,0.0,0.0,0.0,0.0,0.0,train
197,2023,Agustus,KTG,Kentang,2,1,0,0,1,2,90.0,0,10000,9000.0,0,9000.0,1,8,0,False,2023-08-01,23.9,114.7,325.0,-0.8660254037844384,-0.5000000000000004,9000.0,3000.0,14,0.0,0.0,0.0,0.0,0.0,0.0,0.0,0.0,0.0,0.0,0.0,0.0,0.0,0.0,1.0,0.0,0.0,0.0,0.0,0.0,0.0,0.0,0.0,0.0,0.0,0.0,train
223,2023,September,KTG,Kentang,2,1,0,0,1,2,80.0,0,10000,8000.0,0,8000.0,1,9,0,False,2023-09-01,24.8,177.0,325.0,-1.0,-1.8369701987210297e-16,9000.0,6000.0,14,0.0,0.0,0.0,0.0,0.0,0.0,0.0,0.0,0.0,0.0,0.0,0.0,0.0,0.0,1.0,0.0,0.0,0.0,0.0,0.0,0.0,0.0,0.0,0.0,0.0,0.0,train
249,2023,Oktober,KTG,Kentang,2,1,0,0,1,2,90.0,0,10000,9000.0,0,9000.0,1,10,0,False,2023-10-01,25.6,297.6,325.0,-0.8660254037844386,0.5000000000000001,8000.0,8666.666666666666,14,0.0,0.0,0.0,0.0,0.0,0.0,0.0,0.0,0.0,0.0,0.0,0.0,0.0,0.0,1.0,0.0,0.0,0.0,0.0,0.0,0.0,0.0,0.0,0.0,0.0,0.0,train
275,2023,November,KTG,Kentang,2,0,0,0,0,2,0.0,0,10750,0.0,0,0.0,0,11,1,False,2023-11-01,24.1,393.0,325.0,-0.5000000000000004,0.8660254037844384,9000.0,8666.666666666666,14,0.0,0.0,0.0,0.0,0.0,0.0,0.0,0.0,0.0,0.0,0.0,0.0,0.0,0.0,1.0,0.0,0.0,0.0,0.0,0.0,0.0,0.0,0.0,0.0,0.0,0.0,train
301,2023,Desember,KTG,Kentang,2,0,0,0,0,2,0.0,0,10750,0.0,0,0.0,0,12,1,False,2023-12-01,23.9,384.4,325.0,-2.4492935982947064e-16,1.0,0.0,5666.666666666667,14,0.0,0.0,0.0,0.0,0.0,0.0,0.0,0.0,0.0,0.0,0.0,0.0,0.0,0.0,1.0,0.0,0.0,0.0,0.0,0.0,0.0,0.0,0.0,0.0,0.0,0.0,train
327,2024,Januari,KTG,Kentang,2,2,0,0,0,0,400.0,0,8000,40000.0,0,40000.0,2,1,0,False,2024-01-01,23.4,282.1,325.0,0.49999999999999994,0.8660254037844387,0.0,3000.0,14,0.0,0.0,0.0,0.0,0.0,0.0,0.0,0.0,0.0,0.0,0.0,0.0,0.0,0.0,1.0,0.0,0.0,0.0,0.0,0.0,0.0,0.0,0.0,0.0,0.0,0.0,train
353,2024,Februari,KTG,Kentang,0,0,0,0,0,0,0.0,0,8000,0.0,0,0.0,0,2,1,False,2024-02-01,23.5,316.1,325.0,0.8660254037844386,0.5000000000000001,40000.0,13333.333333333334,14,0.0,0.0,0.0,0.0,0.0,0.0,0.0,0.0,0.0,0.0,0.0,0.0,0.0,0.0,1.0,0.0,0.0,0.0,0.0,0.0,0.0,0.0,0.0,0.0,0.0,0.0,train
379,2024,Maret,KTG,Kentang,0,0,0,0,0,0,0.0,0,8000,0.0,0,0.0,0,3,1,False,2024-03-01,23.4,316.2,325.0,1.0,6.123233995736766e-17,0.0,13333.333333333334,14,0.0,0.0,0.0,0.0,0.0,0.0,0.0,0.0,0.0,0.0,0.0,0.0,0.0,0.0,1.0,0.0,0.0,0.0,0.0,0.0,0.0,0.0,0.0,0.0,0.0,0.0,train
405,2024,April,KTG,Kentang,11,2,3,0,1,1,583.0,242,8000,58300.0,24200,82500.0,5,4,0,False,2024-04-01,24.0,309.0,325.0,0.8660254037844387,-0.49999999999999983,0.0,13333.333333333334,14,0.0,0.0,0.0,0.0,0.0,0.0,0.0,0.0,0.0,0.0,0.0,0.0,0.0,0.0,1.0,0.0,0.0,0.0,0.0,0.0,0.0,0.0,0.0,0.0,0.0,0.0,train
431,2024,Mei,KTG,Kentang,18,5,9,0,16,18,442.0,474,8000,44200.0,47400,91600.0,14,5,0,False,2024-05-01,24.2,285.2,325.0,0.49999999999999994,-0.8660254037844387,82500.0,27500.0,14,0.0,0.0,0.0,0.0,0.0,0.0,0.0,0.0,0.0,0.0,0.0,0.0,0.0,0.0,1.0,0.0,0.0,0.0,0.0,0.0,0.0,0.0,0.0,0.0,0.0,0.0,train
457,2024,Juni,KTG,Kentang,16,6,5,0,5,3,1014.0,1205,8000,101400.0,120500,221900.0,11,6,0,False,2024-06-01,23.3,300.0,325.0,1.2246467991473532e-16,-1.0,91600.0,58033.333333333336,14,0.0,0.0,0.0,0.0,0.0,0.0,0.0,0.0,0.0,0.0,0.0,0.0,0.0,0.0,1.0,0.0,0.0,0.0,0.0,0.0,0.0,0.0,0.0,0.0,0.0,0.0,train
483,2024,Juli,KTG,Kentang,11,6,4,0,5,19,1349.0,672,8000,134900.0,67200,202100.0,10,7,0,False,2024-07-01,22.9,120.9,325.0,-0.4999999999999998,-0.8660254037844388,221900.0,132000.0,14,0.0,0.0,0.0,0.0,0.0,0.0,0.0,0.0,0.0,0.0,0.0,0.0,0.0,0.0,1.0,0.0,0.0,0.0,0.0,0.0,0.0,0.0,0.0,0.0,0.0,0.0,train
509,2024,Agustus,KTG,Kentang,8,1,9,0,1,13,897.0,1200,8000,89700.0,120000,209700.0,10,8,0,False,2024-08-01,23.8,114.7,325.0,-0.8660254037844384,-0.5000000000000004,202100.0,171866.66666666666,14,0.0,0.0,0.0,0.0,0.0,0.0,0.0,0.0,0.0,0.0,0.0,0.0,0.0,0.0,1.0,0.0,0.0,0.0,0.0,0.0,0.0,0.0,0.0,0.0,0.0,0.0,train
535,2024,September,KTG,Kentang,13,1,14,0,16,8,823.0,977,8000,82300.0,97700,180000.0,15,9,0,False,2024-09-01,23.8,177.0,325.0,-1.0,-1.8369701987210297e-16,209700.0,211233.33333333334,14,0.0,0.0,0.0,0.0,0.0,0.0,0.0,0.0,0.0,0.0,0.0,0.0,0.0,0.0,1.0,0.0,0.0,0.0,0.0,0.0,0.0,0.0,0.0,0.0,0.0,0.0,train
561,2024,Oktober,KTG,Kentang,13,1,7,0,6,8,1131.0,1478,8000,113100.0,147800,260900.0,8,10,0,False,2024-10-01,24.3,297.6,325.0,-0.8660254037844386,0.5000000000000001,180000.0,197266.66666666666,14,0.0,0.0,0.0,0.0,0.0,0.0,0.0,0.0,0.0,0.0,0.0,0.0,0.0,0.0,1.0,0.0,0.0,0.0,0.0,0.0,0.0,0.0,0.0,0.0,0.0,0.0,train
587,2024,November,KTG,Kentang,8,6,4,0,9,16,1549.0,256,8000,154900.0,25600,180500.0,10,11,0,False,2024-11-01,23.4,393.0,325.0,-0.5000000000000004,0.8660254037844384,260900.0,216866.66666666666,14,0.0,0.0,0.0,0.0,0.0,0.0,0.0,0.0,0.0,0.0,0.0,0.0,0.0,0.0,1.0,0.0,0.0,0.0,0.0,0.0,0.0,0.0,0.0,0.0,0.0,0.0,train
613,2024,Desember,KTG,Kentang,16,8,7,0,12,18,196.0,618,8000,19600.0,61800,81400.0,15,12,0,False,2024-12-01,23.2,384.4,325.0,-2.4492935982947064e-16,1.0,180500.0,207133.33333333334,14,0.0,0.0,0.0,0.0,0.0,0.0,0.0,0.0,0.0,0.0,0.0,0.0,0.0,0.0,1.0,0.0,0.0,0.0,0.0,0.0,0.0,0.0,0.0,0.0,0.0,0.0,train
639,2025,Januari,KTG,Kentang,1,0,0,0,0,1,0.0,0,0,0.0,0,0.0,0,1,1,False,2025-01-01,22.8,282.1,325.0,0.49999999999999994,0.8660254037844387,81400.0,174266.66666666666,14,0.0,0.0,0.0,0.0,0.0,0.0,0.0,0.0,0.0,0.0,0.0,0.0,0.0,0.0,1.0,0.0,0.0,0.0,0.0,0.0,0.0,0.0,0.0,0.0,0.0,0.0,train
665,2025,Februari,KTG,Kentang,1,0,0,0,1,2,0.0,0,0,0.0,0,0.0,0,2,1,False,2025-02-01,22.7,305.2,325.0,0.8660254037844386,0.5000000000000001,0.0,87300.0,14,0.0,0.0,0.0,0.0,0.0,0.0,0.0,0.0,0.0,0.0,0.0,0.0,0.0,0.0,1.0,0.0,0.0,0.0,0.0,0.0,0.0,0.0,0.0,0.0,0.0,0.0,train
691,2025,Maret,KTG,Kentang,2,0,0,0,0,2,0.0,0,0,0.0,0,0.0,0,3,1,False,2025-03-01,23.2,316.2,325.0,1.0,6.123233995736766e-17,0.0,27133.333333333332,14,0.0,0.0,0.0,0.0,0.0,0.0,0.0,0.0,0.0,0.0,0.0,0.0,0.0,0.0,1.0,0.0,0.0,0.0,0.0,0.0,0.0,0.0,0.0,0.0,0.0,0.0,train
717,2025,April,KTG,Kentang,2,0,0,0,0,2,0.0,0,0,0.0,0,0.0,0,4,1,False,2025-04-01,23.1,309.0,325.0,0.8660254037844387,-0.49999999999999983,0.0,0.0,14,0.0,0.0,0.0,0.0,0.0,0.0,0.0,0.0,0.0,0.0,0.0,0.0,0.0,0.0,1.0,0.0,0.0,0.0,0.0,0.0,0.0,0.0,0.0,0.0,0.0,0.0,train
743,2025,Mei,KTG,Kentang,2,0,0,0,0,2,0.0,0,0,0.0,0,0.0,0,5,1,False,2025-05-01,23.4,285.2,325.0,0.49999999999999994,-0.8660254037844387,0.0,0.0,14,0.0,0.0,0.0,0.0,0.0,0.0,0.0,0.0,0.0,0.0,0.0,0.0,0.0,0.0,1.0,0.0,0.0,0.0,0.0,0.0,0.0,0.0,0.0,0.0,0.0,0.0,val
769,2025,Juni,KTG,Kentang,2,0,0,0,0,2,0.0,0,0,0.0,0,0.0,0,6,1,False,2025-06-01,22.9,300.0,325.0,1.2246467991473532e-16,-1.0,0.0,0.0,14,0.0,0.0,0.0,0.0,0.0,0.0,0.0,0.0,0.0,0.0,0.0,0.0,0.0,0.0,1.0,0.0,0.0,0.0,0.0,0.0,0.0,0.0,0.0,0.0,0.0,0.0,val
795,2025,Juli,KTG,Kentang,2,1,0,0,1,2,90.0,0,13000,9000.0,0,9000.0,1,7,0,False,2025-07-01,22.9,120.9,325.0,-0.4999999999999998,-0.8660254037844388,0.0,0.0,14,0.0,0.0,0.0,0.0,0.0,0.0,0.0,0.0,0.0,0.0,0.0,0.0,0.0,0.0,1.0,0.0,0.0,0.0,0.0,0.0,0.0,0.0,0.0,0.0,0.0,0.0,val
821,2025,Agustus,KTG,Kentang,2,1,0,0,1,2,90.0,0,10000,9000.0,0,9000.0,1,8,0,False,2025-08-01,22.9,114.7,325.0,-0.8660254037844384,-0.5000000000000004,9000.0,3000.0,14,0.0,0.0,0.0,0.0,0.0,0.0,0.0,0.0,0.0,0.0,0.0,0.0,0.0,0.0,1.0,0.0,0.0,0.0,0.0,0.0,0.0,0.0,0.0,0.0,0.0,0.0,val
847,2025,September,KTG,Kentang,2,1,0,0,1,2,80.0,0,10000,8000.0,0,8000.0,1,9,0,False,2025-09-01,23.5,177.0,325.0,-1.0,-1.8369701987210297e-16,9000.0,6000.0,14,0.0,0.0,0.0,0.0,0.0,0.0,0.0,0.0,0.0,0.0,0.0,0.0,0.0,0.0,1.0,0.0,0.0,0.0,0.0,0.0,0.0,0.0,0.0,0.0,0.0,0.0,val
873,2025,Oktober,KTG,Kentang,2,1,0,0,1,2,90.0,0,10000,9000.0,0,9000.0,1,10,0,False,2025-10-01,23.9,297.6,325.0,-0.8660254037844386,0.5000000000000001,8000.0,8666.666666666666,14,0.0,0.0,0.0,0.0,0.0,0.0,0.0,0.0,0.0,0.0,0.0,0.0,0.0,0.0,1.0,0.0,0.0,0.0,0.0,0.0,0.0,0.0,0.0,0.0,0.0,0.0,test
899,2025,November,KTG,Kentang,2,0,0,0,0,2,0.0,0,0,0.0,0,0.0,0,11,1,False,2025-11-01,23.5,393.0,325.0,-0.5000000000000004,0.8660254037844384,9000.0,8666.666666666666,14,0.0,0.0,0.0,0.0,0.0,0.0,0.0,0.0,0.0,0.0,0.0,0.0,0.0,0.0,1.0,0.0,0.0,0.0,0.0,0.0,0.0,0.0,0.0,0.0,0.0,0.0,test
925,2025,Desember,KTG,Kentang,2,0,0,0,0,2,0.0,0,0,0.0,0,0.0,0,12,1,False,2025-12-01,23.2,384.4,325.0,-2.4492935982947064e-16,1.0,0.0,5666.666666666667,14,0.0,0.0,0.0,0.0,0.0,0.0,0.0,0.0,0.0,0.0,0.0,0.0,0.0,0.0,1.0,0.0,0.0,0.0,0.0,0.0,0.0,0.0,0.0,0.0,0.0,0.0,test
952,2026,Januari,KTG,Kentang,2,2,0,0,0,0,400.0,0,8000,40000.0,0,40000.0,2,1,0,False,2026-01-01,22.2,282.1,325.0,0.49999999999999994,0.8660254037844387,0.0,3000.0,14,0.0,0.0,0.0,0.0,0.0,0.0,0.0,0.0,0.0,0.0,0.0,0.0,0.0,0.0,1.0,0.0,0.0,0.0,0.0,0.0,0.0,0.0,0.0,0.0,0.0,0.0,test
980,2026,Februari,KTG,Kentang,0,0,0,0,0,0,0.0,0,0,0.0,0,0.0,0,2,1,False,2026-02-01,22.5,306.3,325.0,0.8660254037844386,0.5000000000000001,40000.0,13333.333333333334,14,0.0,0.0,0.0,0.0,0.0,0.0,0.0,0.0,0.0,0.0,0.0,0.0,0.0,0.0,1.0,0.0,0.0,0.0,0.0,0.0,0.0,0.0,0.0,0.0,0.0,0.0,test
1008,2026,Maret,KTG,Kentang,0,0,0,0,0,0,0.0,0,0,0.0,0,0.0,0,3,1,False,2026-03-01,23.0,315.8,325.0,1.0,6.123233995736766e-17,0.0,13333.333333333334,14,0.0,0.0,0.0,0.0,0.0,0.0,0.0,0.0,0.0,0.0,0.0,0.0,0.0,0.0,1.0,0.0,0.0,0.0,0.0,0.0,0.0,0.0,0.0,0.0,0.0,0.0,test
94,2023,April,KBS,Kubis,9,0,0,0,0,9,0.0,0,2437,0.0,0,0.0,0,4,1,False,2023-04-01,23.3,309.0,250.0,0.8660254037844387,-0.49999999999999983,0.0,26666.666666666668,15,0.0,0.0,0.0,0.0,0.0,0.0,0.0,0.0,0.0,0.0,0.0,0.0,0.0,0.0,0.0,1.0,0.0,0.0,0.0,0.0,0.0,0.0,0.0,0.0,0.0,0.0,train
120,2023,Mei,KBS,Kubis,9,0,0,0,0,9,0.0,0,2437,0.0,0,0.0,0,5,1,False,2023-05-01,23.6,285.2,250.0,0.49999999999999994,-0.8660254037844387,0.0,8000.0,15,0.0,0.0,0.0,0.0,0.0,0.0,0.0,0.0,0.0,0.0,0.0,0.0,0.0,0.0,0.0,1.0,0.0,0.0,0.0,0.0,0.0,0.0,0.0,0.0,0.0,0.0,train
146,2023,Juni,KBS,Kubis,9,0,0,0,0,9,0.0,0,2437,0.0,0,0.0,0,6,1,False,2023-06-01,23.3,300.0,250.0,1.2246467991473532e-16,-1.0,0.0,0.0,15,0.0,0.0,0.0,0.0,0.0,0.0,0.0,0.0,0.0,0.0,0.0,0.0,0.0,0.0,0.0,1.0,0.0,0.0,0.0,0.0,0.0,0.0,0.0,0.0,0.0,0.0,train
172,2023,Juli,KBS,Kubis,9,2,0,0,2,9,130.0,0,4000,13000.0,0,13000.0,2,7,0,False,2023-07-01,23.0,120.9,250.0,-0.4999999999999998,-0.8660254037844388,0.0,0.0,15,0.0,0.0,0.0,0.0,0.0,0.0,0.0,0.0,0.0,0.0,0.0,0.0,0.0,0.0,0.0,1.0,0.0,0.0,0.0,0.0,0.0,0.0,0.0,0.0,0.0,0.0,train
198,2023,Agustus,KBS,Kubis,9,1,0,0,1,9,80.0,0,2500,8000.0,0,8000.0,1,8,0,False,2023-08-01,23.9,114.7,250.0,-0.8660254037844384,-0.5000000000000004,13000.0,4333.333333333333,15,0.0,0.0,0.0,0.0,0.0,0.0,0.0,0.0,0.0,0.0,0.0,0.0,0.0,0.0,0.0,1.0,0.0,0.0,0.0,0.0,0.0,0.0,0.0,0.0,0.0,0.0,train
224,2023,September,KBS,Kubis,9,2,0,0,2,9,140.0,0,2000,14000.0,0,14000.0,2,9,0,False,2023-09-01,24.8,177.0,250.0,-1.0,-1.8369701987210297e-16,8000.0,7000.0,15,0.0,0.0,0.0,0.0,0.0,0.0,0.0,0.0,0.0,0.0,0.0,0.0,0.0,0.0,0.0,1.0,0.0,0.0,0.0,0.0,0.0,0.0,0.0,0.0,0.0,0.0,train
250,2023,Oktober,KBS,Kubis,9,1,0,0,1,9,70.0,0,2500,7000.0,0,7000.0,1,10,0,False,2023-10-01,25.6,297.6,250.0,-0.8660254037844386,0.5000000000000001,14000.0,11666.666666666666,15,0.0,0.0,0.0,0.0,0.0,0.0,0.0,0.0,0.0,0.0,0.0,0.0,0.0,0.0,0.0,1.0,0.0,0.0,0.0,0.0,0.0,0.0,0.0,0.0,0.0,0.0,train
276,2023,November,KBS,Kubis,9,2,0,0,2,9,150.0,0,2000,15000.0,0,15000.0,2,11,0,False,2023-11-01,24.1,393.0,250.0,-0.5000000000000004,0.8660254037844384,7000.0,9666.666666666666,15,0.0,0.0,0.0,0.0,0.0,0.0,0.0,0.0,0.0,0.0,0.0,0.0,0.0,0.0,0.0,1.0,0.0,0.0,0.0,0.0,0.0,0.0,0.0,0.0,0.0,0.0,train
302,2023,Desember,KBS,Kubis,9,2,0,0,2,9,160.0,0,2000,16000.0,0,16000.0,2,12,0,False,2023-12-01,23.9,384.4,250.0,-2.4492935982947064e-16,1.0,15000.0,12000.0,15,0.0,0.0,0.0,0.0,0.0,0.0,0.0,0.0,0.0,0.0,0.0,0.0,0.0,0.0,0.0,1.0,0.0,0.0,0.0,0.0,0.0,0.0,0.0,0.0,0.0,0.0,train
328,2024,Januari,KBS,Kubis,9,3,0,0,5,11,600.0,0,4000,60000.0,0,60000.0,3,1,0,False,2024-01-01,23.4,282.1,250.0,0.49999999999999994,0.8660254037844387,16000.0,12666.666666666666,15,0.0,0.0,0.0,0.0,0.0,0.0,0.0,0.0,0.0,0.0,0.0,0.0,0.0,0.0,0.0,1.0,0.0,0.0,0.0,0.0,0.0,0.0,0.0,0.0,0.0,0.0,train
354,2024,Februari,KBS,Kubis,11,3,0,0,5,13,600.0,0,4000,60000.0,0,60000.0,3,2,0,False,2024-02-01,23.5,316.1,250.0,0.8660254037844386,0.5000000000000001,60000.0,30333.333333333332,15,0.0,0.0,0.0,0.0,0.0,0.0,0.0,0.0,0.0,0.0,0.0,0.0,0.0,0.0,0.0,1.0,0.0,0.0,0.0,0.0,0.0,0.0,0.0,0.0,0.0,0.0,train
380,2024,Maret,KBS,Kubis,13,5,0,0,3,11,1000.0,0,5000,100000.0,0,100000.0,5,3,0,False,2024-03-01,23.4,316.2,250.0,1.0,6.123233995736766e-17,60000.0,45333.333333333336,15,0.0,0.0,0.0,0.0,0.0,0.0,0.0,0.0,0.0,0.0,0.0,0.0,0.0,0.0,0.0,1.0,0.0,0.0,0.0,0.0,0.0,0.0,0.0,0.0,0.0,0.0,train
406,2024,April,KBS,Kubis,9,8,3,0,15,18,1461.0,320,2000,146100.0,32000,178100.0,11,4,0,False,2024-04-01,24.0,309.0,250.0,0.8660254037844387,-0.49999999999999983,100000.0,73333.33333333333,15,0.0,0.0,0.0,0.0,0.0,0.0,0.0,0.0,0.0,0.0,0.0,0.0,0.0,0.0,0.0,1.0,0.0,0.0,0.0,0.0,0.0,0.0,0.0,0.0,0.0,0.0,train
432,2024,Mei,KBS,Kubis,5,1,14,0,13,11,597.0,1351,2000,59700.0,135100,194800.0,15,5,0,False,2024-05-01,24.2,285.2,250.0,0.49999999999999994,-0.8660254037844387,178100.0,112700.0,15,0.0,0.0,0.0,0.0,0.0,0.0,0.0,0.0,0.0,0.0,0.0,0.0,0.0,0.0,0.0,1.0,0.0,0.0,0.0,0.0,0.0,0.0,0.0,0.0,0.0,0.0,train
458,2024,Juni,KBS,Kubis,9,6,1,0,9,0,937.0,982,2000,93700.0,98200,191900.0,7,6,0,False,2024-06-01,23.3,300.0,250.0,1.2246467991473532e-16,-1.0,194800.0,157633.33333333334,15,0.0,0.0,0.0,0.0,0.0,0.0,0.0,0.0,0.0,0.0,0.0,0.0,0.0,0.0,0.0,1.0,0.0,0.0,0.0,0.0,0.0,0.0,0.0,0.0,0.0,0.0,train
484,2024,Juli,KBS,Kubis,14,3,3,0,4,7,1545.0,224,2000,154500.0,22400,176900.0,6,7,0,False,2024-07-01,22.9,120.9,250.0,-0.4999999999999998,-0.8660254037844388,191900.0,188266.66666666666,15,0.0,0.0,0.0,0.0,0.0,0.0,0.0,0.0,0.0,0.0,0.0,0.0,0.0,0.0,0.0,1.0,0.0,0.0,0.0,0.0,0.0,0.0,0.0,0.0,0.0,0.0,train
510,2024,Agustus,KBS,Kubis,7,7,10,0,10,17,1076.0,1309,2000,107600.0,130900,238500.0,17,8,0,False,2024-08-01,23.8,114.7,250.0,-0.8660254037844384,-0.5000000000000004,176900.0,187866.66666666666,15,0.0,0.0,0.0,0.0,0.0,0.0,0.0,0.0,0.0,0.0,0.0,0.0,0.0,0.0,0.0,1.0,0.0,0.0,0.0,0.0,0.0,0.0,0.0,0.0,0.0,0.0,train
536,2024,September,KBS,Kubis,10,5,10,0,3,0,964.0,405,2000,96400.0,40500,136900.0,15,9,0,False,2024-09-01,23.8,177.0,250.0,-1.0,-1.8369701987210297e-16,238500.0,202433.33333333334,15,0.0,0.0,0.0,0.0,0.0,0.0,0.0,0.0,0.0,0.0,0.0,0.0,0.0,0.0,0.0,1.0,0.0,0.0,0.0,0.0,0.0,0.0,0.0,0.0,0.0,0.0,train
562,2024,Oktober,KBS,Kubis,4,6,8,0,9,14,38.0,151,2000,3800.0,15100,18900.0,14,10,0,False,2024-10-01,24.3,297.6,250.0,-0.8660254037844386,0.5000000000000001,136900.0,184100.0,15,0.0,0.0,0.0,0.0,0.0,0.0,0.0,0.0,0.0,0.0,0.0,0.0,0.0,0.0,0.0,1.0,0.0,0.0,0.0,0.0,0.0,0.0,0.0,0.0,0.0,0.0,train
588,2024,November,KBS,Kubis,10,1,13,0,6,1,571.0,1398,2000,57100.0,139800,196900.0,14,11,0,False,2024-11-01,23.4,393.0,250.0,-0.5000000000000004,0.8660254037844384,18900.0,131433.33333333334,15,0.0,0.0,0.0,0.0,0.0,0.0,0.0,0.0,0.0,0.0,0.0,0.0,0.0,0.0,0.0,1.0,0.0,0.0,0.0,0.0,0.0,0.0,0.0,0.0,0.0,0.0,train
614,2024,Desember,KBS,Kubis,8,4,13,0,11,10,642.0,1066,2000,64200.0,106600,170800.0,17,12,0,False,2024-12-01,23.2,384.4,250.0,-2.4492935982947064e-16,1.0,196900.0,117566.66666666667,15,0.0,0.0,0.0,0.0,0.0,0.0,0.0,0.0,0.0,0.0,0.0,0.0,0.0,0.0,0.0,1.0,0.0,0.0,0.0,0.0,0.0,0.0,0.0,0.0,0.0,0.0,train
640,2025,Januari,KBS,Kubis,10,7,0,0,5,8,560.0,0,2000,56000.0,0,56000.0,7,1,0,False,2025-01-01,22.8,282.1,250.0,0.49999999999999994,0.8660254037844387,170800.0,128866.66666666667,15,0.0,0.0,0.0,0.0,0.0,0.0,0.0,0.0,0.0,0.0,0.0,0.0,0.0,0.0,0.0,1.0,0.0,0.0,0.0,0.0,0.0,0.0,0.0,0.0,0.0,0.0,train
666,2025,Februari,KBS,Kubis,8,3,0,0,2,7,240.0,0,2500,24000.0,0,24000.0,3,2,0,False,2025-02-01,22.7,305.2,250.0,0.8660254037844386,0.5000000000000001,56000.0,141233.33333333334,15,0.0,0.0,0.0,0.0,0.0,0.0,0.0,0.0,0.0,0.0,0.0,0.0,0.0,0.0,0.0,1.0,0.0,0.0,0.0,0.0,0.0,0.0,0.0,0.0,0.0,0.0,train
692,2025,Maret,KBS,Kubis,7,0,0,0,2,9,0.0,0,0,0.0,0,0.0,0,3,1,False,2025-03-01,23.2,316.2,250.0,1.0,6.123233995736766e-17,24000.0,83600.0,15,0.0,0.0,0.0,0.0,0.0,0.0,0.0,0.0,0.0,0.0,0.0,0.0,0.0,0.0,0.0,1.0,0.0,0.0,0.0,0.0,0.0,0.0,0.0,0.0,0.0,0.0,train
718,2025,April,KBS,Kubis,9,0,0,0,0,9,0.0,0,0,0.0,0,0.0,0,4,1,False,2025-04-01,23.1,309.0,250.0,0.8660254037844387,-0.49999999999999983,0.0,26666.666666666668,15,0.0,0.0,0.0,0.0,0.0,0.0,0.0,0.0,0.0,0.0,0.0,0.0,0.0,0.0,0.0,1.0,0.0,0.0,0.0,0.0,0.0,0.0,0.0,0.0,0.0,0.0,train
744,2025,Mei,KBS,Kubis,9,0,0,0,0,9,0.0,0,0,0.0,0,0.0,0,5,1,False,2025-05-01,23.4,285.2,250.0,0.49999999999999994,-0.8660254037844387,0.0,8000.0,15,0.0,0.0,0.0,0.0,0.0,0.0,0.0,0.0,0.0,0.0,0.0,0.0,0.0,0.0,0.0,1.0,0.0,0.0,0.0,0.0,0.0,0.0,0.0,0.0,0.0,0.0,val
770,2025,Juni,KBS,Kubis,9,0,0,0,0,9,0.0,0,0,0.0,0,0.0,0,6,1,False,2025-06-01,22.9,300.0,250.0,1.2246467991473532e-16,-1.0,0.0,0.0,15,0.0,0.0,0.0,0.0,0.0,0.0,0.0,0.0,0.0,0.0,0.0,0.0,0.0,0.0,0.0,1.0,0.0,0.0,0.0,0.0,0.0,0.0,0.0,0.0,0.0,0.0,val
796,2025,Juli,KBS,Kubis,9,2,0,0,2,9,130.0,0,4000,13000.0,0,13000.0,2,7,0,False,2025-07-01,22.9,120.9,250.0,-0.4999999999999998,-0.8660254037844388,0.0,0.0,15,0.0,0.0,0.0,0.0,0.0,0.0,0.0,0.0,0.0,0.0,0.0,0.0,0.0,0.0,0.0,1.0,0.0,0.0,0.0,0.0,0.0,0.0,0.0,0.0,0.0,0.0,val
822,2025,Agustus,KBS,Kubis,9,1,0,0,1,9,80.0,0,2500,8000.0,0,8000.0,1,8,0,False,2025-08-01,22.9,114.7,250.0,-0.8660254037844384,-0.5000000000000004,13000.0,4333.333333333333,15,0.0,0.0,0.0,0.0,0.0,0.0,0.0,0.0,0.0,0.0,0.0,0.0,0.0,0.0,0.0,1.0,0.0,0.0,0.0,0.0,0.0,0.0,0.0,0.0,0.0,0.0,val
848,2025,September,KBS,Kubis,9,2,0,0,2,9,140.0,0,2000,14000.0,0,14000.0,2,9,0,False,2025-09-01,23.5,177.0,250.0,-1.0,-1.8369701987210297e-16,8000.0,7000.0,15,0.0,0.0,0.0,0.0,0.0,0.0,0.0,0.0,0.0,0.0,0.0,0.0,0.0,0.0,0.0,1.0,0.0,0.0,0.0,0.0,0.0,0.0,0.0,0.0,0.0,0.0,val
874,2025,Oktober,KBS,Kubis,9,1,0,0,1,9,70.0,0,2500,7000.0,0,7000.0,1,10,0,False,2025-10-01,23.9,297.6,250.0,-0.8660254037844386,0.5000000000000001,14000.0,11666.666666666666,15,0.0,0.0,0.0,0.0,0.0,0.0,0.0,0.0,0.0,0.0,0.0,0.0,0.0,0.0,0.0,1.0,0.0,0.0,0.0,0.0,0.0,0.0,0.0,0.0,0.0,0.0,test
900,2025,November,KBS,Kubis,9,2,0,0,2,9,150.0,0,2000,15000.0,0,15000.0,2,11,0,False,2025-11-01,23.5,393.0,250.0,-0.5000000000000004,0.8660254037844384,7000.0,9666.666666666666,15,0.0,0.0,0.0,0.0,0.0,0.0,0.0,0.0,0.0,0.0,0.0,0.0,0.0,0.0,0.0,1.0,0.0,0.0,0.0,0.0,0.0,0.0,0.0,0.0,0.0,0.0,test
926,2025,Desember,KBS,Kubis,9,2,0,0,2,9,160.0,0,2000,16000.0,0,16000.0,2,12,0,False,2025-12-01,23.2,384.4,250.0,-2.4492935982947064e-16,1.0,15000.0,12000.0,15,0.0,0.0,0.0,0.0,0.0,0.0,0.0,0.0,0.0,0.0,0.0,0.0,0.0,0.0,0.0,1.0,0.0,0.0,0.0,0.0,0.0,0.0,0.0,0.0,0.0,0.0,test
953,2026,Januari,KBS,Kubis,9,3,0,0,5,11,600.0,0,4000,60000.0,0,60000.0,3,1,0,False,2026-01-01,22.2,282.1,250.0,0.49999999999999994,0.8660254037844387,16000.0,12666.666666666666,15,0.0,0.0,0.0,0.0,0.0,0.0,0.0,0.0,0.0,0.0,0.0,0.0,0.0,0.0,0.0,1.0,0.0,0.0,0.0,0.0,0.0,0.0,0.0,0.0,0.0,0.0,test
981,2026,Februari,KBS,Kubis,11,3,0,0,5,13,600.0,0,4000,60000.0,0,60000.0,3,2,0,False,2026-02-01,22.5,306.3,250.0,0.8660254037844386,0.5000000000000001,60000.0,30333.333333333332,15,0.0,0.0,0.0,0.0,0.0,0.0,0.0,0.0,0.0,0.0,0.0,0.0,0.0,0.0,0.0,1.0,0.0,0.0,0.0,0.0,0.0,0.0,0.0,0.0,0.0,0.0,test
1009,2026,Maret,KBS,Kubis,13,5,0,0,3,11,1000.0,0,5000,100000.0,0,100000.0,5,3,0,False,2026-03-01,23.0,315.8,250.0,1.0,6.123233995736766e-17,60000.0,45333.333333333336,15,0.0,0.0,0.0,0.0,0.0,0.0,0.0,0.0,0.0,0.0,0.0,0.0,0.0,0.0,0.0,1.0,0.0,0.0,0.0,0.0,0.0,0.0,0.0,0.0,0.0,0.0,test
95,2023,April,LBUSI,Labu Siam,16,2,14,0,2,16,160.0,2240,5500,16000.0,224000,240000.0,16,4,0,False,2023-04-01,23.3,309.0,400.0,0.8660254037844387,-0.49999999999999983,192000.0,159333.33333333334,16,0.0,0.0,0.0,0.0,0.0,0.0,0.0,0.0,0.0,0.0,0.0,0.0,0.0,0.0,0.0,0.0,1.0,0.0,0.0,0.0,0.0,0.0,0.0,0.0,0.0,0.0,train
121,2023,Mei,LBUSI,Labu Siam,16,2,14,0,2,16,160.0,2240,5500,16000.0,224000,240000.0,16,5,0,False,2023-05-01,23.6,285.2,400.0,0.49999999999999994,-0.8660254037844387,240000.0,189333.33333333334,16,0.0,0.0,0.0,0.0,0.0,0.0,0.0,0.0,0.0,0.0,0.0,0.0,0.0,0.0,0.0,0.0,1.0,0.0,0.0,0.0,0.0,0.0,0.0,0.0,0.0,0.0,train
147,2023,Juni,LBUSI,Labu Siam,16,3,13,0,2,15,250.0,1040,5500,25000.0,104000,129000.0,16,6,0,False,2023-06-01,23.3,300.0,400.0,1.2246467991473532e-16,-1.0,240000.0,224000.0,16,0.0,0.0,0.0,0.0,0.0,0.0,0.0,0.0,0.0,0.0,0.0,0.0,0.0,0.0,0.0,0.0,1.0,0.0,0.0,0.0,0.0,0.0,0.0,0.0,0.0,0.0,train
173,2023,Juli,LBUSI,Labu Siam,15,2,0,0,2,15,120.0,0,5500,12000.0,0,12000.0,2,7,0,False,2023-07-01,23.0,120.9,400.0,-0.4999999999999998,-0.8660254037844388,129000.0,203000.0,16,0.0,0.0,0.0,0.0,0.0,0.0,0.0,0.0,0.0,0.0,0.0,0.0,0.0,0.0,0.0,0.0,1.0,0.0,0.0,0.0,0.0,0.0,0.0,0.0,0.0,0.0,train
199,2023,Agustus,LBUSI,Labu Siam,15,2,0,0,2,15,150.0,0,3000,15000.0,0,15000.0,2,8,0,False,2023-08-01,23.9,114.7,400.0,-0.8660254037844384,-0.5000000000000004,12000.0,127000.0,16,0.0,0.0,0.0,0.0,0.0,0.0,0.0,0.0,0.0,0.0,0.0,0.0,0.0,0.0,0.0,0.0,1.0,0.0,0.0,0.0,0.0,0.0,0.0,0.0,0.0,0.0,train
225,2023,September,LBUSI,Labu Siam,15,3,0,0,3,15,210.0,0,2000,21000.0,0,21000.0,3,9,0,False,2023-09-01,24.8,177.0,400.0,-1.0,-1.8369701987210297e-16,15000.0,52000.0,16,0.0,0.0,0.0,0.0,0.0,0.0,0.0,0.0,0.0,0.0,0.0,0.0,0.0,0.0,0.0,0.0,1.0,0.0,0.0,0.0,0.0,0.0,0.0,0.0,0.0,0.0,train
251,2023,Oktober,LBUSI,Labu Siam,15,3,0,0,3,15,210.0,0,2000,21000.0,0,21000.0,3,10,0,False,2023-10-01,25.6,297.6,400.0,-0.8660254037844386,0.5000000000000001,21000.0,16000.0,16,0.0,0.0,0.0,0.0,0.0,0.0,0.0,0.0,0.0,0.0,0.0,0.0,0.0,0.0,0.0,0.0,1.0,0.0,0.0,0.0,0.0,0.0,0.0,0.0,0.0,0.0,train
277,2023,November,LBUSI,Labu Siam,15,8,7,0,8,15,600.0,525,2000,60000.0,52500,112500.0,15,11,0,False,2023-11-01,24.1,393.0,400.0,-0.5000000000000004,0.8660254037844384,21000.0,19000.0,16,0.0,0.0,0.0,0.0,0.0,0.0,0.0,0.0,0.0,0.0,0.0,0.0,0.0,0.0,0.0,0.0,1.0,0.0,0.0,0.0,0.0,0.0,0.0,0.0,0.0,0.0,train
303,2023,Desember,LBUSI,Labu Siam,15,1,0,0,1,15,80.0,0,3000,8000.0,0,8000.0,1,12,0,False,2023-12-01,23.9,384.4,400.0,-2.4492935982947064e-16,1.0,112500.0,51500.0,16,0.0,0.0,0.0,0.0,0.0,0.0,0.0,0.0,0.0,0.0,0.0,0.0,0.0,0.0,0.0,0.0,1.0,0.0,0.0,0.0,0.0,0.0,0.0,0.0,0.0,0.0,train
329,2024,Januari,LBUSI,Labu Siam,15,6,9,0,9,18,1200.0,1800,3000,120000.0,180000,300000.0,15,1,0,False,2024-01-01,23.4,282.1,400.0,0.49999999999999994,0.8660254037844387,8000.0,47166.666666666664,16,0.0,0.0,0.0,0.0,0.0,0.0,0.0,0.0,0.0,0.0,0.0,0.0,0.0,0.0,0.0,0.0,1.0,0.0,0.0,0.0,0.0,0.0,0.0,0.0,0.0,0.0,train
355,2024,Februari,LBUSI,Labu Siam,18,5,0,0,4,17,1000.0,0,3000,100000.0,0,100000.0,5,2,0,False,2024-02-01,23.5,316.1,400.0,0.8660254037844386,0.5000000000000001,300000.0,140166.66666666666,16,0.0,0.0,0.0,0.0,0.0,0.0,0.0,0.0,0.0,0.0,0.0,0.0,0.0,0.0,0.0,0.0,1.0,0.0,0.0,0.0,0.0,0.0,0.0,0.0,0.0,0.0,train
381,2024,Maret,LBUSI,Labu Siam,17,5,12,0,3,15,1000.0,2200,3000,100000.0,220000,320000.0,17,3,0,False,2024-03-01,23.4,316.2,400.0,1.0,6.123233995736766e-17,100000.0,136000.0,16,0.0,0.0,0.0,0.0,0.0,0.0,0.0,0.0,0.0,0.0,0.0,0.0,0.0,0.0,0.0,0.0,1.0,0.0,0.0,0.0,0.0,0.0,0.0,0.0,0.0,0.0,train
407,2024,April,LBUSI,Labu Siam,0,0,0,0,0,0,0.0,0,3000,0.0,0,0.0,0,4,1,False,2024-04-01,24.0,309.0,400.0,0.8660254037844387,-0.49999999999999983,320000.0,240000.0,16,0.0,0.0,0.0,0.0,0.0,0.0,0.0,0.0,0.0,0.0,0.0,0.0,0.0,0.0,0.0,0.0,1.0,0.0,0.0,0.0,0.0,0.0,0.0,0.0,0.0,0.0,train
433,2024,Mei,LBUSI,Labu Siam,0,0,0,0,0,0,0.0,0,3000,0.0,0,0.0,0,5,1,False,2024-05-01,24.2,285.2,400.0,0.49999999999999994,-0.8660254037844387,0.0,140000.0,16,0.0,0.0,0.0,0.0,0.0,0.0,0.0,0.0,0.0,0.0,0.0,0.0,0.0,0.0,0.0,0.0,1.0,0.0,0.0,0.0,0.0,0.0,0.0,0.0,0.0,0.0,train
459,2024,Juni,LBUSI,Labu Siam,0,0,0,0,0,0,0.0,0,3000,0.0,0,0.0,0,6,1,False,2024-06-01,23.3,300.0,400.0,1.2246467991473532e-16,-1.0,0.0,106666.66666666667,16,0.0,0.0,0.0,0.0,0.0,0.0,0.0,0.0,0.0,0.0,0.0,0.0,0.0,0.0,0.0,0.0,1.0,0.0,0.0,0.0,0.0,0.0,0.0,0.0,0.0,0.0,train
485,2024,Juli,LBUSI,Labu Siam,0,0,0,0,0,0,0.0,0,3000,0.0,0,0.0,0,7,1,False,2024-07-01,22.9,120.9,400.0,-0.4999999999999998,-0.8660254037844388,0.0,0.0,16,0.0,0.0,0.0,0.0,0.0,0.0,0.0,0.0,0.0,0.0,0.0,0.0,0.0,0.0,0.0,0.0,1.0,0.0,0.0,0.0,0.0,0.0,0.0,0.0,0.0,0.0,train
511,2024,Agustus,LBUSI,Labu Siam,0,0,0,0,0,0,0.0,0,3000,0.0,0,0.0,0,8,1,False,2024-08-01,23.8,114.7,400.0,-0.8660254037844384,-0.5000000000000004,0.0,0.0,16,0.0,0.0,0.0,0.0,0.0,0.0,0.0,0.0,0.0,0.0,0.0,0.0,0.0,0.0,0.0,0.0,1.0,0.0,0.0,0.0,0.0,0.0,0.0,0.0,0.0,0.0,train
537,2024,September,LBUSI,Labu Siam,0,0,0,0,0,0,0.0,0,3000,0.0,0,0.0,0,9,1,False,2024-09-01,23.8,177.0,400.0,-1.0,-1.8369701987210297e-16,0.0,0.0,16,0.0,0.0,0.0,0.0,0.0,0.0,0.0,0.0,0.0,0.0,0.0,0.0,0.0,0.0,0.0,0.0,1.0,0.0,0.0,0.0,0.0,0.0,0.0,0.0,0.0,0.0,train
563,2024,Oktober,LBUSI,Labu Siam,0,0,0,0,0,0,0.0,0,3000,0.0,0,0.0,0,10,1,False,2024-10-01,24.3,297.6,400.0,-0.8660254037844386,0.5000000000000001,0.0,0.0,16,0.0,0.0,0.0,0.0,0.0,0.0,0.0,0.0,0.0,0.0,0.0,0.0,0.0,0.0,0.0,0.0,1.0,0.0,0.0,0.0,0.0,0.0,0.0,0.0,0.0,0.0,train
589,2024,November,LBUSI,Labu Siam,0,0,0,0,0,0,0.0,0,3000,0.0,0,0.0,0,11,1,False,2024-11-01,23.4,393.0,400.0,-0.5000000000000004,0.8660254037844384,0.0,0.0,16,0.0,0.0,0.0,0.0,0.0,0.0,0.0,0.0,0.0,0.0,0.0,0.0,0.0,0.0,0.0,0.0,1.0,0.0,0.0,0.0,0.0,0.0,0.0,0.0,0.0,0.0,train
615,2024,Desember,LBUSI,Labu Siam,0,0,0,0,0,0,0.0,0,3000,0.0,0,0.0,0,12,1,False,2024-12-01,23.2,384.4,400.0,-2.4492935982947064e-16,1.0,0.0,0.0,16,0.0,0.0,0.0,0.0,0.0,0.0,0.0,0.0,0.0,0.0,0.0,0.0,0.0,0.0,0.0,0.0,1.0,0.0,0.0,0.0,0.0,0.0,0.0,0.0,0.0,0.0,train
641,2025,Januari,LBUSI,Labu Siam,15,0,15,0,2,17,0.0,1500,6000,0.0,150000,150000.0,15,1,0,False,2025-01-01,22.8,282.1,400.0,0.49999999999999994,0.8660254037844387,0.0,0.0,16,0.0,0.0,0.0,0.0,0.0,0.0,0.0,0.0,0.0,0.0,0.0,0.0,0.0,0.0,0.0,0.0,1.0,0.0,0.0,0.0,0.0,0.0,0.0,0.0,0.0,0.0,train
667,2025,Februari,LBUSI,Labu Siam,17,3,14,0,5,19,240.0,1120,5500,24000.0,112000,136000.0,17,2,0,False,2025-02-01,22.7,305.2,400.0,0.8660254037844386,0.5000000000000001,150000.0,50000.0,16,0.0,0.0,0.0,0.0,0.0,0.0,0.0,0.0,0.0,0.0,0.0,0.0,0.0,0.0,0.0,0.0,1.0,0.0,0.0,0.0,0.0,0.0,0.0,0.0,0.0,0.0,train
693,2025,Maret,LBUSI,Labu Siam,19,5,14,0,2,16,800.0,1120,5500,80000.0,112000,192000.0,19,3,0,False,2025-03-01,23.2,316.2,400.0,1.0,6.123233995736766e-17,136000.0,95333.33333333333,16,0.0,0.0,0.0,0.0,0.0,0.0,0.0,0.0,0.0,0.0,0.0,0.0,0.0,0.0,0.0,0.0,1.0,0.0,0.0,0.0,0.0,0.0,0.0,0.0,0.0,0.0,train
719,2025,April,LBUSI,Labu Siam,16,2,14,0,2,16,160.0,2240,5500,16000.0,224000,240000.0,16,4,0,False,2025-04-01,23.1,309.0,400.0,0.8660254037844387,-0.49999999999999983,192000.0,159333.33333333334,16,0.0,0.0,0.0,0.0,0.0,0.0,0.0,0.0,0.0,0.0,0.0,0.0,0.0,0.0,0.0,0.0,1.0,0.0,0.0,0.0,0.0,0.0,0.0,0.0,0.0,0.0,train
745,2025,Mei,LBUSI,Labu Siam,16,2,14,0,2,16,160.0,2240,5500,16000.0,224000,240000.0,16,5,0,False,2025-05-01,23.4,285.2,400.0,0.49999999999999994,-0.8660254037844387,240000.0,189333.33333333334,16,0.0,0.0,0.0,0.0,0.0,0.0,0.0,0.0,0.0,0.0,0.0,0.0,0.0,0.0,0.0,0.0,1.0,0.0,0.0,0.0,0.0,0.0,0.0,0.0,0.0,0.0,val
771,2025,Juni,LBUSI,Labu Siam,16,3,13,0,2,15,250.0,1040,5500,25000.0,104000,129000.0,16,6,0,False,2025-06-01,22.9,300.0,400.0,1.2246467991473532e-16,-1.0,240000.0,224000.0,16,0.0,0.0,0.0,0.0,0.0,0.0,0.0,0.0,0.0,0.0,0.0,0.0,0.0,0.0,0.0,0.0,1.0,0.0,0.0,0.0,0.0,0.0,0.0,0.0,0.0,0.0,val
797,2025,Juli,LBUSI,Labu Siam,15,2,0,0,2,15,120.0,0,5500,12000.0,0,12000.0,2,7,0,False,2025-07-01,22.9,120.9,400.0,-0.4999999999999998,-0.8660254037844388,129000.0,203000.0,16,0.0,0.0,0.0,0.0,0.0,0.0,0.0,0.0,0.0,0.0,0.0,0.0,0.0,0.0,0.0,0.0,1.0,0.0,0.0,0.0,0.0,0.0,0.0,0.0,0.0,0.0,val
823,2025,Agustus,LBUSI,Labu Siam,15,2,0,0,2,15,150.0,0,3000,15000.0,0,15000.0,2,8,0,False,2025-08-01,22.9,114.7,400.0,-0.8660254037844384,-0.5000000000000004,12000.0,127000.0,16,0.0,0.0,0.0,0.0,0.0,0.0,0.0,0.0,0.0,0.0,0.0,0.0,0.0,0.0,0.0,0.0,1.0,0.0,0.0,0.0,0.0,0.0,0.0,0.0,0.0,0.0,val
849,2025,September,LBUSI,Labu Siam,15,3,0,0,3,15,210.0,0,2000,21000.0,0,21000.0,3,9,0,False,2025-09-01,23.5,177.0,400.0,-1.0,-1.8369701987210297e-16,15000.0,52000.0,16,0.0,0.0,0.0,0.0,0.0,0.0,0.0,0.0,0.0,0.0,0.0,0.0,0.0,0.0,0.0,0.0,1.0,0.0,0.0,0.0,0.0,0.0,0.0,0.0,0.0,0.0,val
875,2025,Oktober,LBUSI,Labu Siam,15,3,0,0,3,15,210.0,0,2000,21000.0,0,21000.0,3,10,0,False,2025-10-01,23.9,297.6,400.0,-0.8660254037844386,0.5000000000000001,21000.0,16000.0,16,0.0,0.0,0.0,0.0,0.0,0.0,0.0,0.0,0.0,0.0,0.0,0.0,0.0,0.0,0.0,0.0,1.0,0.0,0.0,0.0,0.0,0.0,0.0,0.0,0.0,0.0,test
901,2025,November,LBUSI,Labu Siam,15,8,7,0,8,15,600.0,525,2000,60000.0,52500,112500.0,15,11,0,False,2025-11-01,23.5,393.0,400.0,-0.5000000000000004,0.8660254037844384,21000.0,19000.0,16,0.0,0.0,0.0,0.0,0.0,0.0,0.0,0.0,0.0,0.0,0.0,0.0,0.0,0.0,0.0,0.0,1.0,0.0,0.0,0.0,0.0,0.0,0.0,0.0,0.0,0.0,test
927,2025,Desember,LBUSI,Labu Siam,15,1,0,0,1,15,80.0,0,3000,8000.0,0,8000.0,1,12,0,False,2025-12-01,23.2,384.4,400.0,-2.4492935982947064e-16,1.0,112500.0,51500.0,16,0.0,0.0,0.0,0.0,0.0,0.0,0.0,0.0,0.0,0.0,0.0,0.0,0.0,0.0,0.0,0.0,1.0,0.0,0.0,0.0,0.0,0.0,0.0,0.0,0.0,0.0,test
954,2026,Januari,LBUSI,Labu Siam,15,6,9,0,9,18,1200.0,1800,3000,120000.0,180000,300000.0,15,1,0,False,2026-01-01,22.2,282.1,400.0,0.49999999999999994,0.8660254037844387,8000.0,47166.666666666664,16,0.0,0.0,0.0,0.0,0.0,0.0,0.0,0.0,0.0,0.0,0.0,0.0,0.0,0.0,0.0,0.0,1.0,0.0,0.0,0.0,0.0,0.0,0.0,0.0,0.0,0.0,test
982,2026,Februari,LBUSI,Labu Siam,18,5,0,0,4,17,1000.0,0,3000,100000.0,0,100000.0,5,2,0,False,2026-02-01,22.5,306.3,400.0,0.8660254037844386,0.5000000000000001,300000.0,140166.66666666666,16,0.0,0.0,0.0,0.0,0.0,0.0,0.0,0.0,0.0,0.0,0.0,0.0,0.0,0.0,0.0,0.0,1.0,0.0,0.0,0.0,0.0,0.0,0.0,0.0,0.0,0.0,test
1010,2026,Maret,LBUSI,Labu Siam,17,5,12,0,3,15,1000.0,2200,3000,100000.0,220000,320000.0,17,3,0,False,2026-03-01,23.0,315.8,400.0,1.0,6.123233995736766e-17,100000.0,136000.0,16,0.0,0.0,0.0,0.0,0.0,0.0,0.0,0.0,0.0,0.0,0.0,0.0,0.0,0.0,0.0,0.0,1.0,0.0,0.0,0.0,0.0,0.0,0.0,0.0,0.0,0.0,test
96,2023,April,MLN,Melon,0,0,0,0,0,0,0.0,0,0,0.0,0,0.0,0,4,1,False,2023-04-01,23.3,309.0,375.0,0.8660254037844387,-0.49999999999999983,0.0,0.0,17,0.0,0.0,0.0,0.0,0.0,0.0,0.0,0.0,0.0,0.0,0.0,0.0,0.0,0.0,0.0,0.0,0.0,1.0,0.0,0.0,0.0,0.0,0.0,0.0,0.0,0.0,train
122,2023,Mei,MLN,Melon,0,0,0,0,0,0,0.0,0,0,0.0,0,0.0,0,5,1,False,2023-05-01,23.6,285.2,375.0,0.49999999999999994,-0.8660254037844387,0.0,0.0,17,0.0,0.0,0.0,0.0,0.0,0.0,0.0,0.0,0.0,0.0,0.0,0.0,0.0,0.0,0.0,0.0,0.0,1.0,0.0,0.0,0.0,0.0,0.0,0.0,0.0,0.0,train
148,2023,Juni,MLN,Melon,0,0,0,0,0,0,0.0,0,0,0.0,0,0.0,0,6,1,False,2023-06-01,23.3,300.0,375.0,1.2246467991473532e-16,-1.0,0.0,0.0,17,0.0,0.0,0.0,0.0,0.0,0.0,0.0,0.0,0.0,0.0,0.0,0.0,0.0,0.0,0.0,0.0,0.0,1.0,0.0,0.0,0.0,0.0,0.0,0.0,0.0,0.0,train
174,2023,Juli,MLN,Melon,0,0,0,0,0,0,0.0,0,0,0.0,0,0.0,0,7,1,False,2023-07-01,23.0,120.9,375.0,-0.4999999999999998,-0.8660254037844388,0.0,0.0,17,0.0,0.0,0.0,0.0,0.0,0.0,0.0,0.0,0.0,0.0,0.0,0.0,0.0,0.0,0.0,0.0,0.0,1.0,0.0,0.0,0.0,0.0,0.0,0.0,0.0,0.0,train
200,2023,Agustus,MLN,Melon,0,0,0,0,0,0,0.0,0,0,0.0,0,0.0,0,8,1,False,2023-08-01,23.9,114.7,375.0,-0.8660254037844384,-0.5000000000000004,0.0,0.0,17,0.0,0.0,0.0,0.0,0.0,0.0,0.0,0.0,0.0,0.0,0.0,0.0,0.0,0.0,0.0,0.0,0.0,1.0,0.0,0.0,0.0,0.0,0.0,0.0,0.0,0.0,train
226,2023,September,MLN,Melon,0,0,0,0,0,0,0.0,0,0,0.0,0,0.0,0,9,1,False,2023-09-01,24.8,177.0,375.0,-1.0,-1.8369701987210297e-16,0.0,0.0,17,0.0,0.0,0.0,0.0,0.0,0.0,0.0,0.0,0.0,0.0,0.0,0.0,0.0,0.0,0.0,0.0,0.0,1.0,0.0,0.0,0.0,0.0,0.0,0.0,0.0,0.0,train
252,2023,Oktober,MLN,Melon,0,0,0,0,0,0,0.0,0,0,0.0,0,0.0,0,10,1,False,2023-10-01,25.6,297.6,375.0,-0.8660254037844386,0.5000000000000001,0.0,0.0,17,0.0,0.0,0.0,0.0,0.0,0.0,0.0,0.0,0.0,0.0,0.0,0.0,0.0,0.0,0.0,0.0,0.0,1.0,0.0,0.0,0.0,0.0,0.0,0.0,0.0,0.0,train
278,2023,November,MLN,Melon,0,0,0,0,0,0,0.0,0,0,0.0,0,0.0,0,11,1,False,2023-11-01,24.1,393.0,375.0,-0.5000000000000004,0.8660254037844384,0.0,0.0,17,0.0,0.0,0.0,0.0,0.0,0.0,0.0,0.0,0.0,0.0,0.0,0.0,0.0,0.0,0.0,0.0,0.0,1.0,0.0,0.0,0.0,0.0,0.0,0.0,0.0,0.0,train
304,2023,Desember,MLN,Melon,0,0,0,0,0,0,0.0,0,0,0.0,0,0.0,0,12,1,False,2023-12-01,23.9,384.4,375.0,-2.4492935982947064e-16,1.0,0.0,0.0,17,0.0,0.0,0.0,0.0,0.0,0.0,0.0,0.0,0.0,0.0,0.0,0.0,0.0,0.0,0.0,0.0,0.0,1.0,0.0,0.0,0.0,0.0,0.0,0.0,0.0,0.0,train
330,2024,Januari,MLN,Melon,0,0,0,0,0,0,0.0,0,0,0.0,0,0.0,0,1,1,False,2024-01-01,23.4,282.1,375.0,0.49999999999999994,0.8660254037844387,0.0,0.0,17,0.0,0.0,0.0,0.0,0.0,0.0,0.0,0.0,0.0,0.0,0.0,0.0,0.0,0.0,0.0,0.0,0.0,1.0,0.0,0.0,0.0,0.0,0.0,0.0,0.0,0.0,train
356,2024,Februari,MLN,Melon,0,0,0,0,0,0,0.0,0,0,0.0,0,0.0,0,2,1,False,2024-02-01,23.5,316.1,375.0,0.8660254037844386,0.5000000000000001,0.0,0.0,17,0.0,0.0,0.0,0.0,0.0,0.0,0.0,0.0,0.0,0.0,0.0,0.0,0.0,0.0,0.0,0.0,0.0,1.0,0.0,0.0,0.0,0.0,0.0,0.0,0.0,0.0,train
382,2024,Maret,MLN,Melon,0,0,0,0,0,0,0.0,0,0,0.0,0,0.0,0,3,1,False,2024-03-01,23.4,316.2,375.0,1.0,6.123233995736766e-17,0.0,0.0,17,0.0,0.0,0.0,0.0,0.0,0.0,0.0,0.0,0.0,0.0,0.0,0.0,0.0,0.0,0.0,0.0,0.0,1.0,0.0,0.0,0.0,0.0,0.0,0.0,0.0,0.0,train
408,2024,April,MLN,Melon,0,0,0,0,0,0,0.0,0,0,0.0,0,0.0,0,4,1,False,2024-04-01,24.0,309.0,375.0,0.8660254037844387,-0.49999999999999983,0.0,0.0,17,0.0,0.0,0.0,0.0,0.0,0.0,0.0,0.0,0.0,0.0,0.0,0.0,0.0,0.0,0.0,0.0,0.0,1.0,0.0,0.0,0.0,0.0,0.0,0.0,0.0,0.0,train
434,2024,Mei,MLN,Melon,0,0,0,0,0,0,0.0,0,0,0.0,0,0.0,0,5,1,False,2024-05-01,24.2,285.2,375.0,0.49999999999999994,-0.8660254037844387,0.0,0.0,17,0.0,0.0,0.0,0.0,0.0,0.0,0.0,0.0,0.0,0.0,0.0,0.0,0.0,0.0,0.0,0.0,0.0,1.0,0.0,0.0,0.0,0.0,0.0,0.0,0.0,0.0,train
460,2024,Juni,MLN,Melon,0,0,0,0,0,0,0.0,0,0,0.0,0,0.0,0,6,1,False,2024-06-01,23.3,300.0,375.0,1.2246467991473532e-16,-1.0,0.0,0.0,17,0.0,0.0,0.0,0.0,0.0,0.0,0.0,0.0,0.0,0.0,0.0,0.0,0.0,0.0,0.0,0.0,0.0,1.0,0.0,0.0,0.0,0.0,0.0,0.0,0.0,0.0,train
486,2024,Juli,MLN,Melon,0,0,0,0,0,0,0.0,0,0,0.0,0,0.0,0,7,1,False,2024-07-01,22.9,120.9,375.0,-0.4999999999999998,-0.8660254037844388,0.0,0.0,17,0.0,0.0,0.0,0.0,0.0,0.0,0.0,0.0,0.0,0.0,0.0,0.0,0.0,0.0,0.0,0.0,0.0,1.0,0.0,0.0,0.0,0.0,0.0,0.0,0.0,0.0,train
512,2024,Agustus,MLN,Melon,0,0,0,0,0,0,0.0,0,0,0.0,0,0.0,0,8,1,False,2024-08-01,23.8,114.7,375.0,-0.8660254037844384,-0.5000000000000004,0.0,0.0,17,0.0,0.0,0.0,0.0,0.0,0.0,0.0,0.0,0.0,0.0,0.0,0.0,0.0,0.0,0.0,0.0,0.0,1.0,0.0,0.0,0.0,0.0,0.0,0.0,0.0,0.0,train
538,2024,September,MLN,Melon,0,0,0,0,0,0,0.0,0,0,0.0,0,0.0,0,9,1,False,2024-09-01,23.8,177.0,375.0,-1.0,-1.8369701987210297e-16,0.0,0.0,17,0.0,0.0,0.0,0.0,0.0,0.0,0.0,0.0,0.0,0.0,0.0,0.0,0.0,0.0,0.0,0.0,0.0,1.0,0.0,0.0,0.0,0.0,0.0,0.0,0.0,0.0,train
564,2024,Oktober,MLN,Melon,0,0,0,0,0,0,0.0,0,0,0.0,0,0.0,0,10,1,False,2024-10-01,24.3,297.6,375.0,-0.8660254037844386,0.5000000000000001,0.0,0.0,17,0.0,0.0,0.0,0.0,0.0,0.0,0.0,0.0,0.0,0.0,0.0,0.0,0.0,0.0,0.0,0.0,0.0,1.0,0.0,0.0,0.0,0.0,0.0,0.0,0.0,0.0,train
590,2024,November,MLN,Melon,0,0,0,0,0,0,0.0,0,0,0.0,0,0.0,0,11,1,False,2024-11-01,23.4,393.0,375.0,-0.5000000000000004,0.8660254037844384,0.0,0.0,17,0.0,0.0,0.0,0.0,0.0,0.0,0.0,0.0,0.0,0.0,0.0,0.0,0.0,0.0,0.0,0.0,0.0,1.0,0.0,0.0,0.0,0.0,0.0,0.0,0.0,0.0,train
616,2024,Desember,MLN,Melon,0,0,0,0,0,0,0.0,0,0,0.0,0,0.0,0,12,1,False,2024-12-01,23.2,384.4,375.0,-2.4492935982947064e-16,1.0,0.0,0.0,17,0.0,0.0,0.0,0.0,0.0,0.0,0.0,0.0,0.0,0.0,0.0,0.0,0.0,0.0,0.0,0.0,0.0,1.0,0.0,0.0,0.0,0.0,0.0,0.0,0.0,0.0,train
642,2025,Januari,MLN,Melon,0,0,0,0,0,0,0.0,0,0,0.0,0,0.0,0,1,1,False,2025-01-01,22.8,282.1,375.0,0.49999999999999994,0.8660254037844387,0.0,0.0,17,0.0,0.0,0.0,0.0,0.0,0.0,0.0,0.0,0.0,0.0,0.0,0.0,0.0,0.0,0.0,0.0,0.0,1.0,0.0,0.0,0.0,0.0,0.0,0.0,0.0,0.0,train
668,2025,Februari,MLN,Melon,0,0,0,0,0,0,0.0,0,0,0.0,0,0.0,0,2,1,False,2025-02-01,22.7,305.2,375.0,0.8660254037844386,0.5000000000000001,0.0,0.0,17,0.0,0.0,0.0,0.0,0.0,0.0,0.0,0.0,0.0,0.0,0.0,0.0,0.0,0.0,0.0,0.0,0.0,1.0,0.0,0.0,0.0,0.0,0.0,0.0,0.0,0.0,train
694,2025,Maret,MLN,Melon,0,0,0,0,0,0,0.0,0,0,0.0,0,0.0,0,3,1,False,2025-03-01,23.2,316.2,375.0,1.0,6.123233995736766e-17,0.0,0.0,17,0.0,0.0,0.0,0.0,0.0,0.0,0.0,0.0,0.0,0.0,0.0,0.0,0.0,0.0,0.0,0.0,0.0,1.0,0.0,0.0,0.0,0.0,0.0,0.0,0.0,0.0,train
720,2025,April,MLN,Melon,0,0,0,0,0,0,0.0,0,0,0.0,0,0.0,0,4,1,False,2025-04-01,23.1,309.0,375.0,0.8660254037844387,-0.49999999999999983,0.0,0.0,17,0.0,0.0,0.0,0.0,0.0,0.0,0.0,0.0,0.0,0.0,0.0,0.0,0.0,0.0,0.0,0.0,0.0,1.0,0.0,0.0,0.0,0.0,0.0,0.0,0.0,0.0,train
746,2025,Mei,MLN,Melon,0,0,0,0,0,0,0.0,0,0,0.0,0,0.0,0,5,1,False,2025-05-01,23.4,285.2,375.0,0.49999999999999994,-0.8660254037844387,0.0,0.0,17,0.0,0.0,0.0,0.0,0.0,0.0,0.0,0.0,0.0,0.0,0.0,0.0,0.0,0.0,0.0,0.0,0.0,1.0,0.0,0.0,0.0,0.0,0.0,0.0,0.0,0.0,val
772,2025,Juni,MLN,Melon,0,0,0,0,0,0,0.0,0,0,0.0,0,0.0,0,6,1,False,2025-06-01,22.9,300.0,375.0,1.2246467991473532e-16,-1.0,0.0,0.0,17,0.0,0.0,0.0,0.0,0.0,0.0,0.0,0.0,0.0,0.0,0.0,0.0,0.0,0.0,0.0,0.0,0.0,1.0,0.0,0.0,0.0,0.0,0.0,0.0,0.0,0.0,val
798,2025,Juli,MLN,Melon,0,0,0,0,0,0,0.0,0,0,0.0,0,0.0,0,7,1,False,2025-07-01,22.9,120.9,375.0,-0.4999999999999998,-0.8660254037844388,0.0,0.0,17,0.0,0.0,0.0,0.0,0.0,0.0,0.0,0.0,0.0,0.0,0.0,0.0,0.0,0.0,0.0,0.0,0.0,1.0,0.0,0.0,0.0,0.0,0.0,0.0,0.0,0.0,val
824,2025,Agustus,MLN,Melon,0,0,0,0,0,0,0.0,0,0,0.0,0,0.0,0,8,1,False,2025-08-01,22.9,114.7,375.0,-0.8660254037844384,-0.5000000000000004,0.0,0.0,17,0.0,0.0,0.0,0.0,0.0,0.0,0.0,0.0,0.0,0.0,0.0,0.0,0.0,0.0,0.0,0.0,0.0,1.0,0.0,0.0,0.0,0.0,0.0,0.0,0.0,0.0,val
850,2025,September,MLN,Melon,0,0,0,0,0,0,0.0,0,0,0.0,0,0.0,0,9,1,False,2025-09-01,23.5,177.0,375.0,-1.0,-1.8369701987210297e-16,0.0,0.0,17,0.0,0.0,0.0,0.0,0.0,0.0,0.0,0.0,0.0,0.0,0.0,0.0,0.0,0.0,0.0,0.0,0.0,1.0,0.0,0.0,0.0,0.0,0.0,0.0,0.0,0.0,val
876,2025,Oktober,MLN,Melon,0,0,0,0,0,0,0.0,0,0,0.0,0,0.0,0,10,1,False,2025-10-01,23.9,297.6,375.0,-0.8660254037844386,0.5000000000000001,0.0,0.0,17,0.0,0.0,0.0,0.0,0.0,0.0,0.0,0.0,0.0,0.0,0.0,0.0,0.0,0.0,0.0,0.0,0.0,1.0,0.0,0.0,0.0,0.0,0.0,0.0,0.0,0.0,test
902,2025,November,MLN,Melon,0,0,0,0,0,0,0.0,0,0,0.0,0,0.0,0,11,1,False,2025-11-01,23.5,393.0,375.0,-0.5000000000000004,0.8660254037844384,0.0,0.0,17,0.0,0.0,0.0,0.0,0.0,0.0,0.0,0.0,0.0,0.0,0.0,0.0,0.0,0.0,0.0,0.0,0.0,1.0,0.0,0.0,0.0,0.0,0.0,0.0,0.0,0.0,test
928,2025,Desember,MLN,Melon,0,0,0,0,0,0,0.0,0,0,0.0,0,0.0,0,12,1,False,2025-12-01,23.2,384.4,375.0,-2.4492935982947064e-16,1.0,0.0,0.0,17,0.0,0.0,0.0,0.0,0.0,0.0,0.0,0.0,0.0,0.0,0.0,0.0,0.0,0.0,0.0,0.0,0.0,1.0,0.0,0.0,0.0,0.0,0.0,0.0,0.0,0.0,test
956,2026,Januari,MLN,Melon,0,0,0,0,0,0,0.0,0,0,0.0,0,0.0,0,1,1,False,2026-01-01,22.2,282.1,375.0,0.49999999999999994,0.8660254037844387,0.0,0.0,17,0.0,0.0,0.0,0.0,0.0,0.0,0.0,0.0,0.0,0.0,0.0,0.0,0.0,0.0,0.0,0.0,0.0,1.0,0.0,0.0,0.0,0.0,0.0,0.0,0.0,0.0,test
984,2026,Februari,MLN,Melon,0,0,0,0,0,0,0.0,0,0,0.0,0,0.0,0,2,1,False,2026-02-01,22.5,306.3,375.0,0.8660254037844386,0.5000000000000001,0.0,0.0,17,0.0,0.0,0.0,0.0,0.0,0.0,0.0,0.0,0.0,0.0,0.0,0.0,0.0,0.0,0.0,0.0,0.0,1.0,0.0,0.0,0.0,0.0,0.0,0.0,0.0,0.0,test
1012,2026,Maret,MLN,Melon,0,0,0,0,0,0,0.0,0,0,0.0,0,0.0,0,3,1,False,2026-03-01,23.0,315.8,375.0,1.0,6.123233995736766e-17,0.0,0.0,17,0.0,0.0,0.0,0.0,0.0,0.0,0.0,0.0,0.0,0.0,0.0,0.0,0.0,0.0,0.0,0.0,0.0,1.0,0.0,0.0,0.0,0.0,0.0,0.0,0.0,0.0,test
97,2023,April,TMN,Mentimun,3,2,1,0,2,3,160.0,80,3000,16000.0,8000,24000.0,3,4,0,False,2023-04-01,23.3,309.0,400.0,0.8660254037844387,-0.49999999999999983,40000.0,45333.333333333336,18,0.0,0.0,0.0,0.0,0.0,0.0,0.0,0.0,0.0,0.0,0.0,0.0,0.0,0.0,0.0,0.0,0.0,0.0,1.0,0.0,0.0,0.0,0.0,0.0,0.0,0.0,train
123,2023,Mei,TMN,Mentimun,3,2,1,0,2,3,160.0,80,3000,16000.0,8000,24000.0,3,5,0,False,2023-05-01,23.6,285.2,400.0,0.49999999999999994,-0.8660254037844387,24000.0,37333.333333333336,18,0.0,0.0,0.0,0.0,0.0,0.0,0.0,0.0,0.0,0.0,0.0,0.0,0.0,0.0,0.0,0.0,0.0,0.0,1.0,0.0,0.0,0.0,0.0,0.0,0.0,0.0,train
149,2023,Juni,TMN,Mentimun,3,1,2,0,2,4,70.0,140,3000,7000.0,14000,21000.0,3,6,0,False,2023-06-01,23.3,300.0,400.0,1.2246467991473532e-16,-1.0,24000.0,29333.333333333332,18,0.0,0.0,0.0,0.0,0.0,0.0,0.0,0.0,0.0,0.0,0.0,0.0,0.0,0.0,0.0,0.0,0.0,0.0,1.0,0.0,0.0,0.0,0.0,0.0,0.0,0.0,train
175,2023,Juli,TMN,Mentimun,4,0,0,0,0,4,0.0,0,3500,0.0,0,0.0,0,7,1,False,2023-07-01,23.0,120.9,400.0,-0.4999999999999998,-0.8660254037844388,21000.0,23000.0,18,0.0,0.0,0.0,0.0,0.0,0.0,0.0,0.0,0.0,0.0,0.0,0.0,0.0,0.0,0.0,0.0,0.0,0.0,1.0,0.0,0.0,0.0,0.0,0.0,0.0,0.0,train
201,2023,Agustus,TMN,Mentimun,4,1,0,0,1,4,70.0,0,5000,7000.0,0,7000.0,1,8,0,False,2023-08-01,23.9,114.7,400.0,-0.8660254037844384,-0.5000000000000004,0.0,15000.0,18,0.0,0.0,0.0,0.0,0.0,0.0,0.0,0.0,0.0,0.0,0.0,0.0,0.0,0.0,0.0,0.0,0.0,0.0,1.0,0.0,0.0,0.0,0.0,0.0,0.0,0.0,train
227,2023,September,TMN,Mentimun,4,2,0,0,2,4,145.0,0,4000,14500.0,0,14500.0,2,9,0,False,2023-09-01,24.8,177.0,400.0,-1.0,-1.8369701987210297e-16,7000.0,9333.333333333334,18,0.0,0.0,0.0,0.0,0.0,0.0,0.0,0.0,0.0,0.0,0.0,0.0,0.0,0.0,0.0,0.0,0.0,0.0,1.0,0.0,0.0,0.0,0.0,0.0,0.0,0.0,train
253,2023,Oktober,TMN,Mentimun,4,0,0,0,0,4,0.0,0,3500,0.0,0,0.0,0,10,1,False,2023-10-01,25.6,297.6,400.0,-0.8660254037844386,0.5000000000000001,14500.0,7166.666666666667,18,0.0,0.0,0.0,0.0,0.0,0.0,0.0,0.0,0.0,0.0,0.0,0.0,0.0,0.0,0.0,0.0,0.0,0.0,1.0,0.0,0.0,0.0,0.0,0.0,0.0,0.0,train
279,2023,November,TMN,Mentimun,4,2,2,0,2,4,150.0,150,5000,15000.0,15000,30000.0,4,11,0,False,2023-11-01,24.1,393.0,400.0,-0.5000000000000004,0.8660254037844384,0.0,7166.666666666667,18,0.0,0.0,0.0,0.0,0.0,0.0,0.0,0.0,0.0,0.0,0.0,0.0,0.0,0.0,0.0,0.0,0.0,0.0,1.0,0.0,0.0,0.0,0.0,0.0,0.0,0.0,train
305,2023,Desember,TMN,Mentimun,4,0,0,0,0,4,0.0,0,3500,0.0,0,0.0,0,12,1,False,2023-12-01,23.9,384.4,400.0,-2.4492935982947064e-16,1.0,30000.0,14833.333333333334,18,0.0,0.0,0.0,0.0,0.0,0.0,0.0,0.0,0.0,0.0,0.0,0.0,0.0,0.0,0.0,0.0,0.0,0.0,1.0,0.0,0.0,0.0,0.0,0.0,0.0,0.0,train
331,2024,Januari,TMN,Mentimun,4,2,2,0,3,5,400.0,400,2000,40000.0,40000,80000.0,4,1,0,False,2024-01-01,23.4,282.1,400.0,0.49999999999999994,0.8660254037844387,0.0,10000.0,18,0.0,0.0,0.0,0.0,0.0,0.0,0.0,0.0,0.0,0.0,0.0,0.0,0.0,0.0,0.0,0.0,0.0,0.0,1.0,0.0,0.0,0.0,0.0,0.0,0.0,0.0,train
357,2024,Februari,TMN,Mentimun,5,2,0,0,1,4,300.0,0,2000,30000.0,0,30000.0,2,2,0,False,2024-02-01,23.5,316.1,400.0,0.8660254037844386,0.5000000000000001,80000.0,36666.666666666664,18,0.0,0.0,0.0,0.0,0.0,0.0,0.0,0.0,0.0,0.0,0.0,0.0,0.0,0.0,0.0,0.0,0.0,0.0,1.0,0.0,0.0,0.0,0.0,0.0,0.0,0.0,train
383,2024,Maret,TMN,Mentimun,4,2,2,0,1,3,300.0,300,3000,30000.0,30000,60000.0,4,3,0,False,2024-03-01,23.4,316.2,400.0,1.0,6.123233995736766e-17,30000.0,36666.666666666664,18,0.0,0.0,0.0,0.0,0.0,0.0,0.0,0.0,0.0,0.0,0.0,0.0,0.0,0.0,0.0,0.0,0.0,0.0,1.0,0.0,0.0,0.0,0.0,0.0,0.0,0.0,train
409,2024,April,TMN,Mentimun,0,0,0,0,0,0,0.0,0,2333,0.0,0,0.0,0,4,1,False,2024-04-01,24.0,309.0,400.0,0.8660254037844387,-0.49999999999999983,60000.0,56666.666666666664,18,0.0,0.0,0.0,0.0,0.0,0.0,0.0,0.0,0.0,0.0,0.0,0.0,0.0,0.0,0.0,0.0,0.0,0.0,1.0,0.0,0.0,0.0,0.0,0.0,0.0,0.0,train
435,2024,Mei,TMN,Mentimun,0,0,0,0,0,0,0.0,0,2333,0.0,0,0.0,0,5,1,False,2024-05-01,24.2,285.2,400.0,0.49999999999999994,-0.8660254037844387,0.0,30000.0,18,0.0,0.0,0.0,0.0,0.0,0.0,0.0,0.0,0.0,0.0,0.0,0.0,0.0,0.0,0.0,0.0,0.0,0.0,1.0,0.0,0.0,0.0,0.0,0.0,0.0,0.0,train
461,2024,Juni,TMN,Mentimun,0,0,0,0,0,0,0.0,0,2333,0.0,0,0.0,0,6,1,False,2024-06-01,23.3,300.0,400.0,1.2246467991473532e-16,-1.0,0.0,20000.0,18,0.0,0.0,0.0,0.0,0.0,0.0,0.0,0.0,0.0,0.0,0.0,0.0,0.0,0.0,0.0,0.0,0.0,0.0,1.0,0.0,0.0,0.0,0.0,0.0,0.0,0.0,train
487,2024,Juli,TMN,Mentimun,0,0,0,0,0,0,0.0,0,2333,0.0,0,0.0,0,7,1,False,2024-07-01,22.9,120.9,400.0,-0.4999999999999998,-0.8660254037844388,0.0,0.0,18,0.0,0.0,0.0,0.0,0.0,0.0,0.0,0.0,0.0,0.0,0.0,0.0,0.0,0.0,0.0,0.0,0.0,0.0,1.0,0.0,0.0,0.0,0.0,0.0,0.0,0.0,train
513,2024,Agustus,TMN,Mentimun,0,0,0,0,0,0,0.0,0,2333,0.0,0,0.0,0,8,1,False,2024-08-01,23.8,114.7,400.0,-0.8660254037844384,-0.5000000000000004,0.0,0.0,18,0.0,0.0,0.0,0.0,0.0,0.0,0.0,0.0,0.0,0.0,0.0,0.0,0.0,0.0,0.0,0.0,0.0,0.0,1.0,0.0,0.0,0.0,0.0,0.0,0.0,0.0,train
539,2024,September,TMN,Mentimun,0,0,0,0,0,0,0.0,0,2333,0.0,0,0.0,0,9,1,False,2024-09-01,23.8,177.0,400.0,-1.0,-1.8369701987210297e-16,0.0,0.0,18,0.0,0.0,0.0,0.0,0.0,0.0,0.0,0.0,0.0,0.0,0.0,0.0,0.0,0.0,0.0,0.0,0.0,0.0,1.0,0.0,0.0,0.0,0.0,0.0,0.0,0.0,train
565,2024,Oktober,TMN,Mentimun,0,0,0,0,0,0,0.0,0,2333,0.0,0,0.0,0,10,1,False,2024-10-01,24.3,297.6,400.0,-0.8660254037844386,0.5000000000000001,0.0,0.0,18,0.0,0.0,0.0,0.0,0.0,0.0,0.0,0.0,0.0,0.0,0.0,0.0,0.0,0.0,0.0,0.0,0.0,0.0,1.0,0.0,0.0,0.0,0.0,0.0,0.0,0.0,train
591,2024,November,TMN,Mentimun,0,0,0,0,0,0,0.0,0,2333,0.0,0,0.0,0,11,1,False,2024-11-01,23.4,393.0,400.0,-0.5000000000000004,0.8660254037844384,0.0,0.0,18,0.0,0.0,0.0,0.0,0.0,0.0,0.0,0.0,0.0,0.0,0.0,0.0,0.0,0.0,0.0,0.0,0.0,0.0,1.0,0.0,0.0,0.0,0.0,0.0,0.0,0.0,train
617,2024,Desember,TMN,Mentimun,0,0,0,0,0,0,0.0,0,2333,0.0,0,0.0,0,12,1,False,2024-12-01,23.2,384.4,400.0,-2.4492935982947064e-16,1.0,0.0,0.0,18,0.0,0.0,0.0,0.0,0.0,0.0,0.0,0.0,0.0,0.0,0.0,0.0,0.0,0.0,0.0,0.0,0.0,0.0,1.0,0.0,0.0,0.0,0.0,0.0,0.0,0.0,train
643,2025,Januari,TMN,Mentimun,6,1,5,0,1,6,80.0,400,2500,8000.0,40000,48000.0,6,1,0,False,2025-01-01,22.8,282.1,400.0,0.49999999999999994,0.8660254037844387,0.0,0.0,18,0.0,0.0,0.0,0.0,0.0,0.0,0.0,0.0,0.0,0.0,0.0,0.0,0.0,0.0,0.0,0.0,0.0,0.0,1.0,0.0,0.0,0.0,0.0,0.0,0.0,0.0,train
669,2025,Februari,TMN,Mentimun,6,2,4,0,1,5,160.0,320,3000,16000.0,32000,48000.0,6,2,0,False,2025-02-01,22.7,305.2,400.0,0.8660254037844386,0.5000000000000001,48000.0,16000.0,18,0.0,0.0,0.0,0.0,0.0,0.0,0.0,0.0,0.0,0.0,0.0,0.0,0.0,0.0,0.0,0.0,0.0,0.0,1.0,0.0,0.0,0.0,0.0,0.0,0.0,0.0,train
695,2025,Maret,TMN,Mentimun,5,2,3,0,0,3,160.0,240,3000,16000.0,24000,40000.0,5,3,0,False,2025-03-01,23.2,316.2,400.0,1.0,6.123233995736766e-17,48000.0,32000.0,18,0.0,0.0,0.0,0.0,0.0,0.0,0.0,0.0,0.0,0.0,0.0,0.0,0.0,0.0,0.0,0.0,0.0,0.0,1.0,0.0,0.0,0.0,0.0,0.0,0.0,0.0,train
721,2025,April,TMN,Mentimun,3,2,1,0,2,3,160.0,80,3000,16000.0,8000,24000.0,3,4,0,False,2025-04-01,23.1,309.0,400.0,0.8660254037844387,-0.49999999999999983,40000.0,45333.333333333336,18,0.0,0.0,0.0,0.0,0.0,0.0,0.0,0.0,0.0,0.0,0.0,0.0,0.0,0.0,0.0,0.0,0.0,0.0,1.0,0.0,0.0,0.0,0.0,0.0,0.0,0.0,train
747,2025,Mei,TMN,Mentimun,3,2,1,0,2,3,160.0,80,3000,16000.0,8000,24000.0,3,5,0,False,2025-05-01,23.4,285.2,400.0,0.49999999999999994,-0.8660254037844387,24000.0,37333.333333333336,18,0.0,0.0,0.0,0.0,0.0,0.0,0.0,0.0,0.0,0.0,0.0,0.0,0.0,0.0,0.0,0.0,0.0,0.0,1.0,0.0,0.0,0.0,0.0,0.0,0.0,0.0,val
773,2025,Juni,TMN,Mentimun,3,1,2,0,2,4,70.0,140,3000,7000.0,14000,21000.0,3,6,0,False,2025-06-01,22.9,300.0,400.0,1.2246467991473532e-16,-1.0,24000.0,29333.333333333332,18,0.0,0.0,0.0,0.0,0.0,0.0,0.0,0.0,0.0,0.0,0.0,0.0,0.0,0.0,0.0,0.0,0.0,0.0,1.0,0.0,0.0,0.0,0.0,0.0,0.0,0.0,val
799,2025,Juli,TMN,Mentimun,4,0,0,0,0,4,0.0,0,0,0.0,0,0.0,0,7,1,False,2025-07-01,22.9,120.9,400.0,-0.4999999999999998,-0.8660254037844388,21000.0,23000.0,18,0.0,0.0,0.0,0.0,0.0,0.0,0.0,0.0,0.0,0.0,0.0,0.0,0.0,0.0,0.0,0.0,0.0,0.0,1.0,0.0,0.0,0.0,0.0,0.0,0.0,0.0,val
825,2025,Agustus,TMN,Mentimun,4,1,0,0,1,4,70.0,0,5000,7000.0,0,7000.0,1,8,0,False,2025-08-01,22.9,114.7,400.0,-0.8660254037844384,-0.5000000000000004,0.0,15000.0,18,0.0,0.0,0.0,0.0,0.0,0.0,0.0,0.0,0.0,0.0,0.0,0.0,0.0,0.0,0.0,0.0,0.0,0.0,1.0,0.0,0.0,0.0,0.0,0.0,0.0,0.0,val
851,2025,September,TMN,Mentimun,4,2,0,0,2,4,145.0,0,4000,14500.0,0,14500.0,2,9,0,False,2025-09-01,23.5,177.0,400.0,-1.0,-1.8369701987210297e-16,7000.0,9333.333333333334,18,0.0,0.0,0.0,0.0,0.0,0.0,0.0,0.0,0.0,0.0,0.0,0.0,0.0,0.0,0.0,0.0,0.0,0.0,1.0,0.0,0.0,0.0,0.0,0.0,0.0,0.0,val
877,2025,Oktober,TMN,Mentimun,4,0,0,0,0,4,0.0,0,0,0.0,0,0.0,0,10,1,False,2025-10-01,23.9,297.6,400.0,-0.8660254037844386,0.5000000000000001,14500.0,7166.666666666667,18,0.0,0.0,0.0,0.0,0.0,0.0,0.0,0.0,0.0,0.0,0.0,0.0,0.0,0.0,0.0,0.0,0.0,0.0,1.0,0.0,0.0,0.0,0.0,0.0,0.0,0.0,test
903,2025,November,TMN,Mentimun,4,2,2,0,2,4,150.0,150,5000,15000.0,15000,30000.0,4,11,0,False,2025-11-01,23.5,393.0,400.0,-0.5000000000000004,0.8660254037844384,0.0,7166.666666666667,18,0.0,0.0,0.0,0.0,0.0,0.0,0.0,0.0,0.0,0.0,0.0,0.0,0.0,0.0,0.0,0.0,0.0,0.0,1.0,0.0,0.0,0.0,0.0,0.0,0.0,0.0,test
929,2025,Desember,TMN,Mentimun,4,0,0,0,0,4,0.0,0,0,0.0,0,0.0,0,12,1,False,2025-12-01,23.2,384.4,400.0,-2.4492935982947064e-16,1.0,30000.0,14833.333333333334,18,0.0,0.0,0.0,0.0,0.0,0.0,0.0,0.0,0.0,0.0,0.0,0.0,0.0,0.0,0.0,0.0,0.0,0.0,1.0,0.0,0.0,0.0,0.0,0.0,0.0,0.0,test
957,2026,Januari,TMN,Mentimun,4,2,2,0,3,5,400.0,400,2000,40000.0,40000,80000.0,4,1,0,False,2026-01-01,22.2,282.1,400.0,0.49999999999999994,0.8660254037844387,0.0,10000.0,18,0.0,0.0,0.0,0.0,0.0,0.0,0.0,0.0,0.0,0.0,0.0,0.0,0.0,0.0,0.0,0.0,0.0,0.0,1.0,0.0,0.0,0.0,0.0,0.0,0.0,0.0,test
985,2026,Februari,TMN,Mentimun,5,2,0,0,1,4,300.0,0,2000,30000.0,0,30000.0,2,2,0,False,2026-02-01,22.5,306.3,400.0,0.8660254037844386,0.5000000000000001,80000.0,36666.666666666664,18,0.0,0.0,0.0,0.0,0.0,0.0,0.0,0.0,0.0,0.0,0.0,0.0,0.0,0.0,0.0,0.0,0.0,0.0,1.0,0.0,0.0,0.0,0.0,0.0,0.0,0.0,test
1013,2026,Maret,TMN,Mentimun,4,2,2,0,1,3,300.0,300,3000,30000.0,30000,60000.0,4,3,0,False,2026-03-01,23.0,315.8,400.0,1.0,6.123233995736766e-17,30000.0,36666.666666666664,18,0.0,0.0,0.0,0.0,0.0,0.0,0.0,0.0,0.0,0.0,0.0,0.0,0.0,0.0,0.0,0.0,0.0,0.0,1.0,0.0,0.0,0.0,0.0,0.0,0.0,0.0,test
98,2023,April,PPR,Paprika,17,3,14,0,3,17,480.0,2240,27000,48000.0,224000,272000.0,17,4,0,False,2023-04-01,23.3,309.0,400.0,0.8660254037844387,-0.49999999999999983,37500.0,116000.0,19,0.0,0.0,0.0,0.0,0.0,0.0,0.0,0.0,0.0,0.0,0.0,0.0,0.0,0.0,0.0,0.0,0.0,0.0,0.0,1.0,0.0,0.0,0.0,0.0,0.0,0.0,train
124,2023,Mei,PPR,Paprika,17,1,0,0,1,17,75.0,0,27000,7500.0,0,7500.0,1,5,0,False,2023-05-01,23.6,285.2,400.0,0.49999999999999994,-0.8660254037844387,272000.0,199166.66666666666,19,0.0,0.0,0.0,0.0,0.0,0.0,0.0,0.0,0.0,0.0,0.0,0.0,0.0,0.0,0.0,0.0,0.0,0.0,0.0,1.0,0.0,0.0,0.0,0.0,0.0,0.0,train
150,2023,Juni,PPR,Paprika,17,1,16,0,1,17,85.0,1280,27000,8500.0,128000,136500.0,17,6,0,False,2023-06-01,23.3,300.0,400.0,1.2246467991473532e-16,-1.0,7500.0,105666.66666666667,19,0.0,0.0,0.0,0.0,0.0,0.0,0.0,0.0,0.0,0.0,0.0,0.0,0.0,0.0,0.0,0.0,0.0,0.0,0.0,1.0,0.0,0.0,0.0,0.0,0.0,0.0,train
176,2023,Juli,PPR,Paprika,17,2,0,0,2,17,120.0,0,24000,12000.0,0,12000.0,2,7,0,False,2023-07-01,23.0,120.9,400.0,-0.4999999999999998,-0.8660254037844388,136500.0,138666.66666666666,19,0.0,0.0,0.0,0.0,0.0,0.0,0.0,0.0,0.0,0.0,0.0,0.0,0.0,0.0,0.0,0.0,0.0,0.0,0.0,1.0,0.0,0.0,0.0,0.0,0.0,0.0,train
202,2023,Agustus,PPR,Paprika,17,2,0,0,2,17,160.0,0,35000,16000.0,0,16000.0,2,8,0,False,2023-08-01,23.9,114.7,400.0,-0.8660254037844384,-0.5000000000000004,12000.0,52000.0,19,0.0,0.0,0.0,0.0,0.0,0.0,0.0,0.0,0.0,0.0,0.0,0.0,0.0,0.0,0.0,0.0,0.0,0.0,0.0,1.0,0.0,0.0,0.0,0.0,0.0,0.0,train
228,2023,September,PPR,Paprika,17,2,0,0,2,17,145.0,0,15000,14500.0,0,14500.0,2,9,0,False,2023-09-01,24.8,177.0,400.0,-1.0,-1.8369701987210297e-16,16000.0,54833.333333333336,19,0.0,0.0,0.0,0.0,0.0,0.0,0.0,0.0,0.0,0.0,0.0,0.0,0.0,0.0,0.0,0.0,0.0,0.0,0.0,1.0,0.0,0.0,0.0,0.0,0.0,0.0,train
254,2023,Oktober,PPR,Paprika,17,3,0,0,3,17,210.0,0,15000,21000.0,0,21000.0,3,10,0,False,2023-10-01,25.6,297.6,400.0,-0.8660254037844386,0.5000000000000001,14500.0,14166.666666666666,19,0.0,0.0,0.0,0.0,0.0,0.0,0.0,0.0,0.0,0.0,0.0,0.0,0.0,0.0,0.0,0.0,0.0,0.0,0.0,1.0,0.0,0.0,0.0,0.0,0.0,0.0,train
280,2023,November,PPR,Paprika,17,4,13,0,4,17,300.0,1040,15000,30000.0,104000,134000.0,17,11,0,False,2023-11-01,24.1,393.0,400.0,-0.5000000000000004,0.8660254037844384,21000.0,17166.666666666668,19,0.0,0.0,0.0,0.0,0.0,0.0,0.0,0.0,0.0,0.0,0.0,0.0,0.0,0.0,0.0,0.0,0.0,0.0,0.0,1.0,0.0,0.0,0.0,0.0,0.0,0.0,train
306,2023,Desember,PPR,Paprika,17,0,0,0,0,17,0.0,0,23545,0.0,0,0.0,0,12,1,False,2023-12-01,23.9,384.4,400.0,-2.4492935982947064e-16,1.0,134000.0,56500.0,19,0.0,0.0,0.0,0.0,0.0,0.0,0.0,0.0,0.0,0.0,0.0,0.0,0.0,0.0,0.0,0.0,0.0,0.0,0.0,1.0,0.0,0.0,0.0,0.0,0.0,0.0,train
332,2024,Januari,PPR,Paprika,17,5,12,0,8,20,1000.0,2400,30000,100000.0,240000,340000.0,17,1,0,False,2024-01-01,23.4,282.1,400.0,0.49999999999999994,0.8660254037844387,0.0,51666.666666666664,19,0.0,0.0,0.0,0.0,0.0,0.0,0.0,0.0,0.0,0.0,0.0,0.0,0.0,0.0,0.0,0.0,0.0,0.0,0.0,1.0,0.0,0.0,0.0,0.0,0.0,0.0,train
358,2024,Februari,PPR,Paprika,20,7,0,0,5,18,1400.0,0,25000,140000.0,0,140000.0,7,2,0,False,2024-02-01,23.5,316.1,400.0,0.8660254037844386,0.5000000000000001,340000.0,158000.0,19,0.0,0.0,0.0,0.0,0.0,0.0,0.0,0.0,0.0,0.0,0.0,0.0,0.0,0.0,0.0,0.0,0.0,0.0,0.0,1.0,0.0,0.0,0.0,0.0,0.0,0.0,train
384,2024,Maret,PPR,Paprika,18,6,12,0,3,15,1200.0,2400,30000,120000.0,240000,360000.0,18,3,0,False,2024-03-01,23.4,316.2,400.0,1.0,6.123233995736766e-17,140000.0,160000.0,19,0.0,0.0,0.0,0.0,0.0,0.0,0.0,0.0,0.0,0.0,0.0,0.0,0.0,0.0,0.0,0.0,0.0,0.0,0.0,1.0,0.0,0.0,0.0,0.0,0.0,0.0,train
410,2024,April,PPR,Paprika,0,0,0,0,0,0,0.0,0,28333,0.0,0,0.0,0,4,1,False,2024-04-01,24.0,309.0,400.0,0.8660254037844387,-0.49999999999999983,360000.0,280000.0,19,0.0,0.0,0.0,0.0,0.0,0.0,0.0,0.0,0.0,0.0,0.0,0.0,0.0,0.0,0.0,0.0,0.0,0.0,0.0,1.0,0.0,0.0,0.0,0.0,0.0,0.0,train
436,2024,Mei,PPR,Paprika,0,0,0,0,0,0,0.0,0,28333,0.0,0,0.0,0,5,1,False,2024-05-01,24.2,285.2,400.0,0.49999999999999994,-0.8660254037844387,0.0,166666.66666666666,19,0.0,0.0,0.0,0.0,0.0,0.0,0.0,0.0,0.0,0.0,0.0,0.0,0.0,0.0,0.0,0.0,0.0,0.0,0.0,1.0,0.0,0.0,0.0,0.0,0.0,0.0,train
462,2024,Juni,PPR,Paprika,0,0,0,0,0,0,0.0,0,28333,0.0,0,0.0,0,6,1,False,2024-06-01,23.3,300.0,400.0,1.2246467991473532e-16,-1.0,0.0,120000.0,19,0.0,0.0,0.0,0.0,0.0,0.0,0.0,0.0,0.0,0.0,0.0,0.0,0.0,0.0,0.0,0.0,0.0,0.0,0.0,1.0,0.0,0.0,0.0,0.0,0.0,0.0,train
488,2024,Juli,PPR,Paprika,0,0,0,0,0,0,0.0,0,28333,0.0,0,0.0,0,7,1,False,2024-07-01,22.9,120.9,400.0,-0.4999999999999998,-0.8660254037844388,0.0,0.0,19,0.0,0.0,0.0,0.0,0.0,0.0,0.0,0.0,0.0,0.0,0.0,0.0,0.0,0.0,0.0,0.0,0.0,0.0,0.0,1.0,0.0,0.0,0.0,0.0,0.0,0.0,train
514,2024,Agustus,PPR,Paprika,0,0,0,0,0,0,0.0,0,28333,0.0,0,0.0,0,8,1,False,2024-08-01,23.8,114.7,400.0,-0.8660254037844384,-0.5000000000000004,0.0,0.0,19,0.0,0.0,0.0,0.0,0.0,0.0,0.0,0.0,0.0,0.0,0.0,0.0,0.0,0.0,0.0,0.0,0.0,0.0,0.0,1.0,0.0,0.0,0.0,0.0,0.0,0.0,train
540,2024,September,PPR,Paprika,0,0,0,0,0,0,0.0,0,28333,0.0,0,0.0,0,9,1,False,2024-09-01,23.8,177.0,400.0,-1.0,-1.8369701987210297e-16,0.0,0.0,19,0.0,0.0,0.0,0.0,0.0,0.0,0.0,0.0,0.0,0.0,0.0,0.0,0.0,0.0,0.0,0.0,0.0,0.0,0.0,1.0,0.0,0.0,0.0,0.0,0.0,0.0,train
566,2024,Oktober,PPR,Paprika,0,0,0,0,0,0,0.0,0,28333,0.0,0,0.0,0,10,1,False,2024-10-01,24.3,297.6,400.0,-0.8660254037844386,0.5000000000000001,0.0,0.0,19,0.0,0.0,0.0,0.0,0.0,0.0,0.0,0.0,0.0,0.0,0.0,0.0,0.0,0.0,0.0,0.0,0.0,0.0,0.0,1.0,0.0,0.0,0.0,0.0,0.0,0.0,train
592,2024,November,PPR,Paprika,0,0,0,0,0,0,0.0,0,28333,0.0,0,0.0,0,11,1,False,2024-11-01,23.4,393.0,400.0,-0.5000000000000004,0.8660254037844384,0.0,0.0,19,0.0,0.0,0.0,0.0,0.0,0.0,0.0,0.0,0.0,0.0,0.0,0.0,0.0,0.0,0.0,0.0,0.0,0.0,0.0,1.0,0.0,0.0,0.0,0.0,0.0,0.0,train
618,2024,Desember,PPR,Paprika,0,0,0,0,0,0,0.0,0,28333,0.0,0,0.0,0,12,1,False,2024-12-01,23.2,384.4,400.0,-2.4492935982947064e-16,1.0,0.0,0.0,19,0.0,0.0,0.0,0.0,0.0,0.0,0.0,0.0,0.0,0.0,0.0,0.0,0.0,0.0,0.0,0.0,0.0,0.0,0.0,1.0,0.0,0.0,0.0,0.0,0.0,0.0,train
644,2025,Januari,PPR,Paprika,19,3,0,0,2,18,225.0,0,20000,22500.0,0,22500.0,3,1,0,False,2025-01-01,22.8,282.1,400.0,0.49999999999999994,0.8660254037844387,0.0,0.0,19,0.0,0.0,0.0,0.0,0.0,0.0,0.0,0.0,0.0,0.0,0.0,0.0,0.0,0.0,0.0,0.0,0.0,0.0,0.0,1.0,0.0,0.0,0.0,0.0,0.0,0.0,train
670,2025,Februari,PPR,Paprika,18,5,13,0,5,18,800.0,2080,27000,80000.0,208000,288000.0,18,2,0,False,2025-02-01,22.7,305.2,400.0,0.8660254037844386,0.5000000000000001,22500.0,7500.0,19,0.0,0.0,0.0,0.0,0.0,0.0,0.0,0.0,0.0,0.0,0.0,0.0,0.0,0.0,0.0,0.0,0.0,0.0,0.0,1.0,0.0,0.0,0.0,0.0,0.0,0.0,train
696,2025,Maret,PPR,Paprika,18,5,0,0,4,17,375.0,0,27000,37500.0,0,37500.0,5,3,0,False,2025-03-01,23.2,316.2,400.0,1.0,6.123233995736766e-17,288000.0,103500.0,19,0.0,0.0,0.0,0.0,0.0,0.0,0.0,0.0,0.0,0.0,0.0,0.0,0.0,0.0,0.0,0.0,0.0,0.0,0.0,1.0,0.0,0.0,0.0,0.0,0.0,0.0,train
722,2025,April,PPR,Paprika,17,3,14,0,3,17,480.0,2240,27000,48000.0,224000,272000.0,17,4,0,False,2025-04-01,23.1,309.0,400.0,0.8660254037844387,-0.49999999999999983,37500.0,116000.0,19,0.0,0.0,0.0,0.0,0.0,0.0,0.0,0.0,0.0,0.0,0.0,0.0,0.0,0.0,0.0,0.0,0.0,0.0,0.0,1.0,0.0,0.0,0.0,0.0,0.0,0.0,train
748,2025,Mei,PPR,Paprika,17,1,0,0,1,17,75.0,0,27000,7500.0,0,7500.0,1,5,0,False,2025-05-01,23.4,285.2,400.0,0.49999999999999994,-0.8660254037844387,272000.0,199166.66666666666,19,0.0,0.0,0.0,0.0,0.0,0.0,0.0,0.0,0.0,0.0,0.0,0.0,0.0,0.0,0.0,0.0,0.0,0.0,0.0,1.0,0.0,0.0,0.0,0.0,0.0,0.0,val
774,2025,Juni,PPR,Paprika,17,1,16,0,1,17,85.0,1280,27000,8500.0,128000,136500.0,17,6,0,False,2025-06-01,22.9,300.0,400.0,1.2246467991473532e-16,-1.0,7500.0,105666.66666666667,19,0.0,0.0,0.0,0.0,0.0,0.0,0.0,0.0,0.0,0.0,0.0,0.0,0.0,0.0,0.0,0.0,0.0,0.0,0.0,1.0,0.0,0.0,0.0,0.0,0.0,0.0,val
800,2025,Juli,PPR,Paprika,17,2,0,0,2,17,120.0,0,24000,12000.0,0,12000.0,2,7,0,False,2025-07-01,22.9,120.9,400.0,-0.4999999999999998,-0.8660254037844388,136500.0,138666.66666666666,19,0.0,0.0,0.0,0.0,0.0,0.0,0.0,0.0,0.0,0.0,0.0,0.0,0.0,0.0,0.0,0.0,0.0,0.0,0.0,1.0,0.0,0.0,0.0,0.0,0.0,0.0,val
826,2025,Agustus,PPR,Paprika,17,2,0,0,2,17,160.0,0,35000,16000.0,0,16000.0,2,8,0,False,2025-08-01,22.9,114.7,400.0,-0.8660254037844384,-0.5000000000000004,12000.0,52000.0,19,0.0,0.0,0.0,0.0,0.0,0.0,0.0,0.0,0.0,0.0,0.0,0.0,0.0,0.0,0.0,0.0,0.0,0.0,0.0,1.0,0.0,0.0,0.0,0.0,0.0,0.0,val
852,2025,September,PPR,Paprika,17,2,0,0,2,17,145.0,0,15000,14500.0,0,14500.0,2,9,0,False,2025-09-01,23.5,177.0,400.0,-1.0,-1.8369701987210297e-16,16000.0,54833.333333333336,19,0.0,0.0,0.0,0.0,0.0,0.0,0.0,0.0,0.0,0.0,0.0,0.0,0.0,0.0,0.0,0.0,0.0,0.0,0.0,1.0,0.0,0.0,0.0,0.0,0.0,0.0,val
878,2025,Oktober,PPR,Paprika,17,3,0,0,3,17,210.0,0,15000,21000.0,0,21000.0,3,10,0,False,2025-10-01,23.9,297.6,400.0,-0.8660254037844386,0.5000000000000001,14500.0,14166.666666666666,19,0.0,0.0,0.0,0.0,0.0,0.0,0.0,0.0,0.0,0.0,0.0,0.0,0.0,0.0,0.0,0.0,0.0,0.0,0.0,1.0,0.0,0.0,0.0,0.0,0.0,0.0,test
904,2025,November,PPR,Paprika,17,4,13,0,4,17,300.0,1040,15000,30000.0,104000,134000.0,17,11,0,False,2025-11-01,23.5,393.0,400.0,-0.5000000000000004,0.8660254037844384,21000.0,17166.666666666668,19,0.0,0.0,0.0,0.0,0.0,0.0,0.0,0.0,0.0,0.0,0.0,0.0,0.0,0.0,0.0,0.0,0.0,0.0,0.0,1.0,0.0,0.0,0.0,0.0,0.0,0.0,test
930,2025,Desember,PPR,Paprika,17,0,0,0,0,17,0.0,0,0,0.0,0,0.0,0,12,1,False,2025-12-01,23.2,384.4,400.0,-2.4492935982947064e-16,1.0,134000.0,56500.0,19,0.0,0.0,0.0,0.0,0.0,0.0,0.0,0.0,0.0,0.0,0.0,0.0,0.0,0.0,0.0,0.0,0.0,0.0,0.0,1.0,0.0,0.0,0.0,0.0,0.0,0.0,test
958,2026,Januari,PPR,Paprika,17,5,12,0,8,20,1000.0,2400,30000,100000.0,240000,340000.0,17,1,0,False,2026-01-01,22.2,282.1,400.0,0.49999999999999994,0.8660254037844387,0.0,51666.666666666664,19,0.0,0.0,0.0,0.0,0.0,0.0,0.0,0.0,0.0,0.0,0.0,0.0,0.0,0.0,0.0,0.0,0.0,0.0,0.0,1.0,0.0,0.0,0.0,0.0,0.0,0.0,test
986,2026,Februari,PPR,Paprika,20,7,0,0,5,18,1400.0,0,25000,140000.0,0,140000.0,7,2,0,False,2026-02-01,22.5,306.3,400.0,0.8660254037844386,0.5000000000000001,340000.0,158000.0,19,0.0,0.0,0.0,0.0,0.0,0.0,0.0,0.0,0.0,0.0,0.0,0.0,0.0,0.0,0.0,0.0,0.0,0.0,0.0,1.0,0.0,0.0,0.0,0.0,0.0,0.0,test
1014,2026,Maret,PPR,Paprika,18,6,12,0,3,15,1200.0,2400,30000,120000.0,240000,360000.0,18,3,0,False,2026-03-01,23.0,315.8,400.0,1.0,6.123233995736766e-17,140000.0,160000.0,19,0.0,0.0,0.0,0.0,0.0,0.0,0.0,0.0,0.0,0.0,0.0,0.0,0.0,0.0,0.0,0.0,0.0,0.0,0.0,1.0,0.0,0.0,0.0,0.0,0.0,0.0,test
99,2023,April,SWI,Petsai/Sawi,3,0,0,0,0,3,0.0,0,4500,0.0,0,0.0,0,4,1,False,2023-04-01,23.3,309.0,250.0,0.8660254037844387,-0.49999999999999983,64000.0,50666.666666666664,20,0.0,0.0,0.0,0.0,0.0,0.0,0.0,0.0,0.0,0.0,0.0,0.0,0.0,0.0,0.0,0.0,0.0,0.0,0.0,0.0,1.0,0.0,0.0,0.0,0.0,0.0,train
125,2023,Mei,SWI,Petsai/Sawi,3,2,0,0,2,3,160.0,0,1500,16000.0,0,16000.0,2,5,0,False,2023-05-01,23.6,285.2,250.0,0.49999999999999994,-0.8660254037844387,0.0,29333.333333333332,20,0.0,0.0,0.0,0.0,0.0,0.0,0.0,0.0,0.0,0.0,0.0,0.0,0.0,0.0,0.0,0.0,0.0,0.0,0.0,0.0,1.0,0.0,0.0,0.0,0.0,0.0,train
151,2023,Juni,SWI,Petsai/Sawi,3,2,0,0,2,3,160.0,0,1500,16000.0,0,16000.0,2,6,0,False,2023-06-01,23.3,300.0,250.0,1.2246467991473532e-16,-1.0,16000.0,26666.666666666668,20,0.0,0.0,0.0,0.0,0.0,0.0,0.0,0.0,0.0,0.0,0.0,0.0,0.0,0.0,0.0,0.0,0.0,0.0,0.0,0.0,1.0,0.0,0.0,0.0,0.0,0.0,train
177,2023,Juli,SWI,Petsai/Sawi,3,0,0,0,0,3,0.0,0,4500,0.0,0,0.0,0,7,1,False,2023-07-01,23.0,120.9,250.0,-0.4999999999999998,-0.8660254037844388,16000.0,10666.666666666666,20,0.0,0.0,0.0,0.0,0.0,0.0,0.0,0.0,0.0,0.0,0.0,0.0,0.0,0.0,0.0,0.0,0.0,0.0,0.0,0.0,1.0,0.0,0.0,0.0,0.0,0.0,train
203,2023,Agustus,SWI,Petsai/Sawi,3,0,0,0,0,3,0.0,0,4500,0.0,0,0.0,0,8,1,False,2023-08-01,23.9,114.7,250.0,-0.8660254037844384,-0.5000000000000004,0.0,10666.666666666666,20,0.0,0.0,0.0,0.0,0.0,0.0,0.0,0.0,0.0,0.0,0.0,0.0,0.0,0.0,0.0,0.0,0.0,0.0,0.0,0.0,1.0,0.0,0.0,0.0,0.0,0.0,train
229,2023,September,SWI,Petsai/Sawi,3,1,0,0,1,3,75.0,0,6000,7500.0,0,7500.0,1,9,0,False,2023-09-01,24.8,177.0,250.0,-1.0,-1.8369701987210297e-16,0.0,5333.333333333333,20,0.0,0.0,0.0,0.0,0.0,0.0,0.0,0.0,0.0,0.0,0.0,0.0,0.0,0.0,0.0,0.0,0.0,0.0,0.0,0.0,1.0,0.0,0.0,0.0,0.0,0.0,train
255,2023,Oktober,SWI,Petsai/Sawi,3,0,0,0,0,3,0.0,0,4500,0.0,0,0.0,0,10,1,False,2023-10-01,25.6,297.6,250.0,-0.8660254037844386,0.5000000000000001,7500.0,2500.0,20,0.0,0.0,0.0,0.0,0.0,0.0,0.0,0.0,0.0,0.0,0.0,0.0,0.0,0.0,0.0,0.0,0.0,0.0,0.0,0.0,1.0,0.0,0.0,0.0,0.0,0.0,train
281,2023,November,SWI,Petsai/Sawi,3,0,0,0,0,3,0.0,0,4500,0.0,0,0.0,0,11,1,False,2023-11-01,24.1,393.0,250.0,-0.5000000000000004,0.8660254037844384,0.0,2500.0,20,0.0,0.0,0.0,0.0,0.0,0.0,0.0,0.0,0.0,0.0,0.0,0.0,0.0,0.0,0.0,0.0,0.0,0.0,0.0,0.0,1.0,0.0,0.0,0.0,0.0,0.0,train
307,2023,Desember,SWI,Petsai/Sawi,3,0,0,0,0,3,0.0,0,4500,0.0,0,0.0,0,12,1,False,2023-12-01,23.9,384.4,250.0,-2.4492935982947064e-16,1.0,0.0,2500.0,20,0.0,0.0,0.0,0.0,0.0,0.0,0.0,0.0,0.0,0.0,0.0,0.0,0.0,0.0,0.0,0.0,0.0,0.0,0.0,0.0,1.0,0.0,0.0,0.0,0.0,0.0,train
333,2024,Januari,SWI,Petsai/Sawi,3,1,0,0,6,8,200.0,0,4000,20000.0,0,20000.0,1,1,0,False,2024-01-01,23.4,282.1,250.0,0.49999999999999994,0.8660254037844387,0.0,0.0,20,0.0,0.0,0.0,0.0,0.0,0.0,0.0,0.0,0.0,0.0,0.0,0.0,0.0,0.0,0.0,0.0,0.0,0.0,0.0,0.0,1.0,0.0,0.0,0.0,0.0,0.0,train
359,2024,Februari,SWI,Petsai/Sawi,8,2,0,0,3,9,400.0,0,3000,40000.0,0,40000.0,2,2,0,False,2024-02-01,23.5,316.1,250.0,0.8660254037844386,0.5000000000000001,20000.0,6666.666666666667,20,0.0,0.0,0.0,0.0,0.0,0.0,0.0,0.0,0.0,0.0,0.0,0.0,0.0,0.0,0.0,0.0,0.0,0.0,0.0,0.0,1.0,0.0,0.0,0.0,0.0,0.0,train
385,2024,Maret,SWI,Petsai/Sawi,9,3,0,0,2,8,600.0,0,6000,60000.0,0,60000.0,3,3,0,False,2024-03-01,23.4,316.2,250.0,1.0,6.123233995736766e-17,40000.0,20000.0,20,0.0,0.0,0.0,0.0,0.0,0.0,0.0,0.0,0.0,0.0,0.0,0.0,0.0,0.0,0.0,0.0,0.0,0.0,0.0,0.0,1.0,0.0,0.0,0.0,0.0,0.0,train
411,2024,April,SWI,Petsai/Sawi,0,0,0,0,0,0,0.0,0,4333,0.0,0,0.0,0,4,1,False,2024-04-01,24.0,309.0,250.0,0.8660254037844387,-0.49999999999999983,60000.0,40000.0,20,0.0,0.0,0.0,0.0,0.0,0.0,0.0,0.0,0.0,0.0,0.0,0.0,0.0,0.0,0.0,0.0,0.0,0.0,0.0,0.0,1.0,0.0,0.0,0.0,0.0,0.0,train
437,2024,Mei,SWI,Petsai/Sawi,0,0,0,0,0,0,0.0,0,4333,0.0,0,0.0,0,5,1,False,2024-05-01,24.2,285.2,250.0,0.49999999999999994,-0.8660254037844387,0.0,33333.333333333336,20,0.0,0.0,0.0,0.0,0.0,0.0,0.0,0.0,0.0,0.0,0.0,0.0,0.0,0.0,0.0,0.0,0.0,0.0,0.0,0.0,1.0,0.0,0.0,0.0,0.0,0.0,train
463,2024,Juni,SWI,Petsai/Sawi,0,0,0,0,0,0,0.0,0,4333,0.0,0,0.0,0,6,1,False,2024-06-01,23.3,300.0,250.0,1.2246467991473532e-16,-1.0,0.0,20000.0,20,0.0,0.0,0.0,0.0,0.0,0.0,0.0,0.0,0.0,0.0,0.0,0.0,0.0,0.0,0.0,0.0,0.0,0.0,0.0,0.0,1.0,0.0,0.0,0.0,0.0,0.0,train
489,2024,Juli,SWI,Petsai/Sawi,0,0,0,0,0,0,0.0,0,4333,0.0,0,0.0,0,7,1,False,2024-07-01,22.9,120.9,250.0,-0.4999999999999998,-0.8660254037844388,0.0,0.0,20,0.0,0.0,0.0,0.0,0.0,0.0,0.0,0.0,0.0,0.0,0.0,0.0,0.0,0.0,0.0,0.0,0.0,0.0,0.0,0.0,1.0,0.0,0.0,0.0,0.0,0.0,train
515,2024,Agustus,SWI,Petsai/Sawi,0,0,0,0,0,0,0.0,0,4333,0.0,0,0.0,0,8,1,False,2024-08-01,23.8,114.7,250.0,-0.8660254037844384,-0.5000000000000004,0.0,0.0,20,0.0,0.0,0.0,0.0,0.0,0.0,0.0,0.0,0.0,0.0,0.0,0.0,0.0,0.0,0.0,0.0,0.0,0.0,0.0,0.0,1.0,0.0,0.0,0.0,0.0,0.0,train
541,2024,September,SWI,Petsai/Sawi,0,0,0,0,0,0,0.0,0,4333,0.0,0,0.0,0,9,1,False,2024-09-01,23.8,177.0,250.0,-1.0,-1.8369701987210297e-16,0.0,0.0,20,0.0,0.0,0.0,0.0,0.0,0.0,0.0,0.0,0.0,0.0,0.0,0.0,0.0,0.0,0.0,0.0,0.0,0.0,0.0,0.0,1.0,0.0,0.0,0.0,0.0,0.0,train
567,2024,Oktober,SWI,Petsai/Sawi,0,0,0,0,0,0,0.0,0,4333,0.0,0,0.0,0,10,1,False,2024-10-01,24.3,297.6,250.0,-0.8660254037844386,0.5000000000000001,0.0,0.0,20,0.0,0.0,0.0,0.0,0.0,0.0,0.0,0.0,0.0,0.0,0.0,0.0,0.0,0.0,0.0,0.0,0.0,0.0,0.0,0.0,1.0,0.0,0.0,0.0,0.0,0.0,train
593,2024,November,SWI,Petsai/Sawi,0,0,0,0,0,0,0.0,0,4333,0.0,0,0.0,0,11,1,False,2024-11-01,23.4,393.0,250.0,-0.5000000000000004,0.8660254037844384,0.0,0.0,20,0.0,0.0,0.0,0.0,0.0,0.0,0.0,0.0,0.0,0.0,0.0,0.0,0.0,0.0,0.0,0.0,0.0,0.0,0.0,0.0,1.0,0.0,0.0,0.0,0.0,0.0,train
619,2024,Desember,SWI,Petsai/Sawi,0,0,0,0,0,0,0.0,0,4333,0.0,0,0.0,0,12,1,False,2024-12-01,23.2,384.4,250.0,-2.4492935982947064e-16,1.0,0.0,0.0,20,0.0,0.0,0.0,0.0,0.0,0.0,0.0,0.0,0.0,0.0,0.0,0.0,0.0,0.0,0.0,0.0,0.0,0.0,0.0,0.0,1.0,0.0,0.0,0.0,0.0,0.0,train
645,2025,Januari,SWI,Petsai/Sawi,8,8,0,0,8,8,640.0,0,15000,64000.0,0,64000.0,8,1,0,False,2025-01-01,22.8,282.1,250.0,0.49999999999999994,0.8660254037844387,0.0,0.0,20,0.0,0.0,0.0,0.0,0.0,0.0,0.0,0.0,0.0,0.0,0.0,0.0,0.0,0.0,0.0,0.0,0.0,0.0,0.0,0.0,1.0,0.0,0.0,0.0,0.0,0.0,train
671,2025,Februari,SWI,Petsai/Sawi,8,3,0,0,3,8,240.0,0,1500,24000.0,0,24000.0,3,2,0,False,2025-02-01,22.7,305.2,250.0,0.8660254037844386,0.5000000000000001,64000.0,21333.333333333332,20,0.0,0.0,0.0,0.0,0.0,0.0,0.0,0.0,0.0,0.0,0.0,0.0,0.0,0.0,0.0,0.0,0.0,0.0,0.0,0.0,1.0,0.0,0.0,0.0,0.0,0.0,train
697,2025,Maret,SWI,Petsai/Sawi,8,8,0,0,3,3,640.0,0,1500,64000.0,0,64000.0,8,3,0,False,2025-03-01,23.2,316.2,250.0,1.0,6.123233995736766e-17,24000.0,29333.333333333332,20,0.0,0.0,0.0,0.0,0.0,0.0,0.0,0.0,0.0,0.0,0.0,0.0,0.0,0.0,0.0,0.0,0.0,0.0,0.0,0.0,1.0,0.0,0.0,0.0,0.0,0.0,train
723,2025,April,SWI,Petsai/Sawi,3,0,0,0,0,3,0.0,0,0,0.0,0,0.0,0,4,1,False,2025-04-01,23.1,309.0,250.0,0.8660254037844387,-0.49999999999999983,64000.0,50666.666666666664,20,0.0,0.0,0.0,0.0,0.0,0.0,0.0,0.0,0.0,0.0,0.0,0.0,0.0,0.0,0.0,0.0,0.0,0.0,0.0,0.0,1.0,0.0,0.0,0.0,0.0,0.0,train
749,2025,Mei,SWI,Petsai/Sawi,3,2,0,0,2,3,160.0,0,1500,16000.0,0,16000.0,2,5,0,False,2025-05-01,23.4,285.2,250.0,0.49999999999999994,-0.8660254037844387,0.0,29333.333333333332,20,0.0,0.0,0.0,0.0,0.0,0.0,0.0,0.0,0.0,0.0,0.0,0.0,0.0,0.0,0.0,0.0,0.0,0.0,0.0,0.0,1.0,0.0,0.0,0.0,0.0,0.0,val
775,2025,Juni,SWI,Petsai/Sawi,3,2,0,0,2,3,160.0,0,1500,16000.0,0,16000.0,2,6,0,False,2025-06-01,22.9,300.0,250.0,1.2246467991473532e-16,-1.0,16000.0,26666.666666666668,20,0.0,0.0,0.0,0.0,0.0,0.0,0.0,0.0,0.0,0.0,0.0,0.0,0.0,0.0,0.0,0.0,0.0,0.0,0.0,0.0,1.0,0.0,0.0,0.0,0.0,0.0,val
801,2025,Juli,SWI,Petsai/Sawi,3,0,0,0,0,3,0.0,0,0,0.0,0,0.0,0,7,1,False,2025-07-01,22.9,120.9,250.0,-0.4999999999999998,-0.8660254037844388,16000.0,10666.666666666666,20,0.0,0.0,0.0,0.0,0.0,0.0,0.0,0.0,0.0,0.0,0.0,0.0,0.0,0.0,0.0,0.0,0.0,0.0,0.0,0.0,1.0,0.0,0.0,0.0,0.0,0.0,val
827,2025,Agustus,SWI,Petsai/Sawi,3,0,0,0,0,3,0.0,0,0,0.0,0,0.0,0,8,1,False,2025-08-01,22.9,114.7,250.0,-0.8660254037844384,-0.5000000000000004,0.0,10666.666666666666,20,0.0,0.0,0.0,0.0,0.0,0.0,0.0,0.0,0.0,0.0,0.0,0.0,0.0,0.0,0.0,0.0,0.0,0.0,0.0,0.0,1.0,0.0,0.0,0.0,0.0,0.0,val
853,2025,September,SWI,Petsai/Sawi,3,1,0,0,1,3,75.0,0,6000,7500.0,0,7500.0,1,9,0,False,2025-09-01,23.5,177.0,250.0,-1.0,-1.8369701987210297e-16,0.0,5333.333333333333,20,0.0,0.0,0.0,0.0,0.0,0.0,0.0,0.0,0.0,0.0,0.0,0.0,0.0,0.0,0.0,0.0,0.0,0.0,0.0,0.0,1.0,0.0,0.0,0.0,0.0,0.0,val
879,2025,Oktober,SWI,Petsai/Sawi,3,0,0,0,0,3,0.0,0,0,0.0,0,0.0,0,10,1,False,2025-10-01,23.9,297.6,250.0,-0.8660254037844386,0.5000000000000001,7500.0,2500.0,20,0.0,0.0,0.0,0.0,0.0,0.0,0.0,0.0,0.0,0.0,0.0,0.0,0.0,0.0,0.0,0.0,0.0,0.0,0.0,0.0,1.0,0.0,0.0,0.0,0.0,0.0,test
905,2025,November,SWI,Petsai/Sawi,3,0,0,0,0,3,0.0,0,0,0.0,0,0.0,0,11,1,False,2025-11-01,23.5,393.0,250.0,-0.5000000000000004,0.8660254037844384,0.0,2500.0,20,0.0,0.0,0.0,0.0,0.0,0.0,0.0,0.0,0.0,0.0,0.0,0.0,0.0,0.0,0.0,0.0,0.0,0.0,0.0,0.0,1.0,0.0,0.0,0.0,0.0,0.0,test
931,2025,Desember,SWI,Petsai/Sawi,3,0,0,0,0,3,0.0,0,0,0.0,0,0.0,0,12,1,False,2025-12-01,23.2,384.4,250.0,-2.4492935982947064e-16,1.0,0.0,2500.0,20,0.0,0.0,0.0,0.0,0.0,0.0,0.0,0.0,0.0,0.0,0.0,0.0,0.0,0.0,0.0,0.0,0.0,0.0,0.0,0.0,1.0,0.0,0.0,0.0,0.0,0.0,test
959,2026,Januari,SWI,Petsai/Sawi,3,1,0,0,6,8,200.0,0,4000,20000.0,0,20000.0,1,1,0,False,2026-01-01,22.2,282.1,250.0,0.49999999999999994,0.8660254037844387,0.0,0.0,20,0.0,0.0,0.0,0.0,0.0,0.0,0.0,0.0,0.0,0.0,0.0,0.0,0.0,0.0,0.0,0.0,0.0,0.0,0.0,0.0,1.0,0.0,0.0,0.0,0.0,0.0,test
987,2026,Februari,SWI,Petsai/Sawi,8,2,0,0,3,9,400.0,0,3000,40000.0,0,40000.0,2,2,0,False,2026-02-01,22.5,306.3,250.0,0.8660254037844386,0.5000000000000001,20000.0,6666.666666666667,20,0.0,0.0,0.0,0.0,0.0,0.0,0.0,0.0,0.0,0.0,0.0,0.0,0.0,0.0,0.0,0.0,0.0,0.0,0.0,0.0,1.0,0.0,0.0,0.0,0.0,0.0,test
1015,2026,Maret,SWI,Petsai/Sawi,9,3,0,0,2,8,600.0,0,6000,60000.0,0,60000.0,3,3,0,False,2026-03-01,23.0,315.8,250.0,1.0,6.123233995736766e-17,40000.0,20000.0,20,0.0,0.0,0.0,0.0,0.0,0.0,0.0,0.0,0.0,0.0,0.0,0.0,0.0,0.0,0.0,0.0,0.0,0.0,0.0,0.0,1.0,0.0,0.0,0.0,0.0,0.0,test
100,2023,April,SMK,Semangka,0,0,0,0,0,0,0.0,0,0,0.0,0,0.0,0,4,1,False,2023-04-01,23.3,309.0,375.0,0.8660254037844387,-0.49999999999999983,0.0,0.0,21,0.0,0.0,0.0,0.0,0.0,0.0,0.0,0.0,0.0,0.0,0.0,0.0,0.0,0.0,0.0,0.0,0.0,0.0,0.0,0.0,0.0,1.0,0.0,0.0,0.0,0.0,train
126,2023,Mei,SMK,Semangka,0,0,0,0,0,0,0.0,0,0,0.0,0,0.0,0,5,1,False,2023-05-01,23.6,285.2,375.0,0.49999999999999994,-0.8660254037844387,0.0,0.0,21,0.0,0.0,0.0,0.0,0.0,0.0,0.0,0.0,0.0,0.0,0.0,0.0,0.0,0.0,0.0,0.0,0.0,0.0,0.0,0.0,0.0,1.0,0.0,0.0,0.0,0.0,train
152,2023,Juni,SMK,Semangka,0,0,0,0,0,0,0.0,0,0,0.0,0,0.0,0,6,1,False,2023-06-01,23.3,300.0,375.0,1.2246467991473532e-16,-1.0,0.0,0.0,21,0.0,0.0,0.0,0.0,0.0,0.0,0.0,0.0,0.0,0.0,0.0,0.0,0.0,0.0,0.0,0.0,0.0,0.0,0.0,0.0,0.0,1.0,0.0,0.0,0.0,0.0,train
178,2023,Juli,SMK,Semangka,0,0,0,0,0,0,0.0,0,0,0.0,0,0.0,0,7,1,False,2023-07-01,23.0,120.9,375.0,-0.4999999999999998,-0.8660254037844388,0.0,0.0,21,0.0,0.0,0.0,0.0,0.0,0.0,0.0,0.0,0.0,0.0,0.0,0.0,0.0,0.0,0.0,0.0,0.0,0.0,0.0,0.0,0.0,1.0,0.0,0.0,0.0,0.0,train
204,2023,Agustus,SMK,Semangka,0,0,0,0,0,0,0.0,0,0,0.0,0,0.0,0,8,1,False,2023-08-01,23.9,114.7,375.0,-0.8660254037844384,-0.5000000000000004,0.0,0.0,21,0.0,0.0,0.0,0.0,0.0,0.0,0.0,0.0,0.0,0.0,0.0,0.0,0.0,0.0,0.0,0.0,0.0,0.0,0.0,0.0,0.0,1.0,0.0,0.0,0.0,0.0,train
230,2023,September,SMK,Semangka,0,0,0,0,0,0,0.0,0,0,0.0,0,0.0,0,9,1,False,2023-09-01,24.8,177.0,375.0,-1.0,-1.8369701987210297e-16,0.0,0.0,21,0.0,0.0,0.0,0.0,0.0,0.0,0.0,0.0,0.0,0.0,0.0,0.0,0.0,0.0,0.0,0.0,0.0,0.0,0.0,0.0,0.0,1.0,0.0,0.0,0.0,0.0,train
256,2023,Oktober,SMK,Semangka,0,0,0,0,0,0,0.0,0,0,0.0,0,0.0,0,10,1,False,2023-10-01,25.6,297.6,375.0,-0.8660254037844386,0.5000000000000001,0.0,0.0,21,0.0,0.0,0.0,0.0,0.0,0.0,0.0,0.0,0.0,0.0,0.0,0.0,0.0,0.0,0.0,0.0,0.0,0.0,0.0,0.0,0.0,1.0,0.0,0.0,0.0,0.0,train
282,2023,November,SMK,Semangka,0,0,0,0,0,0,0.0,0,0,0.0,0,0.0,0,11,1,False,2023-11-01,24.1,393.0,375.0,-0.5000000000000004,0.8660254037844384,0.0,0.0,21,0.0,0.0,0.0,0.0,0.0,0.0,0.0,0.0,0.0,0.0,0.0,0.0,0.0,0.0,0.0,0.0,0.0,0.0,0.0,0.0,0.0,1.0,0.0,0.0,0.0,0.0,train
308,2023,Desember,SMK,Semangka,0,0,0,0,0,0,0.0,0,0,0.0,0,0.0,0,12,1,False,2023-12-01,23.9,384.4,375.0,-2.4492935982947064e-16,1.0,0.0,0.0,21,0.0,0.0,0.0,0.0,0.0,0.0,0.0,0.0,0.0,0.0,0.0,0.0,0.0,0.0,0.0,0.0,0.0,0.0,0.0,0.0,0.0,1.0,0.0,0.0,0.0,0.0,train
334,2024,Januari,SMK,Semangka,0,0,0,0,0,0,0.0,0,0,0.0,0,0.0,0,1,1,False,2024-01-01,23.4,282.1,375.0,0.49999999999999994,0.8660254037844387,0.0,0.0,21,0.0,0.0,0.0,0.0,0.0,0.0,0.0,0.0,0.0,0.0,0.0,0.0,0.0,0.0,0.0,0.0,0.0,0.0,0.0,0.0,0.0,1.0,0.0,0.0,0.0,0.0,train
360,2024,Februari,SMK,Semangka,0,0,0,0,0,0,0.0,0,0,0.0,0,0.0,0,2,1,False,2024-02-01,23.5,316.1,375.0,0.8660254037844386,0.5000000000000001,0.0,0.0,21,0.0,0.0,0.0,0.0,0.0,0.0,0.0,0.0,0.0,0.0,0.0,0.0,0.0,0.0,0.0,0.0,0.0,0.0,0.0,0.0,0.0,1.0,0.0,0.0,0.0,0.0,train
386,2024,Maret,SMK,Semangka,0,0,0,0,0,0,0.0,0,0,0.0,0,0.0,0,3,1,False,2024-03-01,23.4,316.2,375.0,1.0,6.123233995736766e-17,0.0,0.0,21,0.0,0.0,0.0,0.0,0.0,0.0,0.0,0.0,0.0,0.0,0.0,0.0,0.0,0.0,0.0,0.0,0.0,0.0,0.0,0.0,0.0,1.0,0.0,0.0,0.0,0.0,train
412,2024,April,SMK,Semangka,0,0,0,0,0,0,0.0,0,0,0.0,0,0.0,0,4,1,False,2024-04-01,24.0,309.0,375.0,0.8660254037844387,-0.49999999999999983,0.0,0.0,21,0.0,0.0,0.0,0.0,0.0,0.0,0.0,0.0,0.0,0.0,0.0,0.0,0.0,0.0,0.0,0.0,0.0,0.0,0.0,0.0,0.0,1.0,0.0,0.0,0.0,0.0,train
438,2024,Mei,SMK,Semangka,0,0,0,0,0,0,0.0,0,0,0.0,0,0.0,0,5,1,False,2024-05-01,24.2,285.2,375.0,0.49999999999999994,-0.8660254037844387,0.0,0.0,21,0.0,0.0,0.0,0.0,0.0,0.0,0.0,0.0,0.0,0.0,0.0,0.0,0.0,0.0,0.0,0.0,0.0,0.0,0.0,0.0,0.0,1.0,0.0,0.0,0.0,0.0,train
464,2024,Juni,SMK,Semangka,0,0,0,0,0,0,0.0,0,0,0.0,0,0.0,0,6,1,False,2024-06-01,23.3,300.0,375.0,1.2246467991473532e-16,-1.0,0.0,0.0,21,0.0,0.0,0.0,0.0,0.0,0.0,0.0,0.0,0.0,0.0,0.0,0.0,0.0,0.0,0.0,0.0,0.0,0.0,0.0,0.0,0.0,1.0,0.0,0.0,0.0,0.0,train
490,2024,Juli,SMK,Semangka,0,0,0,0,0,0,0.0,0,0,0.0,0,0.0,0,7,1,False,2024-07-01,22.9,120.9,375.0,-0.4999999999999998,-0.8660254037844388,0.0,0.0,21,0.0,0.0,0.0,0.0,0.0,0.0,0.0,0.0,0.0,0.0,0.0,0.0,0.0,0.0,0.0,0.0,0.0,0.0,0.0,0.0,0.0,1.0,0.0,0.0,0.0,0.0,train
516,2024,Agustus,SMK,Semangka,0,0,0,0,0,0,0.0,0,0,0.0,0,0.0,0,8,1,False,2024-08-01,23.8,114.7,375.0,-0.8660254037844384,-0.5000000000000004,0.0,0.0,21,0.0,0.0,0.0,0.0,0.0,0.0,0.0,0.0,0.0,0.0,0.0,0.0,0.0,0.0,0.0,0.0,0.0,0.0,0.0,0.0,0.0,1.0,0.0,0.0,0.0,0.0,train
542,2024,September,SMK,Semangka,0,0,0,0,0,0,0.0,0,0,0.0,0,0.0,0,9,1,False,2024-09-01,23.8,177.0,375.0,-1.0,-1.8369701987210297e-16,0.0,0.0,21,0.0,0.0,0.0,0.0,0.0,0.0,0.0,0.0,0.0,0.0,0.0,0.0,0.0,0.0,0.0,0.0,0.0,0.0,0.0,0.0,0.0,1.0,0.0,0.0,0.0,0.0,train
568,2024,Oktober,SMK,Semangka,0,0,0,0,0,0,0.0,0,0,0.0,0,0.0,0,10,1,False,2024-10-01,24.3,297.6,375.0,-0.8660254037844386,0.5000000000000001,0.0,0.0,21,0.0,0.0,0.0,0.0,0.0,0.0,0.0,0.0,0.0,0.0,0.0,0.0,0.0,0.0,0.0,0.0,0.0,0.0,0.0,0.0,0.0,1.0,0.0,0.0,0.0,0.0,train
594,2024,November,SMK,Semangka,0,0,0,0,0,0,0.0,0,0,0.0,0,0.0,0,11,1,False,2024-11-01,23.4,393.0,375.0,-0.5000000000000004,0.8660254037844384,0.0,0.0,21,0.0,0.0,0.0,0.0,0.0,0.0,0.0,0.0,0.0,0.0,0.0,0.0,0.0,0.0,0.0,0.0,0.0,0.0,0.0,0.0,0.0,1.0,0.0,0.0,0.0,0.0,train
620,2024,Desember,SMK,Semangka,0,0,0,0,0,0,0.0,0,0,0.0,0,0.0,0,12,1,False,2024-12-01,23.2,384.4,375.0,-2.4492935982947064e-16,1.0,0.0,0.0,21,0.0,0.0,0.0,0.0,0.0,0.0,0.0,0.0,0.0,0.0,0.0,0.0,0.0,0.0,0.0,0.0,0.0,0.0,0.0,0.0,0.0,1.0,0.0,0.0,0.0,0.0,train
646,2025,Januari,SMK,Semangka,0,0,0,0,0,0,0.0,0,0,0.0,0,0.0,0,1,1,False,2025-01-01,22.8,282.1,375.0,0.49999999999999994,0.8660254037844387,0.0,0.0,21,0.0,0.0,0.0,0.0,0.0,0.0,0.0,0.0,0.0,0.0,0.0,0.0,0.0,0.0,0.0,0.0,0.0,0.0,0.0,0.0,0.0,1.0,0.0,0.0,0.0,0.0,train
672,2025,Februari,SMK,Semangka,0,0,0,0,0,0,0.0,0,0,0.0,0,0.0,0,2,1,False,2025-02-01,22.7,305.2,375.0,0.8660254037844386,0.5000000000000001,0.0,0.0,21,0.0,0.0,0.0,0.0,0.0,0.0,0.0,0.0,0.0,0.0,0.0,0.0,0.0,0.0,0.0,0.0,0.0,0.0,0.0,0.0,0.0,1.0,0.0,0.0,0.0,0.0,train
698,2025,Maret,SMK,Semangka,0,0,0,0,0,0,0.0,0,0,0.0,0,0.0,0,3,1,False,2025-03-01,23.2,316.2,375.0,1.0,6.123233995736766e-17,0.0,0.0,21,0.0,0.0,0.0,0.0,0.0,0.0,0.0,0.0,0.0,0.0,0.0,0.0,0.0,0.0,0.0,0.0,0.0,0.0,0.0,0.0,0.0,1.0,0.0,0.0,0.0,0.0,train
724,2025,April,SMK,Semangka,0,0,0,0,0,0,0.0,0,0,0.0,0,0.0,0,4,1,False,2025-04-01,23.1,309.0,375.0,0.8660254037844387,-0.49999999999999983,0.0,0.0,21,0.0,0.0,0.0,0.0,0.0,0.0,0.0,0.0,0.0,0.0,0.0,0.0,0.0,0.0,0.0,0.0,0.0,0.0,0.0,0.0,0.0,1.0,0.0,0.0,0.0,0.0,train
750,2025,Mei,SMK,Semangka,0,0,0,0,0,0,0.0,0,0,0.0,0,0.0,0,5,1,False,2025-05-01,23.4,285.2,375.0,0.49999999999999994,-0.8660254037844387,0.0,0.0,21,0.0,0.0,0.0,0.0,0.0,0.0,0.0,0.0,0.0,0.0,0.0,0.0,0.0,0.0,0.0,0.0,0.0,0.0,0.0,0.0,0.0,1.0,0.0,0.0,0.0,0.0,val
776,2025,Juni,SMK,Semangka,0,0,0,0,0,0,0.0,0,0,0.0,0,0.0,0,6,1,False,2025-06-01,22.9,300.0,375.0,1.2246467991473532e-16,-1.0,0.0,0.0,21,0.0,0.0,0.0,0.0,0.0,0.0,0.0,0.0,0.0,0.0,0.0,0.0,0.0,0.0,0.0,0.0,0.0,0.0,0.0,0.0,0.0,1.0,0.0,0.0,0.0,0.0,val
802,2025,Juli,SMK,Semangka,0,0,0,0,0,0,0.0,0,0,0.0,0,0.0,0,7,1,False,2025-07-01,22.9,120.9,375.0,-0.4999999999999998,-0.8660254037844388,0.0,0.0,21,0.0,0.0,0.0,0.0,0.0,0.0,0.0,0.0,0.0,0.0,0.0,0.0,0.0,0.0,0.0,0.0,0.0,0.0,0.0,0.0,0.0,1.0,0.0,0.0,0.0,0.0,val
828,2025,Agustus,SMK,Semangka,0,0,0,0,0,0,0.0,0,0,0.0,0,0.0,0,8,1,False,2025-08-01,22.9,114.7,375.0,-0.8660254037844384,-0.5000000000000004,0.0,0.0,21,0.0,0.0,0.0,0.0,0.0,0.0,0.0,0.0,0.0,0.0,0.0,0.0,0.0,0.0,0.0,0.0,0.0,0.0,0.0,0.0,0.0,1.0,0.0,0.0,0.0,0.0,val
854,2025,September,SMK,Semangka,0,0,0,0,0,0,0.0,0,0,0.0,0,0.0,0,9,1,False,2025-09-01,23.5,177.0,375.0,-1.0,-1.8369701987210297e-16,0.0,0.0,21,0.0,0.0,0.0,0.0,0.0,0.0,0.0,0.0,0.0,0.0,0.0,0.0,0.0,0.0,0.0,0.0,0.0,0.0,0.0,0.0,0.0,1.0,0.0,0.0,0.0,0.0,val
880,2025,Oktober,SMK,Semangka,0,0,0,0,0,0,0.0,0,0,0.0,0,0.0,0,10,1,False,2025-10-01,23.9,297.6,375.0,-0.8660254037844386,0.5000000000000001,0.0,0.0,21,0.0,0.0,0.0,0.0,0.0,0.0,0.0,0.0,0.0,0.0,0.0,0.0,0.0,0.0,0.0,0.0,0.0,0.0,0.0,0.0,0.0,1.0,0.0,0.0,0.0,0.0,test
906,2025,November,SMK,Semangka,0,0,0,0,0,0,0.0,0,0,0.0,0,0.0,0,11,1,False,2025-11-01,23.5,393.0,375.0,-0.5000000000000004,0.8660254037844384,0.0,0.0,21,0.0,0.0,0.0,0.0,0.0,0.0,0.0,0.0,0.0,0.0,0.0,0.0,0.0,0.0,0.0,0.0,0.0,0.0,0.0,0.0,0.0,1.0,0.0,0.0,0.0,0.0,test
932,2025,Desember,SMK,Semangka,0,0,0,0,0,0,0.0,0,0,0.0,0,0.0,0,12,1,False,2025-12-01,23.2,384.4,375.0,-2.4492935982947064e-16,1.0,0.0,0.0,21,0.0,0.0,0.0,0.0,0.0,0.0,0.0,0.0,0.0,0.0,0.0,0.0,0.0,0.0,0.0,0.0,0.0,0.0,0.0,0.0,0.0,1.0,0.0,0.0,0.0,0.0,test
960,2026,Januari,SMK,Semangka,0,0,0,0,0,0,0.0,0,0,0.0,0,0.0,0,1,1,False,2026-01-01,22.2,282.1,375.0,0.49999999999999994,0.8660254037844387,0.0,0.0,21,0.0,0.0,0.0,0.0,0.0,0.0,0.0,0.0,0.0,0.0,0.0,0.0,0.0,0.0,0.0,0.0,0.0,0.0,0.0,0.0,0.0,1.0,0.0,0.0,0.0,0.0,test
988,2026,Februari,SMK,Semangka,0,0,0,0,0,0,0.0,0,0,0.0,0,0.0,0,2,1,False,2026-02-01,22.5,306.3,375.0,0.8660254037844386,0.5000000000000001,0.0,0.0,21,0.0,0.0,0.0,0.0,0.0,0.0,0.0,0.0,0.0,0.0,0.0,0.0,0.0,0.0,0.0,0.0,0.0,0.0,0.0,0.0,0.0,1.0,0.0,0.0,0.0,0.0,test
1016,2026,Maret,SMK,Semangka,0,0,0,0,0,0,0.0,0,0,0.0,0,0.0,0,3,1,False,2026-03-01,23.0,315.8,375.0,1.0,6.123233995736766e-17,0.0,0.0,21,0.0,0.0,0.0,0.0,0.0,0.0,0.0,0.0,0.0,0.0,0.0,0.0,0.0,0.0,0.0,0.0,0.0,0.0,0.0,0.0,0.0,1.0,0.0,0.0,0.0,0.0,test
101,2023,April,SBR,Stroberi,0,0,0,0,0,0,0.0,0,0,0.0,0,0.0,0,4,1,False,2023-04-01,23.3,309.0,375.0,0.8660254037844387,-0.49999999999999983,0.0,0.0,22,0.0,0.0,0.0,0.0,0.0,0.0,0.0,0.0,0.0,0.0,0.0,0.0,0.0,0.0,0.0,0.0,0.0,0.0,0.0,0.0,0.0,0.0,1.0,0.0,0.0,0.0,train
127,2023,Mei,SBR,Stroberi,0,0,0,0,0,0,0.0,0,0,0.0,0,0.0,0,5,1,False,2023-05-01,23.6,285.2,375.0,0.49999999999999994,-0.8660254037844387,0.0,0.0,22,0.0,0.0,0.0,0.0,0.0,0.0,0.0,0.0,0.0,0.0,0.0,0.0,0.0,0.0,0.0,0.0,0.0,0.0,0.0,0.0,0.0,0.0,1.0,0.0,0.0,0.0,train
153,2023,Juni,SBR,Stroberi,0,0,0,0,0,0,0.0,0,0,0.0,0,0.0,0,6,1,False,2023-06-01,23.3,300.0,375.0,1.2246467991473532e-16,-1.0,0.0,0.0,22,0.0,0.0,0.0,0.0,0.0,0.0,0.0,0.0,0.0,0.0,0.0,0.0,0.0,0.0,0.0,0.0,0.0,0.0,0.0,0.0,0.0,0.0,1.0,0.0,0.0,0.0,train
179,2023,Juli,SBR,Stroberi,0,0,0,0,0,0,0.0,0,0,0.0,0,0.0,0,7,1,False,2023-07-01,23.0,120.9,375.0,-0.4999999999999998,-0.8660254037844388,0.0,0.0,22,0.0,0.0,0.0,0.0,0.0,0.0,0.0,0.0,0.0,0.0,0.0,0.0,0.0,0.0,0.0,0.0,0.0,0.0,0.0,0.0,0.0,0.0,1.0,0.0,0.0,0.0,train
205,2023,Agustus,SBR,Stroberi,0,0,0,0,0,0,0.0,0,0,0.0,0,0.0,0,8,1,False,2023-08-01,23.9,114.7,375.0,-0.8660254037844384,-0.5000000000000004,0.0,0.0,22,0.0,0.0,0.0,0.0,0.0,0.0,0.0,0.0,0.0,0.0,0.0,0.0,0.0,0.0,0.0,0.0,0.0,0.0,0.0,0.0,0.0,0.0,1.0,0.0,0.0,0.0,train
231,2023,September,SBR,Stroberi,0,0,0,0,0,0,0.0,0,0,0.0,0,0.0,0,9,1,False,2023-09-01,24.8,177.0,375.0,-1.0,-1.8369701987210297e-16,0.0,0.0,22,0.0,0.0,0.0,0.0,0.0,0.0,0.0,0.0,0.0,0.0,0.0,0.0,0.0,0.0,0.0,0.0,0.0,0.0,0.0,0.0,0.0,0.0,1.0,0.0,0.0,0.0,train
257,2023,Oktober,SBR,Stroberi,0,0,0,0,0,0,0.0,0,0,0.0,0,0.0,0,10,1,False,2023-10-01,25.6,297.6,375.0,-0.8660254037844386,0.5000000000000001,0.0,0.0,22,0.0,0.0,0.0,0.0,0.0,0.0,0.0,0.0,0.0,0.0,0.0,0.0,0.0,0.0,0.0,0.0,0.0,0.0,0.0,0.0,0.0,0.0,1.0,0.0,0.0,0.0,train
283,2023,November,SBR,Stroberi,0,0,0,0,0,0,0.0,0,0,0.0,0,0.0,0,11,1,False,2023-11-01,24.1,393.0,375.0,-0.5000000000000004,0.8660254037844384,0.0,0.0,22,0.0,0.0,0.0,0.0,0.0,0.0,0.0,0.0,0.0,0.0,0.0,0.0,0.0,0.0,0.0,0.0,0.0,0.0,0.0,0.0,0.0,0.0,1.0,0.0,0.0,0.0,train
309,2023,Desember,SBR,Stroberi,0,0,0,0,0,0,0.0,0,0,0.0,0,0.0,0,12,1,False,2023-12-01,23.9,384.4,375.0,-2.4492935982947064e-16,1.0,0.0,0.0,22,0.0,0.0,0.0,0.0,0.0,0.0,0.0,0.0,0.0,0.0,0.0,0.0,0.0,0.0,0.0,0.0,0.0,0.0,0.0,0.0,0.0,0.0,1.0,0.0,0.0,0.0,train
335,2024,Januari,SBR,Stroberi,0,0,0,0,0,0,0.0,0,0,0.0,0,0.0,0,1,1,False,2024-01-01,23.4,282.1,375.0,0.49999999999999994,0.8660254037844387,0.0,0.0,22,0.0,0.0,0.0,0.0,0.0,0.0,0.0,0.0,0.0,0.0,0.0,0.0,0.0,0.0,0.0,0.0,0.0,0.0,0.0,0.0,0.0,0.0,1.0,0.0,0.0,0.0,train
361,2024,Februari,SBR,Stroberi,0,0,0,0,0,0,0.0,0,0,0.0,0,0.0,0,2,1,False,2024-02-01,23.5,316.1,375.0,0.8660254037844386,0.5000000000000001,0.0,0.0,22,0.0,0.0,0.0,0.0,0.0,0.0,0.0,0.0,0.0,0.0,0.0,0.0,0.0,0.0,0.0,0.0,0.0,0.0,0.0,0.0,0.0,0.0,1.0,0.0,0.0,0.0,train
387,2024,Maret,SBR,Stroberi,0,0,0,0,0,0,0.0,0,0,0.0,0,0.0,0,3,1,False,2024-03-01,23.4,316.2,375.0,1.0,6.123233995736766e-17,0.0,0.0,22,0.0,0.0,0.0,0.0,0.0,0.0,0.0,0.0,0.0,0.0,0.0,0.0,0.0,0.0,0.0,0.0,0.0,0.0,0.0,0.0,0.0,0.0,1.0,0.0,0.0,0.0,train
413,2024,April,SBR,Stroberi,0,0,0,0,0,0,0.0,0,0,0.0,0,0.0,0,4,1,False,2024-04-01,24.0,309.0,375.0,0.8660254037844387,-0.49999999999999983,0.0,0.0,22,0.0,0.0,0.0,0.0,0.0,0.0,0.0,0.0,0.0,0.0,0.0,0.0,0.0,0.0,0.0,0.0,0.0,0.0,0.0,0.0,0.0,0.0,1.0,0.0,0.0,0.0,train
439,2024,Mei,SBR,Stroberi,0,0,0,0,0,0,0.0,0,0,0.0,0,0.0,0,5,1,False,2024-05-01,24.2,285.2,375.0,0.49999999999999994,-0.8660254037844387,0.0,0.0,22,0.0,0.0,0.0,0.0,0.0,0.0,0.0,0.0,0.0,0.0,0.0,0.0,0.0,0.0,0.0,0.0,0.0,0.0,0.0,0.0,0.0,0.0,1.0,0.0,0.0,0.0,train
465,2024,Juni,SBR,Stroberi,0,0,0,0,0,0,0.0,0,0,0.0,0,0.0,0,6,1,False,2024-06-01,23.3,300.0,375.0,1.2246467991473532e-16,-1.0,0.0,0.0,22,0.0,0.0,0.0,0.0,0.0,0.0,0.0,0.0,0.0,0.0,0.0,0.0,0.0,0.0,0.0,0.0,0.0,0.0,0.0,0.0,0.0,0.0,1.0,0.0,0.0,0.0,train
491,2024,Juli,SBR,Stroberi,0,0,0,0,0,0,0.0,0,0,0.0,0,0.0,0,7,1,False,2024-07-01,22.9,120.9,375.0,-0.4999999999999998,-0.8660254037844388,0.0,0.0,22,0.0,0.0,0.0,0.0,0.0,0.0,0.0,0.0,0.0,0.0,0.0,0.0,0.0,0.0,0.0,0.0,0.0,0.0,0.0,0.0,0.0,0.0,1.0,0.0,0.0,0.0,train
517,2024,Agustus,SBR,Stroberi,0,0,0,0,0,0,0.0,0,0,0.0,0,0.0,0,8,1,False,2024-08-01,23.8,114.7,375.0,-0.8660254037844384,-0.5000000000000004,0.0,0.0,22,0.0,0.0,0.0,0.0,0.0,0.0,0.0,0.0,0.0,0.0,0.0,0.0,0.0,0.0,0.0,0.0,0.0,0.0,0.0,0.0,0.0,0.0,1.0,0.0,0.0,0.0,train
543,2024,September,SBR,Stroberi,0,0,0,0,0,0,0.0,0,0,0.0,0,0.0,0,9,1,False,2024-09-01,23.8,177.0,375.0,-1.0,-1.8369701987210297e-16,0.0,0.0,22,0.0,0.0,0.0,0.0,0.0,0.0,0.0,0.0,0.0,0.0,0.0,0.0,0.0,0.0,0.0,0.0,0.0,0.0,0.0,0.0,0.0,0.0,1.0,0.0,0.0,0.0,train
569,2024,Oktober,SBR,Stroberi,0,0,0,0,0,0,0.0,0,0,0.0,0,0.0,0,10,1,False,2024-10-01,24.3,297.6,375.0,-0.8660254037844386,0.5000000000000001,0.0,0.0,22,0.0,0.0,0.0,0.0,0.0,0.0,0.0,0.0,0.0,0.0,0.0,0.0,0.0,0.0,0.0,0.0,0.0,0.0,0.0,0.0,0.0,0.0,1.0,0.0,0.0,0.0,train
595,2024,November,SBR,Stroberi,0,0,0,0,0,0,0.0,0,0,0.0,0,0.0,0,11,1,False,2024-11-01,23.4,393.0,375.0,-0.5000000000000004,0.8660254037844384,0.0,0.0,22,0.0,0.0,0.0,0.0,0.0,0.0,0.0,0.0,0.0,0.0,0.0,0.0,0.0,0.0,0.0,0.0,0.0,0.0,0.0,0.0,0.0,0.0,1.0,0.0,0.0,0.0,train
621,2024,Desember,SBR,Stroberi,0,0,0,0,0,0,0.0,0,0,0.0,0,0.0,0,12,1,False,2024-12-01,23.2,384.4,375.0,-2.4492935982947064e-16,1.0,0.0,0.0,22,0.0,0.0,0.0,0.0,0.0,0.0,0.0,0.0,0.0,0.0,0.0,0.0,0.0,0.0,0.0,0.0,0.0,0.0,0.0,0.0,0.0,0.0,1.0,0.0,0.0,0.0,train
647,2025,Januari,SBR,Stroberi,0,0,0,0,0,0,0.0,0,0,0.0,0,0.0,0,1,1,False,2025-01-01,22.8,282.1,375.0,0.49999999999999994,0.8660254037844387,0.0,0.0,22,0.0,0.0,0.0,0.0,0.0,0.0,0.0,0.0,0.0,0.0,0.0,0.0,0.0,0.0,0.0,0.0,0.0,0.0,0.0,0.0,0.0,0.0,1.0,0.0,0.0,0.0,train
673,2025,Februari,SBR,Stroberi,0,0,0,0,0,0,0.0,0,0,0.0,0,0.0,0,2,1,False,2025-02-01,22.7,305.2,375.0,0.8660254037844386,0.5000000000000001,0.0,0.0,22,0.0,0.0,0.0,0.0,0.0,0.0,0.0,0.0,0.0,0.0,0.0,0.0,0.0,0.0,0.0,0.0,0.0,0.0,0.0,0.0,0.0,0.0,1.0,0.0,0.0,0.0,train
699,2025,Maret,SBR,Stroberi,0,0,0,0,0,0,0.0,0,0,0.0,0,0.0,0,3,1,False,2025-03-01,23.2,316.2,375.0,1.0,6.123233995736766e-17,0.0,0.0,22,0.0,0.0,0.0,0.0,0.0,0.0,0.0,0.0,0.0,0.0,0.0,0.0,0.0,0.0,0.0,0.0,0.0,0.0,0.0,0.0,0.0,0.0,1.0,0.0,0.0,0.0,train
725,2025,April,SBR,Stroberi,0,0,0,0,0,0,0.0,0,0,0.0,0,0.0,0,4,1,False,2025-04-01,23.1,309.0,375.0,0.8660254037844387,-0.49999999999999983,0.0,0.0,22,0.0,0.0,0.0,0.0,0.0,0.0,0.0,0.0,0.0,0.0,0.0,0.0,0.0,0.0,0.0,0.0,0.0,0.0,0.0,0.0,0.0,0.0,1.0,0.0,0.0,0.0,train
751,2025,Mei,SBR,Stroberi,0,0,0,0,0,0,0.0,0,0,0.0,0,0.0,0,5,1,False,2025-05-01,23.4,285.2,375.0,0.49999999999999994,-0.8660254037844387,0.0,0.0,22,0.0,0.0,0.0,0.0,0.0,0.0,0.0,0.0,0.0,0.0,0.0,0.0,0.0,0.0,0.0,0.0,0.0,0.0,0.0,0.0,0.0,0.0,1.0,0.0,0.0,0.0,val
777,2025,Juni,SBR,Stroberi,0,0,0,0,0,0,0.0,0,0,0.0,0,0.0,0,6,1,False,2025-06-01,22.9,300.0,375.0,1.2246467991473532e-16,-1.0,0.0,0.0,22,0.0,0.0,0.0,0.0,0.0,0.0,0.0,0.0,0.0,0.0,0.0,0.0,0.0,0.0,0.0,0.0,0.0,0.0,0.0,0.0,0.0,0.0,1.0,0.0,0.0,0.0,val
803,2025,Juli,SBR,Stroberi,0,0,0,0,0,0,0.0,0,0,0.0,0,0.0,0,7,1,False,2025-07-01,22.9,120.9,375.0,-0.4999999999999998,-0.8660254037844388,0.0,0.0,22,0.0,0.0,0.0,0.0,0.0,0.0,0.0,0.0,0.0,0.0,0.0,0.0,0.0,0.0,0.0,0.0,0.0,0.0,0.0,0.0,0.0,0.0,1.0,0.0,0.0,0.0,val
829,2025,Agustus,SBR,Stroberi,0,0,0,0,0,0,0.0,0,0,0.0,0,0.0,0,8,1,False,2025-08-01,22.9,114.7,375.0,-0.8660254037844384,-0.5000000000000004,0.0,0.0,22,0.0,0.0,0.0,0.0,0.0,0.0,0.0,0.0,0.0,0.0,0.0,0.0,0.0,0.0,0.0,0.0,0.0,0.0,0.0,0.0,0.0,0.0,1.0,0.0,0.0,0.0,val
855,2025,September,SBR,Stroberi,0,0,0,0,0,0,0.0,0,0,0.0,0,0.0,0,9,1,False,2025-09-01,23.5,177.0,375.0,-1.0,-1.8369701987210297e-16,0.0,0.0,22,0.0,0.0,0.0,0.0,0.0,0.0,0.0,0.0,0.0,0.0,0.0,0.0,0.0,0.0,0.0,0.0,0.0,0.0,0.0,0.0,0.0,0.0,1.0,0.0,0.0,0.0,val
881,2025,Oktober,SBR,Stroberi,0,0,0,0,0,0,0.0,0,0,0.0,0,0.0,0,10,1,False,2025-10-01,23.9,297.6,375.0,-0.8660254037844386,0.5000000000000001,0.0,0.0,22,0.0,0.0,0.0,0.0,0.0,0.0,0.0,0.0,0.0,0.0,0.0,0.0,0.0,0.0,0.0,0.0,0.0,0.0,0.0,0.0,0.0,0.0,1.0,0.0,0.0,0.0,test
907,2025,November,SBR,Stroberi,0,0,0,0,0,0,0.0,0,0,0.0,0,0.0,0,11,1,False,2025-11-01,23.5,393.0,375.0,-0.5000000000000004,0.8660254037844384,0.0,0.0,22,0.0,0.0,0.0,0.0,0.0,0.0,0.0,0.0,0.0,0.0,0.0,0.0,0.0,0.0,0.0,0.0,0.0,0.0,0.0,0.0,0.0,0.0,1.0,0.0,0.0,0.0,test
933,2025,Desember,SBR,Stroberi,0,0,0,0,0,0,0.0,0,0,0.0,0,0.0,0,12,1,False,2025-12-01,23.2,384.4,375.0,-2.4492935982947064e-16,1.0,0.0,0.0,22,0.0,0.0,0.0,0.0,0.0,0.0,0.0,0.0,0.0,0.0,0.0,0.0,0.0,0.0,0.0,0.0,0.0,0.0,0.0,0.0,0.0,0.0,1.0,0.0,0.0,0.0,test
961,2026,Januari,SBR,Stroberi,0,0,0,0,0,0,0.0,0,0,0.0,0,0.0,0,1,1,False,2026-01-01,22.2,282.1,375.0,0.49999999999999994,0.8660254037844387,0.0,0.0,22,0.0,0.0,0.0,0.0,0.0,0.0,0.0,0.0,0.0,0.0,0.0,0.0,0.0,0.0,0.0,0.0,0.0,0.0,0.0,0.0,0.0,0.0,1.0,0.0,0.0,0.0,test
989,2026,Februari,SBR,Stroberi,0,0,0,0,0,0,0.0,0,0,0.0,0,0.0,0,2,1,False,2026-02-01,22.5,306.3,375.0,0.8660254037844386,0.5000000000000001,0.0,0.0,22,0.0,0.0,0.0,0.0,0.0,0.0,0.0,0.0,0.0,0.0,0.0,0.0,0.0,0.0,0.0,0.0,0.0,0.0,0.0,0.0,0.0,0.0,1.0,0.0,0.0,0.0,test
1017,2026,Maret,SBR,Stroberi,0,0,0,0,0,0,0.0,0,0,0.0,0,0.0,0,3,1,False,2026-03-01,23.0,315.8,375.0,1.0,6.123233995736766e-17,0.0,0.0,22,0.0,0.0,0.0,0.0,0.0,0.0,0.0,0.0,0.0,0.0,0.0,0.0,0.0,0.0,0.0,0.0,0.0,0.0,0.0,0.0,0.0,0.0,1.0,0.0,0.0,0.0,test
102,2023,April,TRG,Terung,15,4,11,0,4,15,320.0,880,4000,32000.0,88000,120000.0,15,4,0,False,2023-04-01,23.3,309.0,400.0,0.8660254037844387,-0.49999999999999983,128000.0,106666.66666666667,23,0.0,0.0,0.0,0.0,0.0,0.0,0.0,0.0,0.0,0.0,0.0,0.0,0.0,0.0,0.0,0.0,0.0,0.0,0.0,0.0,0.0,0.0,0.0,1.0,0.0,0.0,train
128,2023,Mei,TRG,Terung,15,0,15,0,0,15,0.0,1200,4000,0.0,120000,120000.0,15,5,0,False,2023-05-01,23.6,285.2,400.0,0.49999999999999994,-0.8660254037844387,120000.0,117333.33333333333,23,0.0,0.0,0.0,0.0,0.0,0.0,0.0,0.0,0.0,0.0,0.0,0.0,0.0,0.0,0.0,0.0,0.0,0.0,0.0,0.0,0.0,0.0,0.0,1.0,0.0,0.0,train
154,2023,Juni,TRG,Terung,15,0,0,0,0,15,0.0,0,5345,0.0,0,0.0,0,6,1,False,2023-06-01,23.3,300.0,400.0,1.2246467991473532e-16,-1.0,120000.0,122666.66666666667,23,0.0,0.0,0.0,0.0,0.0,0.0,0.0,0.0,0.0,0.0,0.0,0.0,0.0,0.0,0.0,0.0,0.0,0.0,0.0,0.0,0.0,0.0,0.0,1.0,0.0,0.0,train
180,2023,Juli,TRG,Terung,15,2,0,0,2,15,120.0,0,4300,12000.0,0,12000.0,2,7,0,False,2023-07-01,23.0,120.9,400.0,-0.4999999999999998,-0.8660254037844388,0.0,80000.0,23,0.0,0.0,0.0,0.0,0.0,0.0,0.0,0.0,0.0,0.0,0.0,0.0,0.0,0.0,0.0,0.0,0.0,0.0,0.0,0.0,0.0,0.0,0.0,1.0,0.0,0.0,train
206,2023,Agustus,TRG,Terung,15,1,0,0,1,15,70.0,0,4000,7000.0,0,7000.0,1,8,0,False,2023-08-01,23.9,114.7,400.0,-0.8660254037844384,-0.5000000000000004,12000.0,44000.0,23,0.0,0.0,0.0,0.0,0.0,0.0,0.0,0.0,0.0,0.0,0.0,0.0,0.0,0.0,0.0,0.0,0.0,0.0,0.0,0.0,0.0,0.0,0.0,1.0,0.0,0.0,train
232,2023,September,TRG,Terung,15,2,0,0,2,15,145.0,0,8000,14500.0,0,14500.0,2,9,0,False,2023-09-01,24.8,177.0,400.0,-1.0,-1.8369701987210297e-16,7000.0,6333.333333333333,23,0.0,0.0,0.0,0.0,0.0,0.0,0.0,0.0,0.0,0.0,0.0,0.0,0.0,0.0,0.0,0.0,0.0,0.0,0.0,0.0,0.0,0.0,0.0,1.0,0.0,0.0,train
258,2023,Oktober,TRG,Terung,15,4,0,0,4,15,280.0,0,8000,28000.0,0,28000.0,4,10,0,False,2023-10-01,25.6,297.6,400.0,-0.8660254037844386,0.5000000000000001,14500.0,11166.666666666666,23,0.0,0.0,0.0,0.0,0.0,0.0,0.0,0.0,0.0,0.0,0.0,0.0,0.0,0.0,0.0,0.0,0.0,0.0,0.0,0.0,0.0,0.0,0.0,1.0,0.0,0.0,train
284,2023,November,TRG,Terung,15,7,8,0,7,15,525.0,600,7000,52500.0,60000,112500.0,15,11,0,False,2023-11-01,24.1,393.0,400.0,-0.5000000000000004,0.8660254037844384,28000.0,16500.0,23,0.0,0.0,0.0,0.0,0.0,0.0,0.0,0.0,0.0,0.0,0.0,0.0,0.0,0.0,0.0,0.0,0.0,0.0,0.0,0.0,0.0,0.0,0.0,1.0,0.0,0.0,train
310,2023,Desember,TRG,Terung,15,5,0,0,5,15,400.0,0,7000,40000.0,0,40000.0,5,12,0,False,2023-12-01,23.9,384.4,400.0,-2.4492935982947064e-16,1.0,112500.0,51666.666666666664,23,0.0,0.0,0.0,0.0,0.0,0.0,0.0,0.0,0.0,0.0,0.0,0.0,0.0,0.0,0.0,0.0,0.0,0.0,0.0,0.0,0.0,0.0,0.0,1.0,0.0,0.0,train
336,2024,Januari,TRG,Terung,15,5,10,0,8,18,750.0,1500,6000,75000.0,150000,225000.0,15,1,0,False,2024-01-01,23.4,282.1,400.0,0.49999999999999994,0.8660254037844387,40000.0,60166.666666666664,23,0.0,0.0,0.0,0.0,0.0,0.0,0.0,0.0,0.0,0.0,0.0,0.0,0.0,0.0,0.0,0.0,0.0,0.0,0.0,0.0,0.0,0.0,0.0,1.0,0.0,0.0,train
362,2024,Februari,TRG,Terung,18,4,0,0,3,17,600.0,0,6000,60000.0,0,60000.0,4,2,0,False,2024-02-01,23.5,316.1,400.0,0.8660254037844386,0.5000000000000001,225000.0,125833.33333333333,23,0.0,0.0,0.0,0.0,0.0,0.0,0.0,0.0,0.0,0.0,0.0,0.0,0.0,0.0,0.0,0.0,0.0,0.0,0.0,0.0,0.0,0.0,0.0,1.0,0.0,0.0,train
388,2024,Maret,TRG,Terung,17,4,13,0,2,15,600.0,2600,4000,60000.0,260000,320000.0,17,3,0,True,2024-03-01,23.4,316.2,400.0,1.0,6.123233995736766e-17,60000.0,108333.33333333333,23,0.0,0.0,0.0,0.0,0.0,0.0,0.0,0.0,0.0,0.0,0.0,0.0,0.0,0.0,0.0,0.0,0.0,0.0,0.0,0.0,0.0,0.0,0.0,1.0,0.0,0.0,train
414,2024,April,TRG,Terung,0,0,0,0,0,0,0.0,0,5333,0.0,0,0.0,0,4,1,False,2024-04-01,24.0,309.0,400.0,0.8660254037844387,-0.49999999999999983,320000.0,201666.66666666666,23,0.0,0.0,0.0,0.0,0.0,0.0,0.0,0.0,0.0,0.0,0.0,0.0,0.0,0.0,0.0,0.0,0.0,0.0,0.0,0.0,0.0,0.0,0.0,1.0,0.0,0.0,train
440,2024,Mei,TRG,Terung,0,0,0,0,0,0,0.0,0,5333,0.0,0,0.0,0,5,1,False,2024-05-01,24.2,285.2,400.0,0.49999999999999994,-0.8660254037844387,0.0,126666.66666666667,23,0.0,0.0,0.0,0.0,0.0,0.0,0.0,0.0,0.0,0.0,0.0,0.0,0.0,0.0,0.0,0.0,0.0,0.0,0.0,0.0,0.0,0.0,0.0,1.0,0.0,0.0,train
466,2024,Juni,TRG,Terung,0,0,0,0,0,0,0.0,0,5333,0.0,0,0.0,0,6,1,False,2024-06-01,23.3,300.0,400.0,1.2246467991473532e-16,-1.0,0.0,106666.66666666667,23,0.0,0.0,0.0,0.0,0.0,0.0,0.0,0.0,0.0,0.0,0.0,0.0,0.0,0.0,0.0,0.0,0.0,0.0,0.0,0.0,0.0,0.0,0.0,1.0,0.0,0.0,train
492,2024,Juli,TRG,Terung,0,0,0,0,0,0,0.0,0,5333,0.0,0,0.0,0,7,1,False,2024-07-01,22.9,120.9,400.0,-0.4999999999999998,-0.8660254037844388,0.0,0.0,23,0.0,0.0,0.0,0.0,0.0,0.0,0.0,0.0,0.0,0.0,0.0,0.0,0.0,0.0,0.0,0.0,0.0,0.0,0.0,0.0,0.0,0.0,0.0,1.0,0.0,0.0,train
518,2024,Agustus,TRG,Terung,0,0,0,0,0,0,0.0,0,5333,0.0,0,0.0,0,8,1,False,2024-08-01,23.8,114.7,400.0,-0.8660254037844384,-0.5000000000000004,0.0,0.0,23,0.0,0.0,0.0,0.0,0.0,0.0,0.0,0.0,0.0,0.0,0.0,0.0,0.0,0.0,0.0,0.0,0.0,0.0,0.0,0.0,0.0,0.0,0.0,1.0,0.0,0.0,train
544,2024,September,TRG,Terung,0,0,0,0,0,0,0.0,0,5333,0.0,0,0.0,0,9,1,False,2024-09-01,23.8,177.0,400.0,-1.0,-1.8369701987210297e-16,0.0,0.0,23,0.0,0.0,0.0,0.0,0.0,0.0,0.0,0.0,0.0,0.0,0.0,0.0,0.0,0.0,0.0,0.0,0.0,0.0,0.0,0.0,0.0,0.0,0.0,1.0,0.0,0.0,train
570,2024,Oktober,TRG,Terung,0,0,0,0,0,0,0.0,0,5333,0.0,0,0.0,0,10,1,False,2024-10-01,24.3,297.6,400.0,-0.8660254037844386,0.5000000000000001,0.0,0.0,23,0.0,0.0,0.0,0.0,0.0,0.0,0.0,0.0,0.0,0.0,0.0,0.0,0.0,0.0,0.0,0.0,0.0,0.0,0.0,0.0,0.0,0.0,0.0,1.0,0.0,0.0,train
596,2024,November,TRG,Terung,0,0,0,0,0,0,0.0,0,5333,0.0,0,0.0,0,11,1,False,2024-11-01,23.4,393.0,400.0,-0.5000000000000004,0.8660254037844384,0.0,0.0,23,0.0,0.0,0.0,0.0,0.0,0.0,0.0,0.0,0.0,0.0,0.0,0.0,0.0,0.0,0.0,0.0,0.0,0.0,0.0,0.0,0.0,0.0,0.0,1.0,0.0,0.0,train
622,2024,Desember,TRG,Terung,0,0,0,0,0,0,0.0,0,5333,0.0,0,0.0,0,12,1,False,2024-12-01,23.2,384.4,400.0,-2.4492935982947064e-16,1.0,0.0,0.0,23,0.0,0.0,0.0,0.0,0.0,0.0,0.0,0.0,0.0,0.0,0.0,0.0,0.0,0.0,0.0,0.0,0.0,0.0,0.0,0.0,0.0,0.0,0.0,1.0,0.0,0.0,train
648,2025,Januari,TRG,Terung,11,0,11,0,2,13,0.0,880,4500,0.0,88000,88000.0,11,1,0,False,2025-01-01,22.8,282.1,400.0,0.49999999999999994,0.8660254037844387,0.0,0.0,23,0.0,0.0,0.0,0.0,0.0,0.0,0.0,0.0,0.0,0.0,0.0,0.0,0.0,0.0,0.0,0.0,0.0,0.0,0.0,0.0,0.0,0.0,0.0,1.0,0.0,0.0,train
674,2025,Februari,TRG,Terung,13,3,10,0,6,16,240.0,800,4000,24000.0,80000,104000.0,13,2,0,False,2025-02-01,22.7,305.2,400.0,0.8660254037844386,0.5000000000000001,88000.0,29333.333333333332,23,0.0,0.0,0.0,0.0,0.0,0.0,0.0,0.0,0.0,0.0,0.0,0.0,0.0,0.0,0.0,0.0,0.0,0.0,0.0,0.0,0.0,0.0,0.0,1.0,0.0,0.0,train
700,2025,Maret,TRG,Terung,16,3,13,0,2,15,240.0,1040,4000,24000.0,104000,128000.0,16,3,0,False,2025-03-01,23.2,316.2,400.0,1.0,6.123233995736766e-17,104000.0,64000.0,23,0.0,0.0,0.0,0.0,0.0,0.0,0.0,0.0,0.0,0.0,0.0,0.0,0.0,0.0,0.0,0.0,0.0,0.0,0.0,0.0,0.0,0.0,0.0,1.0,0.0,0.0,train
726,2025,April,TRG,Terung,15,4,11,0,4,15,320.0,880,4000,32000.0,88000,120000.0,15,4,0,False,2025-04-01,23.1,309.0,400.0,0.8660254037844387,-0.49999999999999983,128000.0,106666.66666666667,23,0.0,0.0,0.0,0.0,0.0,0.0,0.0,0.0,0.0,0.0,0.0,0.0,0.0,0.0,0.0,0.0,0.0,0.0,0.0,0.0,0.0,0.0,0.0,1.0,0.0,0.0,train
752,2025,Mei,TRG,Terung,15,0,15,0,0,15,0.0,1200,4000,0.0,120000,120000.0,15,5,0,False,2025-05-01,23.4,285.2,400.0,0.49999999999999994,-0.8660254037844387,120000.0,117333.33333333333,23,0.0,0.0,0.0,0.0,0.0,0.0,0.0,0.0,0.0,0.0,0.0,0.0,0.0,0.0,0.0,0.0,0.0,0.0,0.0,0.0,0.0,0.0,0.0,1.0,0.0,0.0,val
778,2025,Juni,TRG,Terung,15,0,0,0,0,15,0.0,0,0,0.0,0,0.0,0,6,1,False,2025-06-01,22.9,300.0,400.0,1.2246467991473532e-16,-1.0,120000.0,122666.66666666667,23,0.0,0.0,0.0,0.0,0.0,0.0,0.0,0.0,0.0,0.0,0.0,0.0,0.0,0.0,0.0,0.0,0.0,0.0,0.0,0.0,0.0,0.0,0.0,1.0,0.0,0.0,val
804,2025,Juli,TRG,Terung,15,2,0,0,2,15,120.0,0,4300,12000.0,0,12000.0,2,7,0,False,2025-07-01,22.9,120.9,400.0,-0.4999999999999998,-0.8660254037844388,0.0,80000.0,23,0.0,0.0,0.0,0.0,0.0,0.0,0.0,0.0,0.0,0.0,0.0,0.0,0.0,0.0,0.0,0.0,0.0,0.0,0.0,0.0,0.0,0.0,0.0,1.0,0.0,0.0,val
830,2025,Agustus,TRG,Terung,15,1,0,0,1,15,70.0,0,4000,7000.0,0,7000.0,1,8,0,False,2025-08-01,22.9,114.7,400.0,-0.8660254037844384,-0.5000000000000004,12000.0,44000.0,23,0.0,0.0,0.0,0.0,0.0,0.0,0.0,0.0,0.0,0.0,0.0,0.0,0.0,0.0,0.0,0.0,0.0,0.0,0.0,0.0,0.0,0.0,0.0,1.0,0.0,0.0,val
856,2025,September,TRG,Terung,15,2,0,0,2,15,145.0,0,8000,14500.0,0,14500.0,2,9,0,False,2025-09-01,23.5,177.0,400.0,-1.0,-1.8369701987210297e-16,7000.0,6333.333333333333,23,0.0,0.0,0.0,0.0,0.0,0.0,0.0,0.0,0.0,0.0,0.0,0.0,0.0,0.0,0.0,0.0,0.0,0.0,0.0,0.0,0.0,0.0,0.0,1.0,0.0,0.0,val
882,2025,Oktober,TRG,Terung,15,4,0,0,4,15,280.0,0,8000,28000.0,0,28000.0,4,10,0,False,2025-10-01,23.9,297.6,400.0,-0.8660254037844386,0.5000000000000001,14500.0,11166.666666666666,23,0.0,0.0,0.0,0.0,0.0,0.0,0.0,0.0,0.0,0.0,0.0,0.0,0.0,0.0,0.0,0.0,0.0,0.0,0.0,0.0,0.0,0.0,0.0,1.0,0.0,0.0,test
908,2025,November,TRG,Terung,15,7,8,0,7,15,525.0,600,7000,52500.0,60000,112500.0,15,11,0,False,2025-11-01,23.5,393.0,400.0,-0.5000000000000004,0.8660254037844384,28000.0,16500.0,23,0.0,0.0,0.0,0.0,0.0,0.0,0.0,0.0,0.0,0.0,0.0,0.0,0.0,0.0,0.0,0.0,0.0,0.0,0.0,0.0,0.0,0.0,0.0,1.0,0.0,0.0,test
934,2025,Desember,TRG,Terung,15,5,0,0,5,15,400.0,0,7000,40000.0,0,40000.0,5,12,0,False,2025-12-01,23.2,384.4,400.0,-2.4492935982947064e-16,1.0,112500.0,51666.666666666664,23,0.0,0.0,0.0,0.0,0.0,0.0,0.0,0.0,0.0,0.0,0.0,0.0,0.0,0.0,0.0,0.0,0.0,0.0,0.0,0.0,0.0,0.0,0.0,1.0,0.0,0.0,test
962,2026,Januari,TRG,Terung,15,5,10,0,8,18,750.0,1500,6000,75000.0,150000,225000.0,15,1,0,False,2026-01-01,22.2,282.1,400.0,0.49999999999999994,0.8660254037844387,40000.0,60166.666666666664,23,0.0,0.0,0.0,0.0,0.0,0.0,0.0,0.0,0.0,0.0,0.0,0.0,0.0,0.0,0.0,0.0,0.0,0.0,0.0,0.0,0.0,0.0,0.0,1.0,0.0,0.0,test
990,2026,Februari,TRG,Terung,18,4,0,0,3,17,600.0,0,6000,60000.0,0,60000.0,4,2,0,False,2026-02-01,22.5,306.3,400.0,0.8660254037844386,0.5000000000000001,225000.0,125833.33333333333,23,0.0,0.0,0.0,0.0,0.0,0.0,0.0,0.0,0.0,0.0,0.0,0.0,0.0,0.0,0.0,0.0,0.0,0.0,0.0,0.0,0.0,0.0,0.0,1.0,0.0,0.0,test
1018,2026,Maret,TRG,Terung,17,4,13,0,2,15,600.0,2600,4000,60000.0,260000,320000.0,17,3,0,True,2026-03-01,23.0,315.8,400.0,1.0,6.123233995736766e-17,60000.0,108333.33333333333,23,0.0,0.0,0.0,0.0,0.0,0.0,0.0,0.0,0.0,0.0,0.0,0.0,0.0,0.0,0.0,0.0,0.0,0.0,0.0,0.0,0.0,0.0,0.0,1.0,0.0,0.0,test
103,2023,April,TMT,Tomat,13,1,12,0,1,13,100.0,1200,35000,10000.0,120000,130000.0,13,4,0,False,2023-04-01,23.3,309.0,400.0,0.8660254037844387,-0.49999999999999983,140000.0,116666.66666666667,24,0.0,0.0,0.0,0.0,0.0,0.0,0.0,0.0,0.0,0.0,0.0,0.0,0.0,0.0,0.0,0.0,0.0,0.0,0.0,0.0,0.0,0.0,0.0,0.0,1.0,0.0,train
129,2023,Mei,TMT,Tomat,13,1,12,0,1,13,100.0,1200,3500,10000.0,120000,130000.0,13,5,0,False,2023-05-01,23.6,285.2,400.0,0.49999999999999994,-0.8660254037844387,130000.0,123333.33333333333,24,0.0,0.0,0.0,0.0,0.0,0.0,0.0,0.0,0.0,0.0,0.0,0.0,0.0,0.0,0.0,0.0,0.0,0.0,0.0,0.0,0.0,0.0,0.0,0.0,1.0,0.0,train
155,2023,Juni,TMT,Tomat,13,1,12,0,1,13,90.0,1080,3500,9000.0,108000,117000.0,13,6,0,False,2023-06-01,23.3,300.0,400.0,1.2246467991473532e-16,-1.0,130000.0,133333.33333333334,24,0.0,0.0,0.0,0.0,0.0,0.0,0.0,0.0,0.0,0.0,0.0,0.0,0.0,0.0,0.0,0.0,0.0,0.0,0.0,0.0,0.0,0.0,0.0,0.0,1.0,0.0,train
181,2023,Juli,TMT,Tomat,13,2,0,0,2,13,120.0,0,8000,12000.0,0,12000.0,2,7,0,False,2023-07-01,23.0,120.9,400.0,-0.4999999999999998,-0.8660254037844388,117000.0,125666.66666666667,24,0.0,0.0,0.0,0.0,0.0,0.0,0.0,0.0,0.0,0.0,0.0,0.0,0.0,0.0,0.0,0.0,0.0,0.0,0.0,0.0,0.0,0.0,0.0,0.0,1.0,0.0,train
207,2023,Agustus,TMT,Tomat,13,1,0,0,1,13,80.0,0,6000,8000.0,0,8000.0,1,8,0,False,2023-08-01,23.9,114.7,400.0,-0.8660254037844384,-0.5000000000000004,12000.0,86333.33333333333,24,0.0,0.0,0.0,0.0,0.0,0.0,0.0,0.0,0.0,0.0,0.0,0.0,0.0,0.0,0.0,0.0,0.0,0.0,0.0,0.0,0.0,0.0,0.0,0.0,1.0,0.0,train
233,2023,September,TMT,Tomat,13,4,0,0,4,13,280.0,0,3000,28000.0,0,28000.0,4,9,0,False,2023-09-01,24.8,177.0,400.0,-1.0,-1.8369701987210297e-16,8000.0,45666.666666666664,24,0.0,0.0,0.0,0.0,0.0,0.0,0.0,0.0,0.0,0.0,0.0,0.0,0.0,0.0,0.0,0.0,0.0,0.0,0.0,0.0,0.0,0.0,0.0,0.0,1.0,0.0,train
259,2023,Oktober,TMT,Tomat,13,4,0,0,4,13,280.0,0,5000,28000.0,0,28000.0,4,10,0,False,2023-10-01,25.6,297.6,400.0,-0.8660254037844386,0.5000000000000001,28000.0,16000.0,24,0.0,0.0,0.0,0.0,0.0,0.0,0.0,0.0,0.0,0.0,0.0,0.0,0.0,0.0,0.0,0.0,0.0,0.0,0.0,0.0,0.0,0.0,0.0,0.0,1.0,0.0,train
285,2023,November,TMT,Tomat,13,7,6,0,7,13,525.0,450,3000,52500.0,45000,97500.0,13,11,0,False,2023-11-01,24.1,393.0,400.0,-0.5000000000000004,0.8660254037844384,28000.0,21333.333333333332,24,0.0,0.0,0.0,0.0,0.0,0.0,0.0,0.0,0.0,0.0,0.0,0.0,0.0,0.0,0.0,0.0,0.0,0.0,0.0,0.0,0.0,0.0,0.0,0.0,1.0,0.0,train
311,2023,Desember,TMT,Tomat,13,2,0,0,2,13,160.0,0,3000,16000.0,0,16000.0,2,12,0,False,2023-12-01,23.9,384.4,400.0,-2.4492935982947064e-16,1.0,97500.0,51166.666666666664,24,0.0,0.0,0.0,0.0,0.0,0.0,0.0,0.0,0.0,0.0,0.0,0.0,0.0,0.0,0.0,0.0,0.0,0.0,0.0,0.0,0.0,0.0,0.0,0.0,1.0,0.0,train
337,2024,Januari,TMT,Tomat,13,4,9,0,5,14,800.0,1800,5000,80000.0,180000,260000.0,13,1,0,False,2024-01-01,23.4,282.1,400.0,0.49999999999999994,0.8660254037844387,16000.0,47166.666666666664,24,0.0,0.0,0.0,0.0,0.0,0.0,0.0,0.0,0.0,0.0,0.0,0.0,0.0,0.0,0.0,0.0,0.0,0.0,0.0,0.0,0.0,0.0,0.0,0.0,1.0,0.0,train
363,2024,Februari,TMT,Tomat,14,4,0,0,3,13,800.0,0,4000,80000.0,0,80000.0,4,2,0,False,2024-02-01,23.5,316.1,400.0,0.8660254037844386,0.5000000000000001,260000.0,124500.0,24,0.0,0.0,0.0,0.0,0.0,0.0,0.0,0.0,0.0,0.0,0.0,0.0,0.0,0.0,0.0,0.0,0.0,0.0,0.0,0.0,0.0,0.0,0.0,0.0,1.0,0.0,train
389,2024,Maret,TMT,Tomat,13,4,9,0,2,11,800.0,1800,4000,80000.0,180000,260000.0,13,3,0,False,2024-03-01,23.4,316.2,400.0,1.0,6.123233995736766e-17,80000.0,118666.66666666667,24,0.0,0.0,0.0,0.0,0.0,0.0,0.0,0.0,0.0,0.0,0.0,0.0,0.0,0.0,0.0,0.0,0.0,0.0,0.0,0.0,0.0,0.0,0.0,0.0,1.0,0.0,train
415,2024,April,TMT,Tomat,0,0,0,0,0,0,0.0,0,4333,0.0,0,0.0,0,4,1,False,2024-04-01,24.0,309.0,400.0,0.8660254037844387,-0.49999999999999983,260000.0,200000.0,24,0.0,0.0,0.0,0.0,0.0,0.0,0.0,0.0,0.0,0.0,0.0,0.0,0.0,0.0,0.0,0.0,0.0,0.0,0.0,0.0,0.0,0.0,0.0,0.0,1.0,0.0,train
441,2024,Mei,TMT,Tomat,0,0,0,0,0,0,0.0,0,4333,0.0,0,0.0,0,5,1,False,2024-05-01,24.2,285.2,400.0,0.49999999999999994,-0.8660254037844387,0.0,113333.33333333333,24,0.0,0.0,0.0,0.0,0.0,0.0,0.0,0.0,0.0,0.0,0.0,0.0,0.0,0.0,0.0,0.0,0.0,0.0,0.0,0.0,0.0,0.0,0.0,0.0,1.0,0.0,train
467,2024,Juni,TMT,Tomat,0,0,0,0,0,0,0.0,0,4333,0.0,0,0.0,0,6,1,False,2024-06-01,23.3,300.0,400.0,1.2246467991473532e-16,-1.0,0.0,86666.66666666667,24,0.0,0.0,0.0,0.0,0.0,0.0,0.0,0.0,0.0,0.0,0.0,0.0,0.0,0.0,0.0,0.0,0.0,0.0,0.0,0.0,0.0,0.0,0.0,0.0,1.0,0.0,train
493,2024,Juli,TMT,Tomat,0,0,0,0,0,0,0.0,0,4333,0.0,0,0.0,0,7,1,False,2024-07-01,22.9,120.9,400.0,-0.4999999999999998,-0.8660254037844388,0.0,0.0,24,0.0,0.0,0.0,0.0,0.0,0.0,0.0,0.0,0.0,0.0,0.0,0.0,0.0,0.0,0.0,0.0,0.0,0.0,0.0,0.0,0.0,0.0,0.0,0.0,1.0,0.0,train
519,2024,Agustus,TMT,Tomat,0,0,0,0,0,0,0.0,0,4333,0.0,0,0.0,0,8,1,False,2024-08-01,23.8,114.7,400.0,-0.8660254037844384,-0.5000000000000004,0.0,0.0,24,0.0,0.0,0.0,0.0,0.0,0.0,0.0,0.0,0.0,0.0,0.0,0.0,0.0,0.0,0.0,0.0,0.0,0.0,0.0,0.0,0.0,0.0,0.0,0.0,1.0,0.0,train
545,2024,September,TMT,Tomat,0,0,0,0,0,0,0.0,0,4333,0.0,0,0.0,0,9,1,False,2024-09-01,23.8,177.0,400.0,-1.0,-1.8369701987210297e-16,0.0,0.0,24,0.0,0.0,0.0,0.0,0.0,0.0,0.0,0.0,0.0,0.0,0.0,0.0,0.0,0.0,0.0,0.0,0.0,0.0,0.0,0.0,0.0,0.0,0.0,0.0,1.0,0.0,train
571,2024,Oktober,TMT,Tomat,0,0,0,0,0,0,0.0,0,4333,0.0,0,0.0,0,10,1,False,2024-10-01,24.3,297.6,400.0,-0.8660254037844386,0.5000000000000001,0.0,0.0,24,0.0,0.0,0.0,0.0,0.0,0.0,0.0,0.0,0.0,0.0,0.0,0.0,0.0,0.0,0.0,0.0,0.0,0.0,0.0,0.0,0.0,0.0,0.0,0.0,1.0,0.0,train
597,2024,November,TMT,Tomat,0,0,0,0,0,0,0.0,0,4333,0.0,0,0.0,0,11,1,False,2024-11-01,23.4,393.0,400.0,-0.5000000000000004,0.8660254037844384,0.0,0.0,24,0.0,0.0,0.0,0.0,0.0,0.0,0.0,0.0,0.0,0.0,0.0,0.0,0.0,0.0,0.0,0.0,0.0,0.0,0.0,0.0,0.0,0.0,0.0,0.0,1.0,0.0,train
623,2024,Desember,TMT,Tomat,0,0,0,0,0,0,0.0,0,4333,0.0,0,0.0,0,12,1,False,2024-12-01,23.2,384.4,400.0,-2.4492935982947064e-16,1.0,0.0,0.0,24,0.0,0.0,0.0,0.0,0.0,0.0,0.0,0.0,0.0,0.0,0.0,0.0,0.0,0.0,0.0,0.0,0.0,0.0,0.0,0.0,0.0,0.0,0.0,0.0,1.0,0.0,train
649,2025,Januari,TMT,Tomat,11,4,7,0,3,10,400.0,700,4000,40000.0,70000,110000.0,11,1,0,False,2025-01-01,22.8,282.1,400.0,0.49999999999999994,0.8660254037844387,0.0,0.0,24,0.0,0.0,0.0,0.0,0.0,0.0,0.0,0.0,0.0,0.0,0.0,0.0,0.0,0.0,0.0,0.0,0.0,0.0,0.0,0.0,0.0,0.0,0.0,0.0,1.0,0.0,train
675,2025,Februari,TMT,Tomat,10,4,6,0,8,14,400.0,600,3500,40000.0,60000,100000.0,10,2,0,False,2025-02-01,22.7,305.2,400.0,0.8660254037844386,0.5000000000000001,110000.0,36666.666666666664,24,0.0,0.0,0.0,0.0,0.0,0.0,0.0,0.0,0.0,0.0,0.0,0.0,0.0,0.0,0.0,0.0,0.0,0.0,0.0,0.0,0.0,0.0,0.0,0.0,1.0,0.0,train
701,2025,Maret,TMT,Tomat,14,3,11,0,2,13,300.0,1100,35000,30000.0,110000,140000.0,14,3,0,False,2025-03-01,23.2,316.2,400.0,1.0,6.123233995736766e-17,100000.0,70000.0,24,0.0,0.0,0.0,0.0,0.0,0.0,0.0,0.0,0.0,0.0,0.0,0.0,0.0,0.0,0.0,0.0,0.0,0.0,0.0,0.0,0.0,0.0,0.0,0.0,1.0,0.0,train
727,2025,April,TMT,Tomat,13,1,12,0,1,13,100.0,1200,35000,10000.0,120000,130000.0,13,4,0,False,2025-04-01,23.1,309.0,400.0,0.8660254037844387,-0.49999999999999983,140000.0,116666.66666666667,24,0.0,0.0,0.0,0.0,0.0,0.0,0.0,0.0,0.0,0.0,0.0,0.0,0.0,0.0,0.0,0.0,0.0,0.0,0.0,0.0,0.0,0.0,0.0,0.0,1.0,0.0,train
753,2025,Mei,TMT,Tomat,13,1,12,0,1,13,100.0,1200,3500,10000.0,120000,130000.0,13,5,0,False,2025-05-01,23.4,285.2,400.0,0.49999999999999994,-0.8660254037844387,130000.0,123333.33333333333,24,0.0,0.0,0.0,0.0,0.0,0.0,0.0,0.0,0.0,0.0,0.0,0.0,0.0,0.0,0.0,0.0,0.0,0.0,0.0,0.0,0.0,0.0,0.0,0.0,1.0,0.0,val
779,2025,Juni,TMT,Tomat,13,1,12,0,1,13,90.0,1080,3500,9000.0,108000,117000.0,13,6,0,False,2025-06-01,22.9,300.0,400.0,1.2246467991473532e-16,-1.0,130000.0,133333.33333333334,24,0.0,0.0,0.0,0.0,0.0,0.0,0.0,0.0,0.0,0.0,0.0,0.0,0.0,0.0,0.0,0.0,0.0,0.0,0.0,0.0,0.0,0.0,0.0,0.0,1.0,0.0,val
805,2025,Juli,TMT,Tomat,13,2,0,0,2,13,120.0,0,8000,12000.0,0,12000.0,2,7,0,False,2025-07-01,22.9,120.9,400.0,-0.4999999999999998,-0.8660254037844388,117000.0,125666.66666666667,24,0.0,0.0,0.0,0.0,0.0,0.0,0.0,0.0,0.0,0.0,0.0,0.0,0.0,0.0,0.0,0.0,0.0,0.0,0.0,0.0,0.0,0.0,0.0,0.0,1.0,0.0,val
831,2025,Agustus,TMT,Tomat,13,1,0,0,1,13,80.0,0,6000,8000.0,0,8000.0,1,8,0,False,2025-08-01,22.9,114.7,400.0,-0.8660254037844384,-0.5000000000000004,12000.0,86333.33333333333,24,0.0,0.0,0.0,0.0,0.0,0.0,0.0,0.0,0.0,0.0,0.0,0.0,0.0,0.0,0.0,0.0,0.0,0.0,0.0,0.0,0.0,0.0,0.0,0.0,1.0,0.0,val
857,2025,September,TMT,Tomat,13,4,0,0,4,13,280.0,0,3000,28000.0,0,28000.0,4,9,0,False,2025-09-01,23.5,177.0,400.0,-1.0,-1.8369701987210297e-16,8000.0,45666.666666666664,24,0.0,0.0,0.0,0.0,0.0,0.0,0.0,0.0,0.0,0.0,0.0,0.0,0.0,0.0,0.0,0.0,0.0,0.0,0.0,0.0,0.0,0.0,0.0,0.0,1.0,0.0,val
883,2025,Oktober,TMT,Tomat,13,4,0,0,4,13,280.0,0,5000,28000.0,0,28000.0,4,10,0,False,2025-10-01,23.9,297.6,400.0,-0.8660254037844386,0.5000000000000001,28000.0,16000.0,24,0.0,0.0,0.0,0.0,0.0,0.0,0.0,0.0,0.0,0.0,0.0,0.0,0.0,0.0,0.0,0.0,0.0,0.0,0.0,0.0,0.0,0.0,0.0,0.0,1.0,0.0,test
909,2025,November,TMT,Tomat,13,7,6,0,7,13,525.0,450,3000,52500.0,45000,97500.0,13,11,0,False,2025-11-01,23.5,393.0,400.0,-0.5000000000000004,0.8660254037844384,28000.0,21333.333333333332,24,0.0,0.0,0.0,0.0,0.0,0.0,0.0,0.0,0.0,0.0,0.0,0.0,0.0,0.0,0.0,0.0,0.0,0.0,0.0,0.0,0.0,0.0,0.0,0.0,1.0,0.0,test
935,2025,Desember,TMT,Tomat,13,2,0,0,2,13,160.0,0,3000,16000.0,0,16000.0,2,12,0,False,2025-12-01,23.2,384.4,400.0,-2.4492935982947064e-16,1.0,97500.0,51166.666666666664,24,0.0,0.0,0.0,0.0,0.0,0.0,0.0,0.0,0.0,0.0,0.0,0.0,0.0,0.0,0.0,0.0,0.0,0.0,0.0,0.0,0.0,0.0,0.0,0.0,1.0,0.0,test
963,2026,Januari,TMT,Tomat,13,4,9,0,5,14,800.0,1800,5000,80000.0,180000,260000.0,13,1,0,False,2026-01-01,22.2,282.1,400.0,0.49999999999999994,0.8660254037844387,16000.0,47166.666666666664,24,0.0,0.0,0.0,0.0,0.0,0.0,0.0,0.0,0.0,0.0,0.0,0.0,0.0,0.0,0.0,0.0,0.0,0.0,0.0,0.0,0.0,0.0,0.0,0.0,1.0,0.0,test
991,2026,Februari,TMT,Tomat,14,4,0,0,3,13,800.0,0,4000,80000.0,0,80000.0,4,2,0,False,2026-02-01,22.5,306.3,400.0,0.8660254037844386,0.5000000000000001,260000.0,124500.0,24,0.0,0.0,0.0,0.0,0.0,0.0,0.0,0.0,0.0,0.0,0.0,0.0,0.0,0.0,0.0,0.0,0.0,0.0,0.0,0.0,0.0,0.0,0.0,0.0,1.0,0.0,test
1019,2026,Maret,TMT,Tomat,13,4,9,0,2,11,800.0,1800,4000,80000.0,180000,260000.0,13,3,0,False,2026-03-01,23.0,315.8,400.0,1.0,6.123233995736766e-17,80000.0,118666.66666666667,24,0.0,0.0,0.0,0.0,0.0,0.0,0.0,0.0,0.0,0.0,0.0,0.0,0.0,0.0,0.0,0.0,0.0,0.0,0.0,0.0,0.0,0.0,0.0,0.0,1.0,0.0,test
104,2023,April,WTL,Wortel,4,1,0,0,1,4,180.0,0,4500,18000.0,0,18000.0,1,4,0,False,2023-04-01,23.3,309.0,325.0,0.8660254037844387,-0.49999999999999983,18000.0,18000.0,25,0.0,0.0,0.0,0.0,0.0,0.0,0.0,0.0,0.0,0.0,0.0,0.0,0.0,0.0,0.0,0.0,0.0,0.0,0.0,0.0,0.0,0.0,0.0,0.0,0.0,1.0,train
130,2023,Mei,WTL,Wortel,4,1,0,0,1,4,180.0,0,4500,18000.0,0,18000.0,1,5,0,False,2023-05-01,23.6,285.2,325.0,0.49999999999999994,-0.8660254037844387,18000.0,18000.0,25,0.0,0.0,0.0,0.0,0.0,0.0,0.0,0.0,0.0,0.0,0.0,0.0,0.0,0.0,0.0,0.0,0.0,0.0,0.0,0.0,0.0,0.0,0.0,0.0,0.0,1.0,train
156,2023,Juni,WTL,Wortel,4,1,0,0,1,4,75.0,0,4500,7500.0,0,7500.0,1,6,0,False,2023-06-01,23.3,300.0,325.0,1.2246467991473532e-16,-1.0,18000.0,18000.0,25,0.0,0.0,0.0,0.0,0.0,0.0,0.0,0.0,0.0,0.0,0.0,0.0,0.0,0.0,0.0,0.0,0.0,0.0,0.0,0.0,0.0,0.0,0.0,0.0,0.0,1.0,train
182,2023,Juli,WTL,Wortel,4,0,0,0,0,4,0.0,0,5083,0.0,0,0.0,0,7,1,False,2023-07-01,23.0,120.9,325.0,-0.4999999999999998,-0.8660254037844388,7500.0,14500.0,25,0.0,0.0,0.0,0.0,0.0,0.0,0.0,0.0,0.0,0.0,0.0,0.0,0.0,0.0,0.0,0.0,0.0,0.0,0.0,0.0,0.0,0.0,0.0,0.0,0.0,1.0,train
208,2023,Agustus,WTL,Wortel,4,0,0,0,0,4,0.0,0,5083,0.0,0,0.0,0,8,1,False,2023-08-01,23.9,114.7,325.0,-0.8660254037844384,-0.5000000000000004,0.0,8500.0,25,0.0,0.0,0.0,0.0,0.0,0.0,0.0,0.0,0.0,0.0,0.0,0.0,0.0,0.0,0.0,0.0,0.0,0.0,0.0,0.0,0.0,0.0,0.0,0.0,0.0,1.0,train
234,2023,September,WTL,Wortel,4,0,0,0,0,4,0.0,0,5083,0.0,0,0.0,0,9,1,False,2023-09-01,24.8,177.0,325.0,-1.0,-1.8369701987210297e-16,0.0,2500.0,25,0.0,0.0,0.0,0.0,0.0,0.0,0.0,0.0,0.0,0.0,0.0,0.0,0.0,0.0,0.0,0.0,0.0,0.0,0.0,0.0,0.0,0.0,0.0,0.0,0.0,1.0,train
260,2023,Oktober,WTL,Wortel,4,0,0,0,0,4,0.0,0,5083,0.0,0,0.0,0,10,1,False,2023-10-01,25.6,297.6,325.0,-0.8660254037844386,0.5000000000000001,0.0,0.0,25,0.0,0.0,0.0,0.0,0.0,0.0,0.0,0.0,0.0,0.0,0.0,0.0,0.0,0.0,0.0,0.0,0.0,0.0,0.0,0.0,0.0,0.0,0.0,0.0,0.0,1.0,train
286,2023,November,WTL,Wortel,4,0,0,0,0,4,0.0,0,5083,0.0,0,0.0,0,11,1,False,2023-11-01,24.1,393.0,325.0,-0.5000000000000004,0.8660254037844384,0.0,0.0,25,0.0,0.0,0.0,0.0,0.0,0.0,0.0,0.0,0.0,0.0,0.0,0.0,0.0,0.0,0.0,0.0,0.0,0.0,0.0,0.0,0.0,0.0,0.0,0.0,0.0,1.0,train
312,2023,Desember,WTL,Wortel,4,0,0,0,0,4,0.0,0,5083,0.0,0,0.0,0,12,1,False,2023-12-01,23.9,384.4,325.0,-2.4492935982947064e-16,1.0,0.0,0.0,25,0.0,0.0,0.0,0.0,0.0,0.0,0.0,0.0,0.0,0.0,0.0,0.0,0.0,0.0,0.0,0.0,0.0,0.0,0.0,0.0,0.0,0.0,0.0,0.0,0.0,1.0,train
338,2024,Januari,WTL,Wortel,4,1,0,0,0,3,15.0,0,5000,1500.0,0,1500.0,1,1,0,False,2024-01-01,23.4,282.1,325.0,0.49999999999999994,0.8660254037844387,0.0,0.0,25,0.0,0.0,0.0,0.0,0.0,0.0,0.0,0.0,0.0,0.0,0.0,0.0,0.0,0.0,0.0,0.0,0.0,0.0,0.0,0.0,0.0,0.0,0.0,0.0,0.0,1.0,train
364,2024,Februari,WTL,Wortel,3,2,0,0,0,1,150.0,0,6000,15000.0,0,15000.0,2,2,0,False,2024-02-01,23.5,316.1,325.0,0.8660254037844386,0.5000000000000001,1500.0,500.0,25,0.0,0.0,0.0,0.0,0.0,0.0,0.0,0.0,0.0,0.0,0.0,0.0,0.0,0.0,0.0,0.0,0.0,0.0,0.0,0.0,0.0,0.0,0.0,0.0,0.0,1.0,train
390,2024,Maret,WTL,Wortel,1,1,0,0,1,1,150.0,0,12000,15000.0,0,15000.0,1,3,0,False,2024-03-01,23.4,316.2,325.0,1.0,6.123233995736766e-17,15000.0,5500.0,25,0.0,0.0,0.0,0.0,0.0,0.0,0.0,0.0,0.0,0.0,0.0,0.0,0.0,0.0,0.0,0.0,0.0,0.0,0.0,0.0,0.0,0.0,0.0,0.0,0.0,1.0,train
416,2024,April,WTL,Wortel,10,3,10,0,5,19,1467.0,903,4500,146700.0,90300,237000.0,13,4,0,True,2024-04-01,24.0,309.0,325.0,0.8660254037844387,-0.49999999999999983,15000.0,10500.0,25,0.0,0.0,0.0,0.0,0.0,0.0,0.0,0.0,0.0,0.0,0.0,0.0,0.0,0.0,0.0,0.0,0.0,0.0,0.0,0.0,0.0,0.0,0.0,0.0,0.0,1.0,train
442,2024,Mei,WTL,Wortel,9,2,3,0,18,14,1030.0,31,4500,103000.0,3100,106100.0,5,5,0,False,2024-05-01,24.2,285.2,325.0,0.49999999999999994,-0.8660254037844387,237000.0,89000.0,25,0.0,0.0,0.0,0.0,0.0,0.0,0.0,0.0,0.0,0.0,0.0,0.0,0.0,0.0,0.0,0.0,0.0,0.0,0.0,0.0,0.0,0.0,0.0,0.0,0.0,1.0,train
468,2024,Juni,WTL,Wortel,15,7,11,0,15,8,655.0,1357,4500,65500.0,135700,201200.0,18,6,0,False,2024-06-01,23.3,300.0,325.0,1.2246467991473532e-16,-1.0,106100.0,119366.66666666667,25,0.0,0.0,0.0,0.0,0.0,0.0,0.0,0.0,0.0,0.0,0.0,0.0,0.0,0.0,0.0,0.0,0.0,0.0,0.0,0.0,0.0,0.0,0.0,0.0,0.0,1.0,train
494,2024,Juli,WTL,Wortel,18,5,3,0,12,7,160.0,580,4500,16000.0,58000,74000.0,8,7,0,False,2024-07-01,22.9,120.9,325.0,-0.4999999999999998,-0.8660254037844388,201200.0,181433.33333333334,25,0.0,0.0,0.0,0.0,0.0,0.0,0.0,0.0,0.0,0.0,0.0,0.0,0.0,0.0,0.0,0.0,0.0,0.0,0.0,0.0,0.0,0.0,0.0,0.0,0.0,1.0,train
520,2024,Agustus,WTL,Wortel,15,5,5,0,18,5,224.0,1317,4500,22400.0,131700,154100.0,10,8,0,False,2024-08-01,23.8,114.7,325.0,-0.8660254037844384,-0.5000000000000004,74000.0,127100.0,25,0.0,0.0,0.0,0.0,0.0,0.0,0.0,0.0,0.0,0.0,0.0,0.0,0.0,0.0,0.0,0.0,0.0,0.0,0.0,0.0,0.0,0.0,0.0,0.0,0.0,1.0,train
546,2024,September,WTL,Wortel,7,3,5,0,12,19,266.0,79,4500,26600.0,7900,34500.0,8,9,0,False,2024-09-01,23.8,177.0,325.0,-1.0,-1.8369701987210297e-16,154100.0,143100.0,25,0.0,0.0,0.0,0.0,0.0,0.0,0.0,0.0,0.0,0.0,0.0,0.0,0.0,0.0,0.0,0.0,0.0,0.0,0.0,0.0,0.0,0.0,0.0,0.0,0.0,1.0,train
572,2024,Oktober,WTL,Wortel,11,6,1,0,6,9,651.0,974,4500,65100.0,97400,162500.0,7,10,0,False,2024-10-01,24.3,297.6,325.0,-0.8660254037844386,0.5000000000000001,34500.0,87533.33333333333,25,0.0,0.0,0.0,0.0,0.0,0.0,0.0,0.0,0.0,0.0,0.0,0.0,0.0,0.0,0.0,0.0,0.0,0.0,0.0,0.0,0.0,0.0,0.0,0.0,0.0,1.0,train
598,2024,November,WTL,Wortel,16,4,6,0,8,9,1330.0,731,4500,133000.0,73100,206100.0,10,11,0,True,2024-11-01,23.4,393.0,325.0,-0.5000000000000004,0.8660254037844384,162500.0,117033.33333333333,25,0.0,0.0,0.0,0.0,0.0,0.0,0.0,0.0,0.0,0.0,0.0,0.0,0.0,0.0,0.0,0.0,0.0,0.0,0.0,0.0,0.0,0.0,0.0,0.0,0.0,1.0,train
624,2024,Desember,WTL,Wortel,12,6,4,0,1,6,820.0,408,4500,82000.0,40800,122800.0,10,12,0,False,2024-12-01,23.2,384.4,325.0,-2.4492935982947064e-16,1.0,206100.0,134366.66666666666,25,0.0,0.0,0.0,0.0,0.0,0.0,0.0,0.0,0.0,0.0,0.0,0.0,0.0,0.0,0.0,0.0,0.0,0.0,0.0,0.0,0.0,0.0,0.0,0.0,0.0,1.0,train
650,2025,Januari,WTL,Wortel,4,1,0,0,1,4,180.0,0,8000,18000.0,0,18000.0,1,1,0,False,2025-01-01,22.8,282.1,325.0,0.49999999999999994,0.8660254037844387,122800.0,163800.0,25,0.0,0.0,0.0,0.0,0.0,0.0,0.0,0.0,0.0,0.0,0.0,0.0,0.0,0.0,0.0,0.0,0.0,0.0,0.0,0.0,0.0,0.0,0.0,0.0,0.0,1.0,train
676,2025,Februari,WTL,Wortel,4,1,0,0,1,4,180.0,0,4500,18000.0,0,18000.0,1,2,0,False,2025-02-01,22.7,305.2,325.0,0.8660254037844386,0.5000000000000001,18000.0,115633.33333333333,25,0.0,0.0,0.0,0.0,0.0,0.0,0.0,0.0,0.0,0.0,0.0,0.0,0.0,0.0,0.0,0.0,0.0,0.0,0.0,0.0,0.0,0.0,0.0,0.0,0.0,1.0,train
702,2025,Maret,WTL,Wortel,4,1,0,0,1,4,180.0,0,4500,18000.0,0,18000.0,1,3,0,False,2025-03-01,23.2,316.2,325.0,1.0,6.123233995736766e-17,18000.0,52933.333333333336,25,0.0,0.0,0.0,0.0,0.0,0.0,0.0,0.0,0.0,0.0,0.0,0.0,0.0,0.0,0.0,0.0,0.0,0.0,0.0,0.0,0.0,0.0,0.0,0.0,0.0,1.0,train
728,2025,April,WTL,Wortel,4,1,0,0,1,4,180.0,0,4500,18000.0,0,18000.0,1,4,0,False,2025-04-01,23.1,309.0,325.0,0.8660254037844387,-0.49999999999999983,18000.0,18000.0,25,0.0,0.0,0.0,0.0,0.0,0.0,0.0,0.0,0.0,0.0,0.0,0.0,0.0,0.0,0.0,0.0,0.0,0.0,0.0,0.0,0.0,0.0,0.0,0.0,0.0,1.0,train
754,2025,Mei,WTL,Wortel,4,1,0,0,1,4,180.0,0,4500,18000.0,0,18000.0,1,5,0,False,2025-05-01,23.4,285.2,325.0,0.49999999999999994,-0.8660254037844387,18000.0,18000.0,25,0.0,0.0,0.0,0.0,0.0,0.0,0.0,0.0,0.0,0.0,0.0,0.0,0.0,0.0,0.0,0.0,0.0,0.0,0.0,0.0,0.0,0.0,0.0,0.0,0.0,1.0,val
780,2025,Juni,WTL,Wortel,4,1,0,0,1,4,75.0,0,4500,7500.0,0,7500.0,1,6,0,False,2025-06-01,22.9,300.0,325.0,1.2246467991473532e-16,-1.0,18000.0,18000.0,25,0.0,0.0,0.0,0.0,0.0,0.0,0.0,0.0,0.0,0.0,0.0,0.0,0.0,0.0,0.0,0.0,0.0,0.0,0.0,0.0,0.0,0.0,0.0,0.0,0.0,1.0,val
806,2025,Juli,WTL,Wortel,4,0,0,0,0,4,0.0,0,0,0.0,0,0.0,0,7,1,False,2025-07-01,22.9,120.9,325.0,-0.4999999999999998,-0.8660254037844388,7500.0,14500.0,25,0.0,0.0,0.0,0.0,0.0,0.0,0.0,0.0,0.0,0.0,0.0,0.0,0.0,0.0,0.0,0.0,0.0,0.0,0.0,0.0,0.0,0.0,0.0,0.0,0.0,1.0,val
832,2025,Agustus,WTL,Wortel,4,0,0,0,0,4,0.0,0,0,0.0,0,0.0,0,8,1,False,2025-08-01,22.9,114.7,325.0,-0.8660254037844384,-0.5000000000000004,0.0,8500.0,25,0.0,0.0,0.0,0.0,0.0,0.0,0.0,0.0,0.0,0.0,0.0,0.0,0.0,0.0,0.0,0.0,0.0,0.0,0.0,0.0,0.0,0.0,0.0,0.0,0.0,1.0,val
858,2025,September,WTL,Wortel,4,0,0,0,0,4,0.0,0,0,0.0,0,0.0,0,9,1,False,2025-09-01,23.5,177.0,325.0,-1.0,-1.8369701987210297e-16,0.0,2500.0,25,0.0,0.0,0.0,0.0,0.0,0.0,0.0,0.0,0.0,0.0,0.0,0.0,0.0,0.0,0.0,0.0,0.0,0.0,0.0,0.0,0.0,0.0,0.0,0.0,0.0,1.0,val
884,2025,Oktober,WTL,Wortel,4,0,0,0,0,4,0.0,0,0,0.0,0,0.0,0,10,1,False,2025-10-01,23.9,297.6,325.0,-0.8660254037844386,0.5000000000000001,0.0,0.0,25,0.0,0.0,0.0,0.0,0.0,0.0,0.0,0.0,0.0,0.0,0.0,0.0,0.0,0.0,0.0,0.0,0.0,0.0,0.0,0.0,0.0,0.0,0.0,0.0,0.0,1.0,test
910,2025,November,WTL,Wortel,4,0,0,0,0,4,0.0,0,0,0.0,0,0.0,0,11,1,False,2025-11-01,23.5,393.0,325.0,-0.5000000000000004,0.8660254037844384,0.0,0.0,25,0.0,0.0,0.0,0.0,0.0,0.0,0.0,0.0,0.0,0.0,0.0,0.0,0.0,0.0,0.0,0.0,0.0,0.0,0.0,0.0,0.0,0.0,0.0,0.0,0.0,1.0,test
936,2025,Desember,WTL,Wortel,4,0,0,0,0,4,0.0,0,0,0.0,0,0.0,0,12,1,False,2025-12-01,23.2,384.4,325.0,-2.4492935982947064e-16,1.0,0.0,0.0,25,0.0,0.0,0.0,0.0,0.0,0.0,0.0,0.0,0.0,0.0,0.0,0.0,0.0,0.0,0.0,0.0,0.0,0.0,0.0,0.0,0.0,0.0,0.0,0.0,0.0,1.0,test
964,2026,Januari,WTL,Wortel,4,1,0,0,0,3,15.0,0,5000,1500.0,0,1500.0,1,1,0,False,2026-01-01,22.2,282.1,325.0,0.49999999999999994,0.8660254037844387,0.0,0.0,25,0.0,0.0,0.0,0.0,0.0,0.0,0.0,0.0,0.0,0.0,0.0,0.0,0.0,0.0,0.0,0.0,0.0,0.0,0.0,0.0,0.0,0.0,0.0,0.0,0.0,1.0,test
992,2026,Februari,WTL,Wortel,3,2,0,0,0,1,150.0,0,6000,15000.0,0,15000.0,2,2,0,False,2026-02-01,22.5,306.3,325.0,0.8660254037844386,0.5000000000000001,1500.0,500.0,25,0.0,0.0,0.0,0.0,0.0,0.0,0.0,0.0,0.0,0.0,0.0,0.0,0.0,0.0,0.0,0.0,0.0,0.0,0.0,0.0,0.0,0.0,0.0,0.0,0.0,1.0,test
1020,2026,Maret,WTL,Wortel,1,1,0,0,1,1,150.0,0,12000,15000.0,0,15000.0,1,3,0,False,2026-03-01,23.0,315.8,325.0,1.0,6.123233995736766e-17,15000.0,5500.0,25,0.0,0.0,0.0,0.0,0.0,0.0,0.0,0.0,0.0,0.0,0.0,0.0,0.0,0.0,0.0,0.0,0.0,0.0,0.0,0.0,0.0,0.0,0.0,0.0,0.0,1.0,test
