No,Tahun,Bulan,Kode,Nama,Luas Tan Akhir Bulan Lalu,Luas Panen Habis,Luas Panen Belum Habis,Luas Rusak,Luas Tambah Tanam,Luas Tan Akhir,Produksi Habis (Kw),Produksi Belum Habis (Kw),Harga Jual Petani (Rp/Kg),Produksi_Habis_kg,Produksi_BelumHabis_kg,Produksi_kg,Luas_Panen_ha,Bulan_Angka,is_zero_produksi,is_outlier,Periode,Suhu_Rata,Curah_Hujan,Total_Pupuk_Kg,bulan_sin,bulan_cos,lag1_produksi,rolling3_produksi,komoditas_id,komoditas_oh_Bawang Daun,komoditas_oh_Bawang Merah,komoditas_oh_Bawang Putih,komoditas_oh_Bayam,komoditas_oh_Buncis,komoditas_oh_Cabai Besar,komoditas_oh_Cabai Keriting,komoditas_oh_Cabai Rawit,komoditas_oh_Jamur Lainnya,komoditas_oh_Jamur Merang,komoditas_oh_Jamur Tiram,komoditas_oh_Kacang Panjang,komoditas_oh_Kangkung,komoditas_oh_Kembang Kol,komoditas_oh_Kentang,komoditas_oh_Kubis,komoditas_oh_Labu Siam,komoditas_oh_Melon,komoditas_oh_Mentimun,komoditas_oh_Paprika,komoditas_oh_Petsai/Sawi,komoditas_oh_Semangka,komoditas_oh_Stroberi,komoditas_oh_Terung,komoditas_oh_Tomat,komoditas_oh_Wortel,split
79,2023,April,BWD,Bawang Daun,10,2,0,0,2,10,360.0,0,5500,36000.0,0,0.15293118096856415,0.125,4,0,False,2023-04-01,0.2068965517241379,0.6981674452030183,0.0,0.9330127018922194,0.2500000000000001,0.2293967714528462,0.1580183642963912,0,1.0,0.0,0.0,0.0,0.0,0.0,0.0,0.0,0.0,0.0,0.0,0.0,0.0,0.0,0.0,0.0,0.0,0.0,0.0,0.0,0.0,0.0,0.0,0.0,0.0,0.0,train
105,2023,Mei,BWD,Bawang Daun,10,1,0,0,1,10,180.0,0,5500,18000.0,0,0.07646559048428207,0.0625,5,0,False,2023-05-01,0.3103448275862073,0.6126482213438734,0.0,0.75,0.06698729810778065,0.15293118096856415,0.1964552637198377,0,1.0,0.0,0.0,0.0,0.0,0.0,0.0,0.0,0.0,0.0,0.0,0.0,0.0,0.0,0.0,0.0,0.0,0.0,0.0,0.0,0.0,0.0,0.0,0.0,0.0,0.0,train
131,2023,Juni,BWD,Bawang Daun,10,1,0,0,1,10,80.0,0,5500,8000.0,0,0.033984706881903144,0.0625,6,0,False,2023-06-01,0.2068965517241379,0.6658282429033416,0.0,0.5000000000000001,0.0,0.07646559048428207,0.1580183642963912,0,1.0,0.0,0.0,0.0,0.0,0.0,0.0,0.0,0.0,0.0,0.0,0.0,0.0,0.0,0.0,0.0,0.0,0.0,0.0,0.0,0.0,0.0,0.0,0.0,0.0,0.0,train
157,2023,Juli,BWD,Bawang Daun,10,2,0,0,2,10,120.0,0,7500,12000.0,0,0.05097706032285471,0.125,7,0,False,2023-07-01,0.1034482758620694,0.02227811713977723,0.0,0.2500000000000001,0.06698729810778059,0.033984706881903144,0.059790732436472344,0,1.0,0.0,0.0,0.0,0.0,0.0,0.0,0.0,0.0,0.0,0.0,0.0,0.0,0.0,0.0,0.0,0.0,0.0,0.0,0.0,0.0,0.0,0.0,0.0,0.0,0.0,train
183,2023,Agustus,BWD,Bawang Daun,10,2,0,0,2,10,140.0,0,6000,14000.0,0,0.0594732370433305,0.125,8,0,False,2023-08-01,0.4137931034482749,0.0,0.0,0.06698729810778081,0.24999999999999978,0.05097706032285471,0.008541533205210325,0,1.0,0.0,0.0,0.0,0.0,0.0,0.0,0.0,0.0,0.0,0.0,0.0,0.0,0.0,0.0,0.0,0.0,0.0,0.0,0.0,0.0,0.0,0.0,0.0,0.0,0.0,train
209,2023,September,BWD,Bawang Daun,10,2,0,0,2,10,160.0,0,8000,16000.0,0,0.06796941376380629,0.125,9,0,False,2023-09-01,0.7241379310344831,0.22385914480776137,0.0,0.0,0.4999999999999999,0.0594732370433305,0.0,0,1.0,0.0,0.0,0.0,0.0,0.0,0.0,0.0,0.0,0.0,0.0,0.0,0.0,0.0,0.0,0.0,0.0,0.0,0.0,0.0,0.0,0.0,0.0,0.0,0.0,0.0,train
235,2023,Oktober,BWD,Bawang Daun,10,2,0,0,2,10,145.0,0,7000,14500.0,0,0.06159728122344944,0.125,10,0,False,2023-10-01,1.0000000000000009,0.6572044556234279,0.0,0.0669872981077807,0.75,0.06796941376380629,0.017083066410420664,0,1.0,0.0,0.0,0.0,0.0,0.0,0.0,0.0,0.0,0.0,0.0,0.0,0.0,0.0,0.0,0.0,0.0,0.0,0.0,0.0,0.0,0.0,0.0,0.0,0.0,0.0,train
261,2023,November,BWD,Bawang Daun,10,5,0,0,5,10,375.0,0,8000,37500.0,0,0.159303313508921,0.3125,11,0,False,2023-11-01,0.4827586206896557,0.9999999999999999,0.0,0.24999999999999978,0.9330127018922192,0.06159728122344944,0.02242152466367714,0,1.0,0.0,0.0,0.0,0.0,0.0,0.0,0.0,0.0,0.0,0.0,0.0,0.0,0.0,0.0,0.0,0.0,0.0,0.0,0.0,0.0,0.0,0.0,0.0,0.0,0.0,train
287,2023,Desember,BWD,Bawang Daun,10,3,0,0,3,10,240.0,0,8000,24000.0,0,0.10195412064570943,0.1875,12,0,False,2023-12-01,0.4137931034482749,0.9690980955803089,0.0,0.4999999999999999,1.0,0.159303313508921,0.07260303224428785,0,1.0,0.0,0.0,0.0,0.0,0.0,0.0,0.0,0.0,0.0,0.0,0.0,0.0,0.0,0.0,0.0,0.0,0.0,0.0,0.0,0.0,0.0,0.0,0.0,0.0,0.0,train
313,2024,Januari,BWD,Bawang Daun,10,3,0,0,7,14,600.0,0,6000,60000.0,0,0.2548853016142736,0.1875,1,0,False,2024-01-01,0.2413793103448283,0.6015091627739849,0.0,0.75,0.9330127018922194,0.10195412064570943,0.0896860986547085,0,1.0,0.0,0.0,0.0,0.0,0.0,0.0,0.0,0.0,0.0,0.0,0.0,0.0,0.0,0.0,0.0,0.0,0.0,0.0,0.0,0.0,0.0,0.0,0.0,0.0,0.0,train
339,2024,Februari,BWD,Bawang Daun,14,3,0,0,2,13,600.0,0,8000,60000.0,0,0.2548853016142736,0.1875,2,0,False,2024-02-01,0.2758620689655169,0.7236794825727632,0.0,0.9330127018922193,0.75,0.2548853016142736,0.18684603886397608,0,1.0,0.0,0.0,0.0,0.0,0.0,0.0,0.0,0.0,0.0,0.0,0.0,0.0,0.0,0.0,0.0,0.0,0.0,0.0,0.0,0.0,0.0,0.0,0.0,0.0,0.0,train
365,2024,Maret,BWD,Bawang Daun,13,3,0,0,6,16,600.0,0,10000,60000.0,0,0.2548853016142736,0.1875,3,0,False,2024-03-01,0.2413793103448283,0.7240388070427596,0.0,1.0,0.5,0.2548853016142736,0.23489216314328423,0,1.0,0.0,0.0,0.0,0.0,0.0,0.0,0.0,0.0,0.0,0.0,0.0,0.0,0.0,0.0,0.0,0.0,0.0,0.0,0.0,0.0,0.0,0.0,0.0,0.0,0.0,train
391,2024,April,BWD,Bawang Daun,18,2,14,0,1,17,100.0,1264,6000,10000.0,126400,0.5794392523364486,1.0,4,0,True,2024-04-01,0.4482758620689653,0.6981674452030183,0.0,0.9330127018922194,0.2500000000000001,0.2548853016142736,0.31176596199017725,0,1.0,0.0,0.0,0.0,0.0,0.0,0.0,0.0,0.0,0.0,0.0,0.0,0.0,0.0,0.0,0.0,0.0,0.0,0.0,0.0,0.0,0.0,0.0,0.0,0.0,0.0,train
417,2024,Mei,BWD,Bawang Daun,9,6,4,0,11,10,315.0,990,6000,31500.0,99000,0.554375531011045,0.625,5,0,True,2024-05-01,0.5172413793103443,0.6126482213438734,0.0,0.75,0.06698729810778065,0.5794392523364486,0.47490924620969466,0,1.0,0.0,0.0,0.0,0.0,0.0,0.0,0.0,0.0,0.0,0.0,0.0,0.0,0.0,0.0,0.0,0.0,0.0,0.0,0.0,0.0,0.0,0.0,0.0,0.0,0.0,train
443,2024,Juni,BWD,Bawang Daun,12,1,14,0,10,13,974.0,1380,6000,97400.0,138000,1.0,0.9375,6,0,True,2024-06-01,0.2068965517241379,0.6658282429033416,0.0,0.5000000000000001,0.0,0.554375531011045,0.6254537689515268,0,1.0,0.0,0.0,0.0,0.0,0.0,0.0,0.0,0.0,0.0,0.0,0.0,0.0,0.0,0.0,0.0,0.0,0.0,0.0,0.0,0.0,0.0,0.0,0.0,0.0,0.0,train
469,2024,Juli,BWD,Bawang Daun,14,6,9,0,13,4,443.0,529,6000,44300.0,52900,0.4129141886151232,0.9375,7,0,False,2024-07-01,0.068965517241379,0.02227811713977723,0.0,0.2500000000000001,0.06698729810778059,1.0,1.0,0,1.0,0.0,0.0,0.0,0.0,0.0,0.0,0.0,0.0,0.0,0.0,0.0,0.0,0.0,0.0,0.0,0.0,0.0,0.0,0.0,0.0,0.0,0.0,0.0,0.0,0.0,train
495,2024,Agustus,BWD,Bawang Daun,0,0,0,0,0,0,0.0,0,6260,0.0,0,0.0,0.0,8,1,False,2024-08-01,0.3793103448275863,0.0,0.0,0.06698729810778081,0.24999999999999978,0.4129141886151232,0.9162929745889387,0,1.0,0.0,0.0,0.0,0.0,0.0,0.0,0.0,0.0,0.0,0.0,0.0,0.0,0.0,0.0,0.0,0.0,0.0,0.0,0.0,0.0,0.0,0.0,0.0,0.0,0.0,train
521,2024,September,BWD,Bawang Daun,5,8,1,0,14,5,251.0,708,6000,25100.0,70800,0.4073916737468139,0.5625,9,0,False,2024-09-01,0.3793103448275863,0.22385914480776137,0.0,0.0,0.4999999999999999,0.0,0.6376254537689515,0,1.0,0.0,0.0,0.0,0.0,0.0,0.0,0.0,0.0,0.0,0.0,0.0,0.0,0.0,0.0,0.0,0.0,0.0,0.0,0.0,0.0,0.0,0.0,0.0,0.0,0.0,train
547,2024,Oktober,BWD,Bawang Daun,6,6,7,0,9,2,557.0,1279,6000,55700.0,127900,0.7799490229396772,0.8125,10,0,True,2024-10-01,0.5517241379310347,0.6572044556234279,0.0,0.0669872981077807,0.75,0.4073916737468139,0.3397394832372411,0,1.0,0.0,0.0,0.0,0.0,0.0,0.0,0.0,0.0,0.0,0.0,0.0,0.0,0.0,0.0,0.0,0.0,0.0,0.0,0.0,0.0,0.0,0.0,0.0,0.0,0.0,train
573,2024,November,BWD,Bawang Daun,5,3,4,0,1,5,120.0,782,6000,12000.0,78200,0.38317757009345793,0.4375,11,0,False,2024-11-01,0.2413793103448283,0.9999999999999999,0.0,0.24999999999999978,0.9330127018922192,0.7799490229396772,0.5242366004697844,0,1.0,0.0,0.0,0.0,0.0,0.0,0.0,0.0,0.0,0.0,0.0,0.0,0.0,0.0,0.0,0.0,0.0,0.0,0.0,0.0,0.0,0.0,0.0,0.0,0.0,0.0,train
599,2024,Desember,BWD,Bawang Daun,7,3,8,0,5,17,767.0,905,6000,76700.0,90500,0.7102803738317757,0.6875,12,0,True,2024-12-01,0.1724137931034484,0.9690980955803089,0.0,0.4999999999999999,1.0,0.38317757009345793,0.7168481742472773,0,1.0,0.0,0.0,0.0,0.0,0.0,0.0,0.0,0.0,0.0,0.0,0.0,0.0,0.0,0.0,0.0,0.0,0.0,0.0,0.0,0.0,0.0,0.0,0.0,0.0,0.0,train
625,2025,Januari,BWD,Bawang Daun,9,1,0,0,2,10,180.0,0,5000,18000.0,0,0.07646559048428207,0.0625,1,0,False,2025-01-01,0.03448275862069039,0.6015091627739849,0.0,0.75,0.9330127018922194,0.7102803738317757,0.8691010036301516,0,1.0,0.0,0.0,0.0,0.0,0.0,0.0,0.0,0.0,0.0,0.0,0.0,0.0,0.0,0.0,0.0,0.0,0.0,0.0,0.0,0.0,0.0,0.0,0.0,0.0,0.0,train
651,2025,Februari,BWD,Bawang Daun,10,2,0,0,3,11,360.0,0,5500,36000.0,0,0.15293118096856415,0.125,2,0,False,2025-02-01,0.0,0.6845131153431548,0.0,0.9330127018922193,0.75,0.07646559048428207,0.5154815289344437,0,1.0,0.0,0.0,0.0,0.0,0.0,0.0,0.0,0.0,0.0,0.0,0.0,0.0,0.0,0.0,0.0,0.0,0.0,0.0,0.0,0.0,0.0,0.0,0.0,0.0,0.0,train
677,2025,Maret,BWD,Bawang Daun,11,3,0,0,2,10,540.0,0,5500,54000.0,0,0.2293967714528462,0.1875,3,0,False,2025-03-01,0.1724137931034484,0.7240388070427596,0.0,1.0,0.5,0.15293118096856415,0.39974375400384365,0,1.0,0.0,0.0,0.0,0.0,0.0,0.0,0.0,0.0,0.0,0.0,0.0,0.0,0.0,0.0,0.0,0.0,0.0,0.0,0.0,0.0,0.0,0.0,0.0,0.0,0.0,train
703,2025,April,BWD,Bawang Daun,10,2,0,0,2,10,360.0,0,5500,36000.0,0,0.15293118096856415,0.125,4,0,False,2025-04-01,0.13793103448275978,0.6981674452030183,0.0,0.9330127018922194,0.2500000000000001,0.2293967714528462,0.1580183642963912,0,1.0,0.0,0.0,0.0,0.0,0.0,0.0,0.0,0.0,0.0,0.0,0.0,0.0,0.0,0.0,0.0,0.0,0.0,0.0,0.0,0.0,0.0,0.0,0.0,0.0,0.0,train
729,2025,Mei,BWD,Bawang Daun,10,1,0,0,1,10,180.0,0,5500,18000.0,0,0.07646559048428207,0.0625,5,0,False,2025-05-01,0.2413793103448283,0.6126482213438734,0.0,0.75,0.06698729810778065,0.15293118096856415,0.1964552637198377,0,1.0,0.0,0.0,0.0,0.0,0.0,0.0,0.0,0.0,0.0,0.0,0.0,0.0,0.0,0.0,0.0,0.0,0.0,0.0,0.0,0.0,0.0,0.0,0.0,0.0,0.0,val
755,2025,Juni,BWD,Bawang Daun,10,1,0,0,1,10,80.0,0,5500,8000.0,0,0.033984706881903144,0.0625,6,0,False,2025-06-01,0.068965517241379,0.6658282429033416,0.0,0.5000000000000001,0.0,0.07646559048428207,0.1580183642963912,0,1.0,0.0,0.0,0.0,0.0,0.0,0.0,0.0,0.0,0.0,0.0,0.0,0.0,0.0,0.0,0.0,0.0,0.0,0.0,0.0,0.0,0.0,0.0,0.0,0.0,0.0,val
781,2025,Juli,BWD,Bawang Daun,10,2,0,0,2,10,120.0,0,7500,12000.0,0,0.05097706032285471,0.125,7,0,False,2025-07-01,0.068965517241379,0.02227811713977723,0.0,0.2500000000000001,0.06698729810778059,0.033984706881903144,0.059790732436472344,0,1.0,0.0,0.0,0.0,0.0,0.0,0.0,0.0,0.0,0.0,0.0,0.0,0.0,0.0,0.0,0.0,0.0,0.0,0.0,0.0,0.0,0.0,0.0,0.0,0.0,0.0,val
807,2025,Agustus,BWD,Bawang Daun,10,2,0,0,2,10,140.0,0,6000,14000.0,0,0.0594732370433305,0.125,8,0,False,2025-08-01,0.068965517241379,0.0,0.0,0.06698729810778081,0.24999999999999978,0.05097706032285471,0.008541533205210325,0,1.0,0.0,0.0,0.0,0.0,0.0,0.0,0.0,0.0,0.0,0.0,0.0,0.0,0.0,0.0,0.0,0.0,0.0,0.0,0.0,0.0,0.0,0.0,0.0,0.0,0.0,val
833,2025,September,BWD,Bawang Daun,10,2,0,0,2,10,160.0,0,8000,16000.0,0,0.06796941376380629,0.125,9,0,False,2025-09-01,0.2758620689655169,0.22385914480776137,0.0,0.0,0.4999999999999999,0.0594732370433305,0.0,0,1.0,0.0,0.0,0.0,0.0,0.0,0.0,0.0,0.0,0.0,0.0,0.0,0.0,0.0,0.0,0.0,0.0,0.0,0.0,0.0,0.0,0.0,0.0,0.0,0.0,0.0,val
859,2025,Oktober,BWD,Bawang Daun,10,2,0,0,2,10,145.0,0,7000,14500.0,0,0.06159728122344944,0.125,10,0,False,2025-10-01,0.4137931034482749,0.6572044556234279,0.0,0.0669872981077807,0.75,0.06796941376380629,0.017083066410420664,0,1.0,0.0,0.0,0.0,0.0,0.0,0.0,0.0,0.0,0.0,0.0,0.0,0.0,0.0,0.0,0.0,0.0,0.0,0.0,0.0,0.0,0.0,0.0,0.0,0.0,0.0,test
885,2025,November,BWD,Bawang Daun,10,5,0,0,5,10,375.0,0,8000,37500.0,0,0.159303313508921,0.3125,11,0,False,2025-11-01,0.2758620689655169,0.9999999999999999,0.0,0.24999999999999978,0.9330127018922192,0.06159728122344944,0.02242152466367714,0,1.0,0.0,0.0,0.0,0.0,0.0,0.0,0.0,0.0,0.0,0.0,0.0,0.0,0.0,0.0,0.0,0.0,0.0,0.0,0.0,0.0,0.0,0.0,0.0,0.0,0.0,test
911,2025,Desember,BWD,Bawang Daun,10,3,0,0,3,10,240.0,0,8000,24000.0,0,0.10195412064570943,0.1875,12,0,False,2025-12-01,0.1724137931034484,0.9690980955803089,0.0,0.4999999999999999,1.0,0.159303313508921,0.07260303224428785,0,1.0,0.0,0.0,0.0,0.0,0.0,0.0,0.0,0.0,0.0,0.0,0.0,0.0,0.0,0.0,0.0,0.0,0.0,0.0,0.0,0.0,0.0,0.0,0.0,0.0,0.0,test
937,2026,Januari,BWD,Bawang Daun,10,3,0,0,7,14,600.0,0,6000,60000.0,0,0.2548853016142736,0.1875,1,0,False,2026-01-01,-0.1724137931034475,0.6015091627739849,0.0,0.75,0.9330127018922194,0.10195412064570943,0.0896860986547085,0,1.0,0.0,0.0,0.0,0.0,0.0,0.0,0.0,0.0,0.0,0.0,0.0,0.0,0.0,0.0,0.0,0.0,0.0,0.0,0.0,0.0,0.0,0.0,0.0,0.0,0.0,test
965,2026,Februari,BWD,Bawang Daun,14,3,0,0,2,13,600.0,0,8000,60000.0,0,0.2548853016142736,0.1875,2,0,False,2026-02-01,-0.068965517241379,0.6884656845131153,0.0,0.9330127018922193,0.75,0.2548853016142736,0.18684603886397608,0,1.0,0.0,0.0,0.0,0.0,0.0,0.0,0.0,0.0,0.0,0.0,0.0,0.0,0.0,0.0,0.0,0.0,0.0,0.0,0.0,0.0,0.0,0.0,0.0,0.0,0.0,test
993,2026,Maret,BWD,Bawang Daun,13,3,0,0,6,16,600.0,0,10000,60000.0,0,0.2548853016142736,0.1875,3,0,False,2026-03-01,0.1034482758620694,0.7226015091627739,0.0,1.0,0.5,0.2548853016142736,0.23489216314328423,0,1.0,0.0,0.0,0.0,0.0,0.0,0.0,0.0,0.0,0.0,0.0,0.0,0.0,0.0,0.0,0.0,0.0,0.0,0.0,0.0,0.0,0.0,0.0,0.0,0.0,0.0,test
80,2023,April,BMR,Bawang Merah,0,0,0,0,0,0,0.0,0,0,0.0,0,0.0,0.0,4,1,False,2023-04-01,0.2068965517241379,0.6981674452030183,0.0,0.9330127018922194,0.2500000000000001,0.0,0.0,1,0.0,1.0,0.0,0.0,0.0,0.0,0.0,0.0,0.0,0.0,0.0,0.0,0.0,0.0,0.0,0.0,0.0,0.0,0.0,0.0,0.0,0.0,0.0,0.0,0.0,0.0,train
106,2023,Mei,BMR,Bawang Merah,0,0,0,0,0,0,0.0,0,0,0.0,0,0.0,0.0,5,1,False,2023-05-01,0.3103448275862073,0.6126482213438734,0.0,0.75,0.06698729810778065,0.0,0.0,1,0.0,1.0,0.0,0.0,0.0,0.0,0.0,0.0,0.0,0.0,0.0,0.0,0.0,0.0,0.0,0.0,0.0,0.0,0.0,0.0,0.0,0.0,0.0,0.0,0.0,0.0,train
132,2023,Juni,BMR,Bawang Merah,0,0,0,0,0,0,0.0,0,0,0.0,0,0.0,0.0,6,1,False,2023-06-01,0.2068965517241379,0.6658282429033416,0.0,0.5000000000000001,0.0,0.0,0.0,1,0.0,1.0,0.0,0.0,0.0,0.0,0.0,0.0,0.0,0.0,0.0,0.0,0.0,0.0,0.0,0.0,0.0,0.0,0.0,0.0,0.0,0.0,0.0,0.0,0.0,0.0,train
158,2023,Juli,BMR,Bawang Merah,0,0,0,0,0,0,0.0,0,0,0.0,0,0.0,0.0,7,1,False,2023-07-01,0.1034482758620694,0.02227811713977723,0.0,0.2500000000000001,0.06698729810778059,0.0,0.0,1,0.0,1.0,0.0,0.0,0.0,0.0,0.0,0.0,0.0,0.0,0.0,0.0,0.0,0.0,0.0,0.0,0.0,0.0,0.0,0.0,0.0,0.0,0.0,0.0,0.0,0.0,train
184,2023,Agustus,BMR,Bawang Merah,0,0,0,0,0,0,0.0,0,0,0.0,0,0.0,0.0,8,1,False,2023-08-01,0.4137931034482749,0.0,0.0,0.06698729810778081,0.24999999999999978,0.0,0.0,1,0.0,1.0,0.0,0.0,0.0,0.0,0.0,0.0,0.0,0.0,0.0,0.0,0.0,0.0,0.0,0.0,0.0,0.0,0.0,0.0,0.0,0.0,0.0,0.0,0.0,0.0,train
210,2023,September,BMR,Bawang Merah,0,0,0,0,0,0,0.0,0,0,0.0,0,0.0,0.0,9,1,False,2023-09-01,0.7241379310344831,0.22385914480776137,0.0,0.0,0.4999999999999999,0.0,0.0,1,0.0,1.0,0.0,0.0,0.0,0.0,0.0,0.0,0.0,0.0,0.0,0.0,0.0,0.0,0.0,0.0,0.0,0.0,0.0,0.0,0.0,0.0,0.0,0.0,0.0,0.0,train
236,2023,Oktober,BMR,Bawang Merah,0,0,0,0,0,0,0.0,0,0,0.0,0,0.0,0.0,10,1,False,2023-10-01,1.0000000000000009,0.6572044556234279,0.0,0.0669872981077807,0.75,0.0,0.0,1,0.0,1.0,0.0,0.0,0.0,0.0,0.0,0.0,0.0,0.0,0.0,0.0,0.0,0.0,0.0,0.0,0.0,0.0,0.0,0.0,0.0,0.0,0.0,0.0,0.0,0.0,train
262,2023,November,BMR,Bawang Merah,0,0,0,0,0,0,0.0,0,0,0.0,0,0.0,0.0,11,1,False,2023-11-01,0.4827586206896557,0.9999999999999999,0.0,0.24999999999999978,0.9330127018922192,0.0,0.0,1,0.0,1.0,0.0,0.0,0.0,0.0,0.0,0.0,0.0,0.0,0.0,0.0,0.0,0.0,0.0,0.0,0.0,0.0,0.0,0.0,0.0,0.0,0.0,0.0,0.0,0.0,train
288,2023,Desember,BMR,Bawang Merah,0,0,0,0,0,0,0.0,0,0,0.0,0,0.0,0.0,12,1,False,2023-12-01,0.4137931034482749,0.9690980955803089,0.0,0.4999999999999999,1.0,0.0,0.0,1,0.0,1.0,0.0,0.0,0.0,0.0,0.0,0.0,0.0,0.0,0.0,0.0,0.0,0.0,0.0,0.0,0.0,0.0,0.0,0.0,0.0,0.0,0.0,0.0,0.0,0.0,train
314,2024,Januari,BMR,Bawang Merah,0,0,0,0,2,2,0.0,0,35000,0.0,0,0.0,0.0,1,1,False,2024-01-01,0.2413793103448283,0.6015091627739849,0.0,0.75,0.9330127018922194,0.0,0.0,1,0.0,1.0,0.0,0.0,0.0,0.0,0.0,0.0,0.0,0.0,0.0,0.0,0.0,0.0,0.0,0.0,0.0,0.0,0.0,0.0,0.0,0.0,0.0,0.0,0.0,0.0,train
340,2024,Februari,BMR,Bawang Merah,2,0,0,0,1,3,0.0,0,35000,0.0,0,0.0,0.0,2,1,False,2024-02-01,0.2758620689655169,0.7236794825727632,0.0,0.9330127018922193,0.75,0.0,0.0,1,0.0,1.0,0.0,0.0,0.0,0.0,0.0,0.0,0.0,0.0,0.0,0.0,0.0,0.0,0.0,0.0,0.0,0.0,0.0,0.0,0.0,0.0,0.0,0.0,0.0,0.0,train
366,2024,Maret,BMR,Bawang Merah,3,2,0,0,1,2,300.0,0,35000,30000.0,0,0.11723329425556858,0.10526315789473684,3,0,False,2024-03-01,0.2413793103448283,0.7240388070427596,0.0,1.0,0.5,0.0,0.0,1,0.0,1.0,0.0,0.0,0.0,0.0,0.0,0.0,0.0,0.0,0.0,0.0,0.0,0.0,0.0,0.0,0.0,0.0,0.0,0.0,0.0,0.0,0.0,0.0,0.0,0.0,train
392,2024,April,BMR,Bawang Merah,16,8,7,0,2,2,1599.0,504,35000,159900.0,50400,0.8218053927315357,0.7894736842105263,4,0,False,2024-04-01,0.4482758620689653,0.6981674452030183,0.0,0.9330127018922194,0.2500000000000001,0.11723329425556858,0.051661787497847424,1,0.0,1.0,0.0,0.0,0.0,0.0,0.0,0.0,0.0,0.0,0.0,0.0,0.0,0.0,0.0,0.0,0.0,0.0,0.0,0.0,0.0,0.0,0.0,0.0,0.0,0.0,train
418,2024,Mei,BMR,Bawang Merah,0,0,0,0,0,0,0.0,0,35000,0.0,0,0.0,0.0,5,1,False,2024-05-01,0.5172413793103443,0.6126482213438734,0.0,0.75,0.06698729810778065,0.8218053927315357,0.41381091785775787,1,0.0,1.0,0.0,0.0,0.0,0.0,0.0,0.0,0.0,0.0,0.0,0.0,0.0,0.0,0.0,0.0,0.0,0.0,0.0,0.0,0.0,0.0,0.0,0.0,0.0,0.0,train
444,2024,Juni,BMR,Bawang Merah,0,0,0,0,0,0,0.0,0,35000,0.0,0,0.0,0.0,6,1,False,2024-06-01,0.2068965517241379,0.6658282429033416,0.0,0.5000000000000001,0.0,0.0,0.41381091785775787,1,0.0,1.0,0.0,0.0,0.0,0.0,0.0,0.0,0.0,0.0,0.0,0.0,0.0,0.0,0.0,0.0,0.0,0.0,0.0,0.0,0.0,0.0,0.0,0.0,0.0,0.0,train
470,2024,Juli,BMR,Bawang Merah,8,7,12,0,8,5,856.0,18,35000,85600.0,1800,0.3415396639312231,1.0,7,0,False,2024-07-01,0.068965517241379,0.02227811713977723,0.0,0.2500000000000001,0.06698729810778059,0.0,0.3621491303599105,1,0.0,1.0,0.0,0.0,0.0,0.0,0.0,0.0,0.0,0.0,0.0,0.0,0.0,0.0,0.0,0.0,0.0,0.0,0.0,0.0,0.0,0.0,0.0,0.0,0.0,0.0,train
496,2024,Agustus,BMR,Bawang Merah,6,3,11,0,14,13,888.0,962,35000,88800.0,96200,0.7229386479093396,0.7368421052631579,8,0,False,2024-08-01,0.3793103448275863,0.0,0.0,0.06698729810778081,0.24999999999999978,0.3415396639312231,0.15050800757706218,1,0.0,1.0,0.0,0.0,0.0,0.0,0.0,0.0,0.0,0.0,0.0,0.0,0.0,0.0,0.0,0.0,0.0,0.0,0.0,0.0,0.0,0.0,0.0,0.0,0.0,0.0,train
522,2024,September,BMR,Bawang Merah,4,1,11,0,11,11,1134.0,1425,35000,113400.0,142500,1.0,0.631578947368421,9,0,False,2024-09-01,0.3793103448275863,0.22385914480776137,0.0,0.0,0.4999999999999999,0.7229386479093396,0.46908903048045464,1,0.0,1.0,0.0,0.0,0.0,0.0,0.0,0.0,0.0,0.0,0.0,0.0,0.0,0.0,0.0,0.0,0.0,0.0,0.0,0.0,0.0,0.0,0.0,0.0,0.0,0.0,train
548,2024,Oktober,BMR,Bawang Merah,5,3,6,0,13,15,1320.0,78,35000,132000.0,7800,0.5463071512309495,0.47368421052631576,10,0,False,2024-10-01,0.5517241379310347,0.6572044556234279,0.0,0.0669872981077807,0.75,1.0,0.9097640778370932,1,0.0,1.0,0.0,0.0,0.0,0.0,0.0,0.0,0.0,0.0,0.0,0.0,0.0,0.0,0.0,0.0,0.0,0.0,0.0,0.0,0.0,0.0,0.0,0.0,0.0,0.0,train
574,2024,November,BMR,Bawang Merah,9,7,12,0,9,7,2.0,881,35000,200.0,88100,0.3450566627588902,1.0,11,0,False,2024-11-01,0.2413793103448283,0.9999999999999999,0.0,0.24999999999999978,0.9330127018922192,0.5463071512309495,1.0,1,0.0,1.0,0.0,0.0,0.0,0.0,0.0,0.0,0.0,0.0,0.0,0.0,0.0,0.0,0.0,0.0,0.0,0.0,0.0,0.0,0.0,0.0,0.0,0.0,0.0,0.0,train
600,2024,Desember,BMR,Bawang Merah,4,1,12,0,13,8,670.0,1591,35000,67000.0,159100,0.8835482610394685,0.6842105263157894,12,0,False,2024-12-01,0.1724137931034484,0.9690980955803089,0.0,0.4999999999999999,1.0,0.3450566627588902,0.8334768382986052,1,0.0,1.0,0.0,0.0,0.0,0.0,0.0,0.0,0.0,0.0,0.0,0.0,0.0,0.0,0.0,0.0,0.0,0.0,0.0,0.0,0.0,0.0,0.0,0.0,0.0,0.0,train
626,2025,Januari,BMR,Bawang Merah,0,0,0,0,0,0,0.0,0,0,0.0,0,0.0,0.0,1,1,False,2025-01-01,0.03448275862069039,0.6015091627739849,0.0,0.75,0.9330127018922194,0.8835482610394685,0.78215946271741,1,0.0,1.0,0.0,0.0,0.0,0.0,0.0,0.0,0.0,0.0,0.0,0.0,0.0,0.0,0.0,0.0,0.0,0.0,0.0,0.0,0.0,0.0,0.0,0.0,0.0,0.0,train
652,2025,Februari,BMR,Bawang Merah,0,0,0,0,0,0,0.0,0,0,0.0,0,0.0,0.0,2,1,False,2025-02-01,0.0,0.6845131153431548,0.0,0.9330127018922193,0.75,0.0,0.541415532977441,1,0.0,1.0,0.0,0.0,0.0,0.0,0.0,0.0,0.0,0.0,0.0,0.0,0.0,0.0,0.0,0.0,0.0,0.0,0.0,0.0,0.0,0.0,0.0,0.0,0.0,0.0,train
678,2025,Maret,BMR,Bawang Merah,0,0,0,0,0,0,0.0,0,0,0.0,0,0.0,0.0,3,1,False,2025-03-01,0.1724137931034484,0.7240388070427596,0.0,1.0,0.5,0.0,0.38935767177544345,1,0.0,1.0,0.0,0.0,0.0,0.0,0.0,0.0,0.0,0.0,0.0,0.0,0.0,0.0,0.0,0.0,0.0,0.0,0.0,0.0,0.0,0.0,0.0,0.0,0.0,0.0,train
704,2025,April,BMR,Bawang Merah,0,0,0,0,0,0,0.0,0,0,0.0,0,0.0,0.0,4,1,False,2025-04-01,0.13793103448275978,0.6981674452030183,0.0,0.9330127018922194,0.2500000000000001,0.0,0.0,1,0.0,1.0,0.0,0.0,0.0,0.0,0.0,0.0,0.0,0.0,0.0,0.0,0.0,0.0,0.0,0.0,0.0,0.0,0.0,0.0,0.0,0.0,0.0,0.0,0.0,0.0,train
730,2025,Mei,BMR,Bawang Merah,0,0,0,0,0,0,0.0,0,0,0.0,0,0.0,0.0,5,1,False,2025-05-01,0.2413793103448283,0.6126482213438734,0.0,0.75,0.06698729810778065,0.0,0.0,1,0.0,1.0,0.0,0.0,0.0,0.0,0.0,0.0,0.0,0.0,0.0,0.0,0.0,0.0,0.0,0.0,0.0,0.0,0.0,0.0,0.0,0.0,0.0,0.0,0.0,0.0,val
756,2025,Juni,BMR,Bawang Merah,0,0,0,0,0,0,0.0,0,0,0.0,0,0.0,0.0,6,1,False,2025-06-01,0.068965517241379,0.6658282429033416,0.0,0.5000000000000001,0.0,0.0,0.0,1,0.0,1.0,0.0,0.0,0.0,0.0,0.0,0.0,0.0,0.0,0.0,0.0,0.0,0.0,0.0,0.0,0.0,0.0,0.0,0.0,0.0,0.0,0.0,0.0,0.0,0.0,val
782,2025,Juli,BMR,Bawang Merah,0,0,0,0,0,0,0.0,0,0,0.0,0,0.0,0.0,7,1,False,2025-07-01,0.068965517241379,0.02227811713977723,0.0,0.2500000000000001,0.06698729810778059,0.0,0.0,1,0.0,1.0,0.0,0.0,0.0,0.0,0.0,0.0,0.0,0.0,0.0,0.0,0.0,0.0,0.0,0.0,0.0,0.0,0.0,0.0,0.0,0.0,0.0,0.0,0.0,0.0,val
808,2025,Agustus,BMR,Bawang Merah,0,0,0,0,0,0,0.0,0,0,0.0,0,0.0,0.0,8,1,False,2025-08-01,0.068965517241379,0.0,0.0,0.06698729810778081,0.24999999999999978,0.0,0.0,1,0.0,1.0,0.0,0.0,0.0,0.0,0.0,0.0,0.0,0.0,0.0,0.0,0.0,0.0,0.0,0.0,0.0,0.0,0.0,0.0,0.0,0.0,0.0,0.0,0.0,0.0,val
834,2025,September,BMR,Bawang Merah,0,0,0,0,0,0,0.0,0,0,0.0,0,0.0,0.0,9,1,False,2025-09-01,0.2758620689655169,0.22385914480776137,0.0,0.0,0.4999999999999999,0.0,0.0,1,0.0,1.0,0.0,0.0,0.0,0.0,0.0,0.0,0.0,0.0,0.0,0.0,0.0,0.0,0.0,0.0,0.0,0.0,0.0,0.0,0.0,0.0,0.0,0.0,0.0,0.0,val
860,2025,Oktober,BMR,Bawang Merah,0,0,0,0,0,0,0.0,0,0,0.0,0,0.0,0.0,10,1,False,2025-10-01,0.4137931034482749,0.6572044556234279,0.0,0.0669872981077807,0.75,0.0,0.0,1,0.0,1.0,0.0,0.0,0.0,0.0,0.0,0.0,0.0,0.0,0.0,0.0,0.0,0.0,0.0,0.0,0.0,0.0,0.0,0.0,0.0,0.0,0.0,0.0,0.0,0.0,test
886,2025,November,BMR,Bawang Merah,0,0,0,0,0,0,0.0,0,0,0.0,0,0.0,0.0,11,1,False,2025-11-01,0.2758620689655169,0.9999999999999999,0.0,0.24999999999999978,0.9330127018922192,0.0,0.0,1,0.0,1.0,0.0,0.0,0.0,0.0,0.0,0.0,0.0,0.0,0.0,0.0,0.0,0.0,0.0,0.0,0.0,0.0,0.0,0.0,0.0,0.0,0.0,0.0,0.0,0.0,test
912,2025,Desember,BMR,Bawang Merah,0,0,0,0,0,0,0.0,0,0,0.0,0,0.0,0.0,12,1,False,2025-12-01,0.1724137931034484,0.9690980955803089,0.0,0.4999999999999999,1.0,0.0,0.0,1,0.0,1.0,0.0,0.0,0.0,0.0,0.0,0.0,0.0,0.0,0.0,0.0,0.0,0.0,0.0,0.0,0.0,0.0,0.0,0.0,0.0,0.0,0.0,0.0,0.0,0.0,test
938,2026,Januari,BMR,Bawang Merah,0,0,0,0,2,2,0.0,0,0,0.0,0,0.0,0.0,1,1,False,2026-01-01,-0.1724137931034475,0.6015091627739849,0.0,0.75,0.9330127018922194,0.0,0.0,1,0.0,1.0,0.0,0.0,0.0,0.0,0.0,0.0,0.0,0.0,0.0,0.0,0.0,0.0,0.0,0.0,0.0,0.0,0.0,0.0,0.0,0.0,0.0,0.0,0.0,0.0,test
966,2026,Februari,BMR,Bawang Merah,2,0,0,0,1,3,0.0,0,0,0.0,0,0.0,0.0,2,1,False,2026-02-01,-0.068965517241379,0.6884656845131153,0.0,0.9330127018922193,0.75,0.0,0.0,1,0.0,1.0,0.0,0.0,0.0,0.0,0.0,0.0,0.0,0.0,0.0,0.0,0.0,0.0,0.0,0.0,0.0,0.0,0.0,0.0,0.0,0.0,0.0,0.0,0.0,0.0,test
994,2026,Maret,BMR,Bawang Merah,3,2,0,0,1,2,300.0,0,35000,30000.0,0,0.11723329425556858,0.10526315789473684,3,0,False,2026-03-01,0.1034482758620694,0.7226015091627739,0.0,1.0,0.5,0.0,0.0,1,0.0,1.0,0.0,0.0,0.0,0.0,0.0,0.0,0.0,0.0,0.0,0.0,0.0,0.0,0.0,0.0,0.0,0.0,0.0,0.0,0.0,0.0,0.0,0.0,0.0,0.0,test
81,2023,April,BPT,Bawang Putih,0,0,0,0,0,0,0.0,0,0,0.0,0,0.0,0.0,4,1,False,2023-04-01,0.2068965517241379,0.6981674452030183,0.0,0.9330127018922194,0.2500000000000001,0.0,0.0,2,0.0,0.0,1.0,0.0,0.0,0.0,0.0,0.0,0.0,0.0,0.0,0.0,0.0,0.0,0.0,0.0,0.0,0.0,0.0,0.0,0.0,0.0,0.0,0.0,0.0,0.0,train
107,2023,Mei,BPT,Bawang Putih,0,0,0,0,0,0,0.0,0,0,0.0,0,0.0,0.0,5,1,False,2023-05-01,0.3103448275862073,0.6126482213438734,0.0,0.75,0.06698729810778065,0.0,0.0,2,0.0,0.0,1.0,0.0,0.0,0.0,0.0,0.0,0.0,0.0,0.0,0.0,0.0,0.0,0.0,0.0,0.0,0.0,0.0,0.0,0.0,0.0,0.0,0.0,0.0,0.0,train
133,2023,Juni,BPT,Bawang Putih,0,0,0,0,0,0,0.0,0,0,0.0,0,0.0,0.0,6,1,False,2023-06-01,0.2068965517241379,0.6658282429033416,0.0,0.5000000000000001,0.0,0.0,0.0,2,0.0,0.0,1.0,0.0,0.0,0.0,0.0,0.0,0.0,0.0,0.0,0.0,0.0,0.0,0.0,0.0,0.0,0.0,0.0,0.0,0.0,0.0,0.0,0.0,0.0,0.0,train
159,2023,Juli,BPT,Bawang Putih,0,0,0,0,0,0,0.0,0,0,0.0,0,0.0,0.0,7,1,False,2023-07-01,0.1034482758620694,0.02227811713977723,0.0,0.2500000000000001,0.06698729810778059,0.0,0.0,2,0.0,0.0,1.0,0.0,0.0,0.0,0.0,0.0,0.0,0.0,0.0,0.0,0.0,0.0,0.0,0.0,0.0,0.0,0.0,0.0,0.0,0.0,0.0,0.0,0.0,0.0,train
185,2023,Agustus,BPT,Bawang Putih,0,0,0,0,0,0,0.0,0,0,0.0,0,0.0,0.0,8,1,False,2023-08-01,0.4137931034482749,0.0,0.0,0.06698729810778081,0.24999999999999978,0.0,0.0,2,0.0,0.0,1.0,0.0,0.0,0.0,0.0,0.0,0.0,0.0,0.0,0.0,0.0,0.0,0.0,0.0,0.0,0.0,0.0,0.0,0.0,0.0,0.0,0.0,0.0,0.0,train
211,2023,September,BPT,Bawang Putih,0,0,0,0,0,0,0.0,0,0,0.0,0,0.0,0.0,9,1,False,2023-09-01,0.7241379310344831,0.22385914480776137,0.0,0.0,0.4999999999999999,0.0,0.0,2,0.0,0.0,1.0,0.0,0.0,0.0,0.0,0.0,0.0,0.0,0.0,0.0,0.0,0.0,0.0,0.0,0.0,0.0,0.0,0.0,0.0,0.0,0.0,0.0,0.0,0.0,train
237,2023,Oktober,BPT,Bawang Putih,0,0,0,0,0,0,0.0,0,0,0.0,0,0.0,0.0,10,1,False,2023-10-01,1.0000000000000009,0.6572044556234279,0.0,0.0669872981077807,0.75,0.0,0.0,2,0.0,0.0,1.0,0.0,0.0,0.0,0.0,0.0,0.0,0.0,0.0,0.0,0.0,0.0,0.0,0.0,0.0,0.0,0.0,0.0,0.0,0.0,0.0,0.0,0.0,0.0,train
263,2023,November,BPT,Bawang Putih,0,0,0,0,0,0,0.0,0,0,0.0,0,0.0,0.0,11,1,False,2023-11-01,0.4827586206896557,0.9999999999999999,0.0,0.24999999999999978,0.9330127018922192,0.0,0.0,2,0.0,0.0,1.0,0.0,0.0,0.0,0.0,0.0,0.0,0.0,0.0,0.0,0.0,0.0,0.0,0.0,0.0,0.0,0.0,0.0,0.0,0.0,0.0,0.0,0.0,0.0,train
289,2023,Desember,BPT,Bawang Putih,0,0,0,0,0,0,0.0,0,0,0.0,0,0.0,0.0,12,1,False,2023-12-01,0.4137931034482749,0.9690980955803089,0.0,0.4999999999999999,1.0,0.0,0.0,2,0.0,0.0,1.0,0.0,0.0,0.0,0.0,0.0,0.0,0.0,0.0,0.0,0.0,0.0,0.0,0.0,0.0,0.0,0.0,0.0,0.0,0.0,0.0,0.0,0.0,0.0,train
315,2024,Januari,BPT,Bawang Putih,0,0,0,0,0,0,0.0,0,0,0.0,0,0.0,0.0,1,1,False,2024-01-01,0.2413793103448283,0.6015091627739849,0.0,0.75,0.9330127018922194,0.0,0.0,2,0.0,0.0,1.0,0.0,0.0,0.0,0.0,0.0,0.0,0.0,0.0,0.0,0.0,0.0,0.0,0.0,0.0,0.0,0.0,0.0,0.0,0.0,0.0,0.0,0.0,0.0,train
341,2024,Februari,BPT,Bawang Putih,0,0,0,0,0,0,0.0,0,0,0.0,0,0.0,0.0,2,1,False,2024-02-01,0.2758620689655169,0.7236794825727632,0.0,0.9330127018922193,0.75,0.0,0.0,2,0.0,0.0,1.0,0.0,0.0,0.0,0.0,0.0,0.0,0.0,0.0,0.0,0.0,0.0,0.0,0.0,0.0,0.0,0.0,0.0,0.0,0.0,0.0,0.0,0.0,0.0,train
367,2024,Maret,BPT,Bawang Putih,0,0,0,0,0,0,0.0,0,0,0.0,0,0.0,0.0,3,1,False,2024-03-01,0.2413793103448283,0.7240388070427596,0.0,1.0,0.5,0.0,0.0,2,0.0,0.0,1.0,0.0,0.0,0.0,0.0,0.0,0.0,0.0,0.0,0.0,0.0,0.0,0.0,0.0,0.0,0.0,0.0,0.0,0.0,0.0,0.0,0.0,0.0,0.0,train
393,2024,April,BPT,Bawang Putih,17,7,4,0,6,5,1172.0,53,0,117200.0,5300,0.512123745819398,0.5,4,0,False,2024-04-01,0.4482758620689653,0.6981674452030183,0.0,0.9330127018922194,0.2500000000000001,0.0,0.0,2,0.0,0.0,1.0,0.0,0.0,0.0,0.0,0.0,0.0,0.0,0.0,0.0,0.0,0.0,0.0,0.0,0.0,0.0,0.0,0.0,0.0,0.0,0.0,0.0,0.0,0.0,train
419,2024,Mei,BPT,Bawang Putih,7,2,9,0,14,9,574.0,798,0,57400.0,79800,0.5735785953177257,0.5,5,0,False,2024-05-01,0.5172413793103443,0.6126482213438734,0.0,0.75,0.06698729810778065,0.512123745819398,0.20502092050209206,2,0.0,0.0,1.0,0.0,0.0,0.0,0.0,0.0,0.0,0.0,0.0,0.0,0.0,0.0,0.0,0.0,0.0,0.0,0.0,0.0,0.0,0.0,0.0,0.0,0.0,0.0,train
445,2024,Juni,BPT,Bawang Putih,16,4,1,0,15,11,180.0,134,0,18000.0,13400,0.13127090301003344,0.2272727272727273,6,0,False,2024-06-01,0.2068965517241379,0.6658282429033416,0.0,0.5000000000000001,0.0,0.5735785953177257,0.43464435146443514,2,0.0,0.0,1.0,0.0,0.0,0.0,0.0,0.0,0.0,0.0,0.0,0.0,0.0,0.0,0.0,0.0,0.0,0.0,0.0,0.0,0.0,0.0,0.0,0.0,0.0,0.0,train
471,2024,Juli,BPT,Bawang Putih,7,5,6,0,13,11,1249.0,913,0,124900.0,91300,0.9038461538461539,0.5,7,0,False,2024-07-01,0.068965517241379,0.02227811713977723,0.0,0.2500000000000001,0.06698729810778059,0.13127090301003344,0.4871966527196652,2,0.0,0.0,1.0,0.0,0.0,0.0,0.0,0.0,0.0,0.0,0.0,0.0,0.0,0.0,0.0,0.0,0.0,0.0,0.0,0.0,0.0,0.0,0.0,0.0,0.0,0.0,train
497,2024,Agustus,BPT,Bawang Putih,11,1,9,0,13,19,950.0,1158,0,95000.0,115800,0.8812709030100334,0.4545454545454546,8,0,False,2024-08-01,0.3793103448275863,0.0,0.0,0.06698729810778081,0.24999999999999978,0.9038461538461539,0.6440167364016737,2,0.0,0.0,1.0,0.0,0.0,0.0,0.0,0.0,0.0,0.0,0.0,0.0,0.0,0.0,0.0,0.0,0.0,0.0,0.0,0.0,0.0,0.0,0.0,0.0,0.0,0.0,train
523,2024,September,BPT,Bawang Putih,10,8,8,0,9,10,849.0,626,0,84900.0,62600,0.6166387959866221,0.7272727272727273,9,0,False,2024-09-01,0.3793103448275863,0.22385914480776137,0.0,0.0,0.4999999999999999,0.8812709030100334,0.7671966527196653,2,0.0,0.0,1.0,0.0,0.0,0.0,0.0,0.0,0.0,0.0,0.0,0.0,0.0,0.0,0.0,0.0,0.0,0.0,0.0,0.0,0.0,0.0,0.0,0.0,0.0,0.0,train
549,2024,Oktober,BPT,Bawang Putih,11,6,6,0,1,17,1513.0,879,0,151300.0,87900,1.0,0.5454545454545454,10,0,False,2024-10-01,0.5517241379310347,0.6572044556234279,0.0,0.0669872981077807,0.75,0.6166387959866221,0.9615062761506276,2,0.0,0.0,1.0,0.0,0.0,0.0,0.0,0.0,0.0,0.0,0.0,0.0,0.0,0.0,0.0,0.0,0.0,0.0,0.0,0.0,0.0,0.0,0.0,0.0,0.0,0.0,train
575,2024,November,BPT,Bawang Putih,13,8,14,0,17,18,668.0,557,0,66800.0,55700,0.512123745819398,1.0,11,0,False,2024-11-01,0.2413793103448283,0.9999999999999999,0.0,0.24999999999999978,0.9330127018922192,1.0,0.9999999999999999,2,0.0,0.0,1.0,0.0,0.0,0.0,0.0,0.0,0.0,0.0,0.0,0.0,0.0,0.0,0.0,0.0,0.0,0.0,0.0,0.0,0.0,0.0,0.0,0.0,0.0,0.0,train
601,2024,Desember,BPT,Bawang Putih,12,2,9,0,10,12,49.0,859,0,4900.0,85900,0.37959866220735783,0.5,12,0,False,2024-12-01,0.1724137931034484,0.9690980955803089,0.0,0.4999999999999999,1.0,0.512123745819398,0.8522175732217574,2,0.0,0.0,1.0,0.0,0.0,0.0,0.0,0.0,0.0,0.0,0.0,0.0,0.0,0.0,0.0,0.0,0.0,0.0,0.0,0.0,0.0,0.0,0.0,0.0,0.0,0.0,train
627,2025,Januari,BPT,Bawang Putih,0,0,0,0,0,0,0.0,0,0,0.0,0,0.0,0.0,1,1,False,2025-01-01,0.03448275862069039,0.6015091627739849,0.0,0.75,0.9330127018922194,0.37959866220735783,0.7573221757322176,2,0.0,0.0,1.0,0.0,0.0,0.0,0.0,0.0,0.0,0.0,0.0,0.0,0.0,0.0,0.0,0.0,0.0,0.0,0.0,0.0,0.0,0.0,0.0,0.0,0.0,0.0,train
653,2025,Februari,BPT,Bawang Putih,0,0,0,0,0,0,0.0,0,0,0.0,0,0.0,0.0,2,1,False,2025-02-01,0.0,0.6845131153431548,0.0,0.9330127018922193,0.75,0.0,0.35698744769874474,2,0.0,0.0,1.0,0.0,0.0,0.0,0.0,0.0,0.0,0.0,0.0,0.0,0.0,0.0,0.0,0.0,0.0,0.0,0.0,0.0,0.0,0.0,0.0,0.0,0.0,0.0,train
679,2025,Maret,BPT,Bawang Putih,0,0,0,0,0,0,0.0,0,0,0.0,0,0.0,0.0,3,1,False,2025-03-01,0.1724137931034484,0.7240388070427596,0.0,1.0,0.5,0.0,0.1519665271966527,2,0.0,0.0,1.0,0.0,0.0,0.0,0.0,0.0,0.0,0.0,0.0,0.0,0.0,0.0,0.0,0.0,0.0,0.0,0.0,0.0,0.0,0.0,0.0,0.0,0.0,0.0,train
705,2025,April,BPT,Bawang Putih,0,0,0,0,0,0,0.0,0,0,0.0,0,0.0,0.0,4,1,False,2025-04-01,0.13793103448275978,0.6981674452030183,0.0,0.9330127018922194,0.2500000000000001,0.0,0.0,2,0.0,0.0,1.0,0.0,0.0,0.0,0.0,0.0,0.0,0.0,0.0,0.0,0.0,0.0,0.0,0.0,0.0,0.0,0.0,0.0,0.0,0.0,0.0,0.0,0.0,0.0,train
731,2025,Mei,BPT,Bawang Putih,0,0,0,0,0,0,0.0,0,0,0.0,0,0.0,0.0,5,1,False,2025-05-01,0.2413793103448283,0.6126482213438734,0.0,0.75,0.06698729810778065,0.0,0.0,2,0.0,0.0,1.0,0.0,0.0,0.0,0.0,0.0,0.0,0.0,0.0,0.0,0.0,0.0,0.0,0.0,0.0,0.0,0.0,0.0,0.0,0.0,0.0,0.0,0.0,0.0,val
757,2025,Juni,BPT,Bawang Putih,0,0,0,0,0,0,0.0,0,0,0.0,0,0.0,0.0,6,1,False,2025-06-01,0.068965517241379,0.6658282429033416,0.0,0.5000000000000001,0.0,0.0,0.0,2,0.0,0.0,1.0,0.0,0.0,0.0,0.0,0.0,0.0,0.0,0.0,0.0,0.0,0.0,0.0,0.0,0.0,0.0,0.0,0.0,0.0,0.0,0.0,0.0,0.0,0.0,val
783,2025,Juli,BPT,Bawang Putih,0,0,0,0,0,0,0.0,0,0,0.0,0,0.0,0.0,7,1,False,2025-07-01,0.068965517241379,0.02227811713977723,0.0,0.2500000000000001,0.06698729810778059,0.0,0.0,2,0.0,0.0,1.0,0.0,0.0,0.0,0.0,0.0,0.0,0.0,0.0,0.0,0.0,0.0,0.0,0.0,0.0,0.0,0.0,0.0,0.0,0.0,0.0,0.0,0.0,0.0,val
809,2025,Agustus,BPT,Bawang Putih,0,0,0,0,0,0,0.0,0,0,0.0,0,0.0,0.0,8,1,False,2025-08-01,0.068965517241379,0.0,0.0,0.06698729810778081,0.24999999999999978,0.0,0.0,2,0.0,0.0,1.0,0.0,0.0,0.0,0.0,0.0,0.0,0.0,0.0,0.0,0.0,0.0,0.0,0.0,0.0,0.0,0.0,0.0,0.0,0.0,0.0,0.0,0.0,0.0,val
835,2025,September,BPT,Bawang Putih,0,0,0,0,0,0,0.0,0,0,0.0,0,0.0,0.0,9,1,False,2025-09-01,0.2758620689655169,0.22385914480776137,0.0,0.0,0.4999999999999999,0.0,0.0,2,0.0,0.0,1.0,0.0,0.0,0.0,0.0,0.0,0.0,0.0,0.0,0.0,0.0,0.0,0.0,0.0,0.0,0.0,0.0,0.0,0.0,0.0,0.0,0.0,0.0,0.0,val
861,2025,Oktober,BPT,Bawang Putih,0,0,0,0,0,0,0.0,0,0,0.0,0,0.0,0.0,10,1,False,2025-10-01,0.4137931034482749,0.6572044556234279,0.0,0.0669872981077807,0.75,0.0,0.0,2,0.0,0.0,1.0,0.0,0.0,0.0,0.0,0.0,0.0,0.0,0.0,0.0,0.0,0.0,0.0,0.0,0.0,0.0,0.0,0.0,0.0,0.0,0.0,0.0,0.0,0.0,test
887,2025,November,BPT,Bawang Putih,0,0,0,0,0,0,0.0,0,0,0.0,0,0.0,0.0,11,1,False,2025-11-01,0.2758620689655169,0.9999999999999999,0.0,0.24999999999999978,0.9330127018922192,0.0,0.0,2,0.0,0.0,1.0,0.0,0.0,0.0,0.0,0.0,0.0,0.0,0.0,0.0,0.0,0.0,0.0,0.0,0.0,0.0,0.0,0.0,0.0,0.0,0.0,0.0,0.0,0.0,test
913,2025,Desember,BPT,Bawang Putih,0,0,0,0,0,0,0.0,0,0,0.0,0,0.0,0.0,12,1,False,2025-12-01,0.1724137931034484,0.9690980955803089,0.0,0.4999999999999999,1.0,0.0,0.0,2,0.0,0.0,1.0,0.0,0.0,0.0,0.0,0.0,0.0,0.0,0.0,0.0,0.0,0.0,0.0,0.0,0.0,0.0,0.0,0.0,0.0,0.0,0.0,0.0,0.0,0.0,test
939,2026,Januari,BPT,Bawang Putih,0,0,0,0,0,0,0.0,0,0,0.0,0,0.0,0.0,1,1,False,2026-01-01,-0.1724137931034475,0.6015091627739849,0.0,0.75,0.9330127018922194,0.0,0.0,2,0.0,0.0,1.0,0.0,0.0,0.0,0.0,0.0,0.0,0.0,0.0,0.0,0.0,0.0,0.0,0.0,0.0,0.0,0.0,0.0,0.0,0.0,0.0,0.0,0.0,0.0,test
967,2026,Februari,BPT,Bawang Putih,0,0,0,0,0,0,0.0,0,0,0.0,0,0.0,0.0,2,1,False,2026-02-01,-0.068965517241379,0.6884656845131153,0.0,0.9330127018922193,0.75,0.0,0.0,2,0.0,0.0,1.0,0.0,0.0,0.0,0.0,0.0,0.0,0.0,0.0,0.0,0.0,0.0,0.0,0.0,0.0,0.0,0.0,0.0,0.0,0.0,0.0,0.0,0.0,0.0,test
995,2026,Maret,BPT,Bawang Putih,0,0,0,0,0,0,0.0,0,0,0.0,0,0.0,0.0,3,1,False,2026-03-01,0.1034482758620694,0.7226015091627739,0.0,1.0,0.5,0.0,0.0,2,0.0,0.0,1.0,0.0,0.0,0.0,0.0,0.0,0.0,0.0,0.0,0.0,0.0,0.0,0.0,0.0,0.0,0.0,0.0,0.0,0.0,0.0,0.0,0.0,0.0,0.0,test
82,2023,April,BYMSY,Bayam,2,1,1,0,1,2,80.0,80,9000,8000.0,8000,0.079960019990005,0.125,4,0,False,2023-04-01,0.2068965517241379,0.6981674452030183,0.0,0.9330127018922194,0.2500000000000001,0.079960019990005,0.14492753623188406,3,0.0,0.0,0.0,1.0,0.0,0.0,0.0,0.0,0.0,0.0,0.0,0.0,0.0,0.0,0.0,0.0,0.0,0.0,0.0,0.0,0.0,0.0,0.0,0.0,0.0,0.0,train
108,2023,Mei,BYMSY,Bayam,2,1,1,0,1,2,80.0,80,9000,8000.0,8000,0.079960019990005,0.125,5,0,False,2023-05-01,0.3103448275862073,0.6126482213438734,0.0,0.75,0.06698729810778065,0.079960019990005,0.11272141706924316,3,0.0,0.0,0.0,1.0,0.0,0.0,0.0,0.0,0.0,0.0,0.0,0.0,0.0,0.0,0.0,0.0,0.0,0.0,0.0,0.0,0.0,0.0,0.0,0.0,0.0,0.0,train
134,2023,Juni,BYMSY,Bayam,2,1,1,0,1,2,75.0,75,9000,7500.0,7500,0.07496251874062969,0.125,6,0,False,2023-06-01,0.2068965517241379,0.6658282429033416,0.0,0.5000000000000001,0.0,0.079960019990005,0.0966183574879227,3,0.0,0.0,0.0,1.0,0.0,0.0,0.0,0.0,0.0,0.0,0.0,0.0,0.0,0.0,0.0,0.0,0.0,0.0,0.0,0.0,0.0,0.0,0.0,0.0,0.0,0.0,train
160,2023,Juli,BYMSY,Bayam,2,0,0,0,0,2,0.0,0,7714,0.0,0,0.0,0.0,7,1,False,2023-07-01,0.1034482758620694,0.02227811713977723,0.0,0.2500000000000001,0.06698729810778059,0.07496251874062969,0.09460547504025764,3,0.0,0.0,0.0,1.0,0.0,0.0,0.0,0.0,0.0,0.0,0.0,0.0,0.0,0.0,0.0,0.0,0.0,0.0,0.0,0.0,0.0,0.0,0.0,0.0,0.0,0.0,train
186,2023,Agustus,BYMSY,Bayam,2,0,0,0,0,2,0.0,0,7714,0.0,0,0.0,0.0,8,1,False,2023-08-01,0.4137931034482749,0.0,0.0,0.06698729810778081,0.24999999999999978,0.0,0.06239935587761675,3,0.0,0.0,0.0,1.0,0.0,0.0,0.0,0.0,0.0,0.0,0.0,0.0,0.0,0.0,0.0,0.0,0.0,0.0,0.0,0.0,0.0,0.0,0.0,0.0,0.0,0.0,train
212,2023,September,BYMSY,Bayam,2,2,0,0,2,2,140.0,0,5000,14000.0,0,0.06996501749125437,0.125,9,0,False,2023-09-01,0.7241379310344831,0.22385914480776137,0.0,0.0,0.4999999999999999,0.0,0.030193236714975844,3,0.0,0.0,0.0,1.0,0.0,0.0,0.0,0.0,0.0,0.0,0.0,0.0,0.0,0.0,0.0,0.0,0.0,0.0,0.0,0.0,0.0,0.0,0.0,0.0,0.0,0.0,train
238,2023,Oktober,BYMSY,Bayam,2,0,0,0,0,2,0.0,0,7714,0.0,0,0.0,0.0,10,1,False,2023-10-01,1.0000000000000009,0.6572044556234279,0.0,0.0669872981077807,0.75,0.06996501749125437,0.02818035426731079,3,0.0,0.0,0.0,1.0,0.0,0.0,0.0,0.0,0.0,0.0,0.0,0.0,0.0,0.0,0.0,0.0,0.0,0.0,0.0,0.0,0.0,0.0,0.0,0.0,0.0,0.0,train
264,2023,November,BYMSY,Bayam,2,0,0,0,0,2,0.0,0,7714,0.0,0,0.0,0.0,11,1,False,2023-11-01,0.4827586206896557,0.9999999999999999,0.0,0.24999999999999978,0.9330127018922192,0.0,0.02818035426731079,3,0.0,0.0,0.0,1.0,0.0,0.0,0.0,0.0,0.0,0.0,0.0,0.0,0.0,0.0,0.0,0.0,0.0,0.0,0.0,0.0,0.0,0.0,0.0,0.0,0.0,0.0,train
290,2023,Desember,BYMSY,Bayam,2,0,0,0,0,2,0.0,0,7714,0.0,0,0.0,0.0,12,1,False,2023-12-01,0.4137931034482749,0.9690980955803089,0.0,0.4999999999999999,1.0,0.0,0.02818035426731079,3,0.0,0.0,0.0,1.0,0.0,0.0,0.0,0.0,0.0,0.0,0.0,0.0,0.0,0.0,0.0,0.0,0.0,0.0,0.0,0.0,0.0,0.0,0.0,0.0,0.0,0.0,train
316,2024,Januari,BYMSY,Bayam,2,1,1,0,5,6,10.0,10,4000,1000.0,1000,0.009995002498750625,0.125,1,0,False,2024-01-01,0.2413793103448283,0.6015091627739849,0.0,0.75,0.9330127018922194,0.0,0.0,3,0.0,0.0,0.0,1.0,0.0,0.0,0.0,0.0,0.0,0.0,0.0,0.0,0.0,0.0,0.0,0.0,0.0,0.0,0.0,0.0,0.0,0.0,0.0,0.0,0.0,0.0,train
342,2024,Februari,BYMSY,Bayam,6,2,0,0,1,5,200.0,0,5000,20000.0,0,0.09995002498750626,0.125,2,0,False,2024-02-01,0.2758620689655169,0.7236794825727632,0.0,0.9330127018922193,0.75,0.009995002498750625,0.004025764895330112,3,0.0,0.0,0.0,1.0,0.0,0.0,0.0,0.0,0.0,0.0,0.0,0.0,0.0,0.0,0.0,0.0,0.0,0.0,0.0,0.0,0.0,0.0,0.0,0.0,0.0,0.0,train
368,2024,Maret,BYMSY,Bayam,5,2,3,0,1,4,200.0,300,5000,20000.0,30000,0.24987506246876562,0.3125,3,0,False,2024-03-01,0.2413793103448283,0.7240388070427596,0.0,1.0,0.5,0.09995002498750626,0.044283413848631235,3,0.0,0.0,0.0,1.0,0.0,0.0,0.0,0.0,0.0,0.0,0.0,0.0,0.0,0.0,0.0,0.0,0.0,0.0,0.0,0.0,0.0,0.0,0.0,0.0,0.0,0.0,train
394,2024,April,BYMSY,Bayam,7,7,7,0,7,8,83.0,798,5000,8300.0,79800,0.440279860069965,0.875,4,0,False,2024-04-01,0.4482758620689653,0.6981674452030183,0.0,0.9330127018922194,0.2500000000000001,0.24987506246876562,0.14492753623188406,3,0.0,0.0,0.0,1.0,0.0,0.0,0.0,0.0,0.0,0.0,0.0,0.0,0.0,0.0,0.0,0.0,0.0,0.0,0.0,0.0,0.0,0.0,0.0,0.0,0.0,0.0,train
420,2024,Mei,BYMSY,Bayam,8,5,5,0,3,0,1401.0,517,5000,140100.0,51700,0.9585207396301849,0.625,5,0,False,2024-05-01,0.5172413793103443,0.6126482213438734,0.0,0.75,0.06698729810778065,0.440279860069965,0.3182367149758454,3,0.0,0.0,0.0,1.0,0.0,0.0,0.0,0.0,0.0,0.0,0.0,0.0,0.0,0.0,0.0,0.0,0.0,0.0,0.0,0.0,0.0,0.0,0.0,0.0,0.0,0.0,train
446,2024,Juni,BYMSY,Bayam,12,6,9,0,10,6,1073.0,677,5000,107300.0,67700,0.8745627186406797,0.9375,6,0,False,2024-06-01,0.2068965517241379,0.6658282429033416,0.0,0.5000000000000001,0.0,0.9585207396301849,0.6640499194847022,3,0.0,0.0,0.0,1.0,0.0,0.0,0.0,0.0,0.0,0.0,0.0,0.0,0.0,0.0,0.0,0.0,0.0,0.0,0.0,0.0,0.0,0.0,0.0,0.0,0.0,0.0,train
472,2024,Juli,BYMSY,Bayam,13,2,6,0,2,18,57.0,1243,5000,5700.0,124300,0.6496751624187906,0.5,7,0,False,2024-07-01,0.068965517241379,0.02227811713977723,0.0,0.2500000000000001,0.06698729810778059,0.8745627186406797,0.9156602254428342,3,0.0,0.0,0.0,1.0,0.0,0.0,0.0,0.0,0.0,0.0,0.0,0.0,0.0,0.0,0.0,0.0,0.0,0.0,0.0,0.0,0.0,0.0,0.0,0.0,0.0,0.0,train
498,2024,Agustus,BYMSY,Bayam,13,7,7,0,3,7,1326.0,541,5000,132600.0,54100,0.9330334832583709,0.875,8,0,False,2024-08-01,0.3793103448275863,0.0,0.0,0.06698729810778081,0.24999999999999978,0.6496751624187906,1.0,3,0.0,0.0,0.0,1.0,0.0,0.0,0.0,0.0,0.0,0.0,0.0,0.0,0.0,0.0,0.0,0.0,0.0,0.0,0.0,0.0,0.0,0.0,0.0,0.0,0.0,0.0,train
524,2024,September,BYMSY,Bayam,18,6,2,0,10,7,48.0,988,5000,4800.0,98800,0.5177411294352824,0.5,9,0,False,2024-09-01,0.3793103448275863,0.22385914480776137,0.0,0.0,0.4999999999999999,0.9330334832583709,0.9897342995169082,3,0.0,0.0,0.0,1.0,0.0,0.0,0.0,0.0,0.0,0.0,0.0,0.0,0.0,0.0,0.0,0.0,0.0,0.0,0.0,0.0,0.0,0.0,0.0,0.0,0.0,0.0,train
550,2024,Oktober,BYMSY,Bayam,16,5,9,0,10,19,1572.0,51,5000,157200.0,5100,0.8110944527736133,0.875,10,0,False,2024-10-01,0.5517241379310347,0.6572044556234279,0.0,0.0669872981077807,0.75,0.5177411294352824,0.8460144927536232,3,0.0,0.0,0.0,1.0,0.0,0.0,0.0,0.0,0.0,0.0,0.0,0.0,0.0,0.0,0.0,0.0,0.0,0.0,0.0,0.0,0.0,0.0,0.0,0.0,0.0,0.0,train
576,2024,November,BYMSY,Bayam,14,7,7,0,6,10,609.0,532,5000,60900.0,53200,0.5702148925537232,0.875,11,0,False,2024-11-01,0.2413793103448283,0.9999999999999999,0.0,0.24999999999999978,0.9330127018922192,0.8110944527736133,0.9110305958132044,3,0.0,0.0,0.0,1.0,0.0,0.0,0.0,0.0,0.0,0.0,0.0,0.0,0.0,0.0,0.0,0.0,0.0,0.0,0.0,0.0,0.0,0.0,0.0,0.0,0.0,0.0,train
602,2024,Desember,BYMSY,Bayam,15,6,10,0,2,4,1079.0,922,5000,107900.0,92200,1.0,1.0,12,0,False,2024-12-01,0.1724137931034484,0.9690980955803089,0.0,0.4999999999999999,1.0,0.5702148925537232,0.7648953301127214,3,0.0,0.0,0.0,1.0,0.0,0.0,0.0,0.0,0.0,0.0,0.0,0.0,0.0,0.0,0.0,0.0,0.0,0.0,0.0,0.0,0.0,0.0,0.0,0.0,0.0,0.0,train
628,2025,Januari,BYMSY,Bayam,4,2,2,0,1,3,160.0,160,4000,16000.0,16000,0.15992003998001,0.25,1,0,False,2025-01-01,0.03448275862069039,0.6015091627739849,0.0,0.75,0.9330127018922194,1.0,0.9591384863123994,3,0.0,0.0,0.0,1.0,0.0,0.0,0.0,0.0,0.0,0.0,0.0,0.0,0.0,0.0,0.0,0.0,0.0,0.0,0.0,0.0,0.0,0.0,0.0,0.0,0.0,0.0,train
654,2025,Februari,BYMSY,Bayam,3,2,1,0,1,2,160.0,80,9000,16000.0,8000,0.1199400299850075,0.1875,2,0,False,2025-02-01,0.0,0.6845131153431548,0.0,0.9330127018922193,0.75,0.15992003998001,0.6968599033816425,3,0.0,0.0,0.0,1.0,0.0,0.0,0.0,0.0,0.0,0.0,0.0,0.0,0.0,0.0,0.0,0.0,0.0,0.0,0.0,0.0,0.0,0.0,0.0,0.0,0.0,0.0,train
680,2025,Maret,BYMSY,Bayam,2,1,1,0,1,2,80.0,80,9000,8000.0,8000,0.079960019990005,0.125,3,0,False,2025-03-01,0.1724137931034484,0.7240388070427596,0.0,1.0,0.5,0.1199400299850075,0.515499194847021,3,0.0,0.0,0.0,1.0,0.0,0.0,0.0,0.0,0.0,0.0,0.0,0.0,0.0,0.0,0.0,0.0,0.0,0.0,0.0,0.0,0.0,0.0,0.0,0.0,0.0,0.0,train
706,2025,April,BYMSY,Bayam,2,1,1,0,1,2,80.0,80,9000,8000.0,8000,0.079960019990005,0.125,4,0,False,2025-04-01,0.13793103448275978,0.6981674452030183,0.0,0.9330127018922194,0.2500000000000001,0.079960019990005,0.14492753623188406,3,0.0,0.0,0.0,1.0,0.0,0.0,0.0,0.0,0.0,0.0,0.0,0.0,0.0,0.0,0.0,0.0,0.0,0.0,0.0,0.0,0.0,0.0,0.0,0.0,0.0,0.0,train
732,2025,Mei,BYMSY,Bayam,2,1,1,0,1,2,80.0,80,9000,8000.0,8000,0.079960019990005,0.125,5,0,False,2025-05-01,0.2413793103448283,0.6126482213438734,0.0,0.75,0.06698729810778065,0.079960019990005,0.11272141706924316,3,0.0,0.0,0.0,1.0,0.0,0.0,0.0,0.0,0.0,0.0,0.0,0.0,0.0,0.0,0.0,0.0,0.0,0.0,0.0,0.0,0.0,0.0,0.0,0.0,0.0,0.0,val
758,2025,Juni,BYMSY,Bayam,2,1,1,0,1,2,75.0,75,9000,7500.0,7500,0.07496251874062969,0.125,6,0,False,2025-06-01,0.068965517241379,0.6658282429033416,0.0,0.5000000000000001,0.0,0.079960019990005,0.0966183574879227,3,0.0,0.0,0.0,1.0,0.0,0.0,0.0,0.0,0.0,0.0,0.0,0.0,0.0,0.0,0.0,0.0,0.0,0.0,0.0,0.0,0.0,0.0,0.0,0.0,0.0,0.0,val
784,2025,Juli,BYMSY,Bayam,2,0,0,0,0,2,0.0,0,0,0.0,0,0.0,0.0,7,1,False,2025-07-01,0.068965517241379,0.02227811713977723,0.0,0.2500000000000001,0.06698729810778059,0.07496251874062969,0.09460547504025764,3,0.0,0.0,0.0,1.0,0.0,0.0,0.0,0.0,0.0,0.0,0.0,0.0,0.0,0.0,0.0,0.0,0.0,0.0,0.0,0.0,0.0,0.0,0.0,0.0,0.0,0.0,val
810,2025,Agustus,BYMSY,Bayam,2,0,0,0,0,2,0.0,0,0,0.0,0,0.0,0.0,8,1,False,2025-08-01,0.068965517241379,0.0,0.0,0.06698729810778081,0.24999999999999978,0.0,0.06239935587761675,3,0.0,0.0,0.0,1.0,0.0,0.0,0.0,0.0,0.0,0.0,0.0,0.0,0.0,0.0,0.0,0.0,0.0,0.0,0.0,0.0,0.0,0.0,0.0,0.0,0.0,0.0,val
836,2025,September,BYMSY,Bayam,2,2,0,0,2,2,140.0,0,5000,14000.0,0,0.06996501749125437,0.125,9,0,False,2025-09-01,0.2758620689655169,0.22385914480776137,0.0,0.0,0.4999999999999999,0.0,0.030193236714975844,3,0.0,0.0,0.0,1.0,0.0,0.0,0.0,0.0,0.0,0.0,0.0,0.0,0.0,0.0,0.0,0.0,0.0,0.0,0.0,0.0,0.0,0.0,0.0,0.0,0.0,0.0,val
862,2025,Oktober,BYMSY,Bayam,2,0,0,0,0,2,0.0,0,0,0.0,0,0.0,0.0,10,1,False,2025-10-01,0.4137931034482749,0.6572044556234279,0.0,0.0669872981077807,0.75,0.06996501749125437,0.02818035426731079,3,0.0,0.0,0.0,1.0,0.0,0.0,0.0,0.0,0.0,0.0,0.0,0.0,0.0,0.0,0.0,0.0,0.0,0.0,0.0,0.0,0.0,0.0,0.0,0.0,0.0,0.0,test
888,2025,November,BYMSY,Bayam,2,0,0,0,0,2,0.0,0,0,0.0,0,0.0,0.0,11,1,False,2025-11-01,0.2758620689655169,0.9999999999999999,0.0,0.24999999999999978,0.9330127018922192,0.0,0.02818035426731079,3,0.0,0.0,0.0,1.0,0.0,0.0,0.0,0.0,0.0,0.0,0.0,0.0,0.0,0.0,0.0,0.0,0.0,0.0,0.0,0.0,0.0,0.0,0.0,0.0,0.0,0.0,test
914,2025,Desember,BYMSY,Bayam,2,0,0,0,0,2,0.0,0,0,0.0,0,0.0,0.0,12,1,False,2025-12-01,0.1724137931034484,0.9690980955803089,0.0,0.4999999999999999,1.0,0.0,0.02818035426731079,3,0.0,0.0,0.0,1.0,0.0,0.0,0.0,0.0,0.0,0.0,0.0,0.0,0.0,0.0,0.0,0.0,0.0,0.0,0.0,0.0,0.0,0.0,0.0,0.0,0.0,0.0,test
940,2026,Januari,BYMSY,Bayam,2,1,1,0,5,6,10.0,10,4000,1000.0,1000,0.009995002498750625,0.125,1,0,False,2026-01-01,-0.1724137931034475,0.6015091627739849,0.0,0.75,0.9330127018922194,0.0,0.0,3,0.0,0.0,0.0,1.0,0.0,0.0,0.0,0.0,0.0,0.0,0.0,0.0,0.0,0.0,0.0,0.0,0.0,0.0,0.0,0.0,0.0,0.0,0.0,0.0,0.0,0.0,test
968,2026,Februari,BYMSY,Bayam,6,2,0,0,1,5,200.0,0,5000,20000.0,0,0.09995002498750626,0.125,2,0,False,2026-02-01,-0.068965517241379,0.6884656845131153,0.0,0.9330127018922193,0.75,0.009995002498750625,0.004025764895330112,3,0.0,0.0,0.0,1.0,0.0,0.0,0.0,0.0,0.0,0.0,0.0,0.0,0.0,0.0,0.0,0.0,0.0,0.0,0.0,0.0,0.0,0.0,0.0,0.0,0.0,0.0,test
996,2026,Maret,BYMSY,Bayam,5,2,3,0,1,4,200.0,300,5000,20000.0,30000,0.24987506246876562,0.3125,3,0,False,2026-03-01,0.1034482758620694,0.7226015091627739,0.0,1.0,0.5,0.09995002498750626,0.044283413848631235,3,0.0,0.0,0.0,1.0,0.0,0.0,0.0,0.0,0.0,0.0,0.0,0.0,0.0,0.0,0.0,0.0,0.0,0.0,0.0,0.0,0.0,0.0,0.0,0.0,0.0,0.0,test
83,2023,April,BCS,Buncis,10,6,4,0,6,10,480.0,320,30000,48000.0,32000,0.42216358839050133,0.47619047619047616,4,0,False,2023-04-01,0.2068965517241379,0.6981674452030183,0.0,0.9330127018922194,0.2500000000000001,0.5065963060686016,0.49702026221692486,4,0.0,0.0,0.0,0.0,1.0,0.0,0.0,0.0,0.0,0.0,0.0,0.0,0.0,0.0,0.0,0.0,0.0,0.0,0.0,0.0,0.0,0.0,0.0,0.0,0.0,0.0,train
109,2023,Mei,BCS,Buncis,10,4,6,0,4,10,320.0,480,3000,32000.0,48000,0.42216358839050133,0.47619047619047616,5,0,False,2023-05-01,0.3103448275862073,0.6126482213438734,0.0,0.75,0.06698729810778065,0.42216358839050133,0.5160905840286055,4,0.0,0.0,0.0,0.0,1.0,0.0,0.0,0.0,0.0,0.0,0.0,0.0,0.0,0.0,0.0,0.0,0.0,0.0,0.0,0.0,0.0,0.0,0.0,0.0,0.0,0.0,train
135,2023,Juni,BCS,Buncis,10,2,8,0,2,10,100.0,400,15000,10000.0,40000,0.2638522427440633,0.47619047619047616,6,0,False,2023-06-01,0.2068965517241379,0.6658282429033416,0.0,0.5000000000000001,0.0,0.42216358839050133,0.49702026221692486,4,0.0,0.0,0.0,0.0,1.0,0.0,0.0,0.0,0.0,0.0,0.0,0.0,0.0,0.0,0.0,0.0,0.0,0.0,0.0,0.0,0.0,0.0,0.0,0.0,0.0,0.0,train
161,2023,Juli,BCS,Buncis,10,2,0,0,2,10,120.0,0,17500,12000.0,0,0.0633245382585752,0.09523809523809523,7,0,False,2023-07-01,0.1034482758620694,0.02227811713977723,0.0,0.2500000000000001,0.06698729810778059,0.2638522427440633,0.38736591179976165,4,0.0,0.0,0.0,0.0,1.0,0.0,0.0,0.0,0.0,0.0,0.0,0.0,0.0,0.0,0.0,0.0,0.0,0.0,0.0,0.0,0.0,0.0,0.0,0.0,0.0,0.0,train
187,2023,Agustus,BCS,Buncis,10,2,0,0,2,10,75.0,0,10000,7500.0,0,0.0395778364116095,0.09523809523809523,8,0,False,2023-08-01,0.4137931034482749,0.0,0.0,0.06698729810778081,0.24999999999999978,0.0633245382585752,0.2252681764004768,4,0.0,0.0,0.0,0.0,1.0,0.0,0.0,0.0,0.0,0.0,0.0,0.0,0.0,0.0,0.0,0.0,0.0,0.0,0.0,0.0,0.0,0.0,0.0,0.0,0.0,0.0,train
213,2023,September,BCS,Buncis,10,4,0,0,4,10,280.0,0,4000,28000.0,0,0.14775725593667546,0.19047619047619047,9,0,False,2023-09-01,0.7241379310344831,0.22385914480776137,0.0,0.0,0.4999999999999999,0.0395778364116095,0.052443384982121574,4,0.0,0.0,0.0,0.0,1.0,0.0,0.0,0.0,0.0,0.0,0.0,0.0,0.0,0.0,0.0,0.0,0.0,0.0,0.0,0.0,0.0,0.0,0.0,0.0,0.0,0.0,train
239,2023,Oktober,BCS,Buncis,10,3,0,0,3,10,210.0,0,5000,21000.0,0,0.11081794195250659,0.14285714285714285,10,0,False,2023-10-01,1.0000000000000009,0.6572044556234279,0.0,0.0669872981077807,0.75,0.14775725593667546,0.0,4,0.0,0.0,0.0,0.0,1.0,0.0,0.0,0.0,0.0,0.0,0.0,0.0,0.0,0.0,0.0,0.0,0.0,0.0,0.0,0.0,0.0,0.0,0.0,0.0,0.0,0.0,train
265,2023,November,BCS,Buncis,10,5,5,0,5,10,375.0,375,6000,37500.0,37500,0.395778364116095,0.47619047619047616,11,0,False,2023-11-01,0.4827586206896557,0.9999999999999999,0.0,0.24999999999999978,0.9330127018922192,0.11081794195250659,0.02145411203814064,4,0.0,0.0,0.0,0.0,1.0,0.0,0.0,0.0,0.0,0.0,0.0,0.0,0.0,0.0,0.0,0.0,0.0,0.0,0.0,0.0,0.0,0.0,0.0,0.0,0.0,0.0,train
291,2023,Desember,BCS,Buncis,10,0,0,0,0,10,0.0,0,15954,0.0,0,0.0,0.0,12,1,False,2023-12-01,0.4137931034482749,0.9690980955803089,0.0,0.4999999999999999,1.0,0.395778364116095,0.1823599523241955,4,0.0,0.0,0.0,0.0,1.0,0.0,0.0,0.0,0.0,0.0,0.0,0.0,0.0,0.0,0.0,0.0,0.0,0.0,0.0,0.0,0.0,0.0,0.0,0.0,0.0,0.0,train
317,2024,Januari,BCS,Buncis,10,4,6,0,7,13,400.0,60,6000,40000.0,6000,0.24274406332453827,0.47619047619047616,1,0,False,2024-01-01,0.2413793103448283,0.6015091627739849,0.0,0.75,0.9330127018922194,0.0,0.11561382598331348,4,0.0,0.0,0.0,0.0,1.0,0.0,0.0,0.0,0.0,0.0,0.0,0.0,0.0,0.0,0.0,0.0,0.0,0.0,0.0,0.0,0.0,0.0,0.0,0.0,0.0,0.0,train
343,2024,Februari,BCS,Buncis,13,4,0,0,5,14,400.0,0,6000,40000.0,0,0.21108179419525067,0.19047619047619047,2,0,False,2024-02-01,0.2758620689655169,0.7236794825727632,0.0,0.9330127018922193,0.75,0.24274406332453827,0.1752085816448153,4,0.0,0.0,0.0,0.0,1.0,0.0,0.0,0.0,0.0,0.0,0.0,0.0,0.0,0.0,0.0,0.0,0.0,0.0,0.0,0.0,0.0,0.0,0.0,0.0,0.0,0.0,train
369,2024,Maret,BCS,Buncis,14,4,10,0,2,12,400.0,1000,6000,40000.0,100000,0.7387862796833773,0.6666666666666666,3,0,False,2024-03-01,0.2413793103448283,0.7240388070427596,0.0,1.0,0.5,0.21108179419525067,0.09177592371871278,4,0.0,0.0,0.0,0.0,1.0,0.0,0.0,0.0,0.0,0.0,0.0,0.0,0.0,0.0,0.0,0.0,0.0,0.0,0.0,0.0,0.0,0.0,0.0,0.0,0.0,0.0,train
395,2024,April,BCS,Buncis,11,1,10,0,5,7,1459.0,436,6000,145900.0,43600,1.0,0.5238095238095237,4,0,True,2024-04-01,0.4482758620689653,0.6981674452030183,0.0,0.9330127018922194,0.2500000000000001,0.7387862796833773,0.42550655542312277,4,0.0,0.0,0.0,0.0,1.0,0.0,0.0,0.0,0.0,0.0,0.0,0.0,0.0,0.0,0.0,0.0,0.0,0.0,0.0,0.0,0.0,0.0,0.0,0.0,0.0,0.0,train
421,2024,Mei,BCS,Buncis,6,6,11,0,1,7,1217.0,158,6000,121700.0,15800,0.7255936675461742,0.8095238095238095,5,0,False,2024-05-01,0.5172413793103443,0.6126482213438734,0.0,0.75,0.06698729810778065,1.0,0.7675804529201431,4,0.0,0.0,0.0,0.0,1.0,0.0,0.0,0.0,0.0,0.0,0.0,0.0,0.0,0.0,0.0,0.0,0.0,0.0,0.0,0.0,0.0,0.0,0.0,0.0,0.0,0.0,train
447,2024,Juni,BCS,Buncis,5,8,12,0,6,1,229.0,56,6000,22900.0,5600,0.1503957783641161,0.9523809523809523,6,0,False,2024-06-01,0.2068965517241379,0.6658282429033416,0.0,0.5000000000000001,0.0,0.7255936675461742,1.0,4,0.0,0.0,0.0,0.0,1.0,0.0,0.0,0.0,0.0,0.0,0.0,0.0,0.0,0.0,0.0,0.0,0.0,0.0,0.0,0.0,0.0,0.0,0.0,0.0,0.0,0.0,train
473,2024,Juli,BCS,Buncis,0,0,0,0,0,0,0.0,0,6000,0.0,0,0.0,0.0,7,1,False,2024-07-01,0.068965517241379,0.02227811713977723,0.0,0.2500000000000001,0.06698729810778059,0.1503957783641161,0.7342073897497021,4,0.0,0.0,0.0,0.0,1.0,0.0,0.0,0.0,0.0,0.0,0.0,0.0,0.0,0.0,0.0,0.0,0.0,0.0,0.0,0.0,0.0,0.0,0.0,0.0,0.0,0.0,train
499,2024,Agustus,BCS,Buncis,15,7,14,0,3,2,782.0,456,6000,78200.0,45600,0.6532981530343008,1.0,8,0,False,2024-08-01,0.3793103448275863,0.0,0.0,0.06698729810778081,0.24999999999999978,0.0,0.2824791418355185,4,0.0,0.0,0.0,0.0,1.0,0.0,0.0,0.0,0.0,0.0,0.0,0.0,0.0,0.0,0.0,0.0,0.0,0.0,0.0,0.0,0.0,0.0,0.0,0.0,0.0,0.0,train
525,2024,September,BCS,Buncis,16,1,10,0,4,10,82.0,1369,6000,8200.0,136900,0.7656992084432718,0.5238095238095237,9,0,False,2024-09-01,0.3793103448275863,0.22385914480776137,0.0,0.0,0.4999999999999999,0.6532981530343008,0.24982121573301547,4,0.0,0.0,0.0,0.0,1.0,0.0,0.0,0.0,0.0,0.0,0.0,0.0,0.0,0.0,0.0,0.0,0.0,0.0,0.0,0.0,0.0,0.0,0.0,0.0,0.0,0.0,train
551,2024,Oktober,BCS,Buncis,5,5,2,0,16,19,593.0,82,6000,59300.0,8200,0.3562005277044855,0.3333333333333333,10,0,False,2024-10-01,0.5517241379310347,0.6572044556234279,0.0,0.0669872981077807,0.75,0.7656992084432718,0.5277711561382599,4,0.0,0.0,0.0,0.0,1.0,0.0,0.0,0.0,0.0,0.0,0.0,0.0,0.0,0.0,0.0,0.0,0.0,0.0,0.0,0.0,0.0,0.0,0.0,0.0,0.0,0.0,train
577,2024,November,BCS,Buncis,15,3,12,0,5,9,224.0,421,6000,22400.0,42100,0.3403693931398417,0.7142857142857142,11,0,False,2024-11-01,0.2413793103448283,0.9999999999999999,0.0,0.24999999999999978,0.9330127018922192,0.3562005277044855,0.6886769964243147,4,0.0,0.0,0.0,0.0,1.0,0.0,0.0,0.0,0.0,0.0,0.0,0.0,0.0,0.0,0.0,0.0,0.0,0.0,0.0,0.0,0.0,0.0,0.0,0.0,0.0,0.0,train
603,2024,Desember,BCS,Buncis,13,3,5,0,11,9,348.0,243,6000,34800.0,24300,0.31187335092348284,0.38095238095238093,12,0,False,2024-12-01,0.1724137931034484,0.9690980955803089,0.0,0.4999999999999999,1.0,0.3403693931398417,0.5473182359952324,4,0.0,0.0,0.0,0.0,1.0,0.0,0.0,0.0,0.0,0.0,0.0,0.0,0.0,0.0,0.0,0.0,0.0,0.0,0.0,0.0,0.0,0.0,0.0,0.0,0.0,0.0,train
629,2025,Januari,BCS,Buncis,9,1,8,0,3,11,80.0,640,25000,8000.0,64000,0.3799472295514512,0.42857142857142855,1,0,False,2025-01-01,0.03448275862069039,0.6015091627739849,0.0,0.75,0.9330127018922194,0.31187335092348284,0.3423122765196663,4,0.0,0.0,0.0,0.0,1.0,0.0,0.0,0.0,0.0,0.0,0.0,0.0,0.0,0.0,0.0,0.0,0.0,0.0,0.0,0.0,0.0,0.0,0.0,0.0,0.0,0.0,train
655,2025,Februari,BCS,Buncis,11,5,6,0,6,12,400.0,480,30000,40000.0,48000,0.46437994722955145,0.5238095238095237,2,0,False,2025-02-01,0.0,0.6845131153431548,0.0,0.9330127018922193,0.75,0.3799472295514512,0.3530393325387366,4,0.0,0.0,0.0,0.0,1.0,0.0,0.0,0.0,0.0,0.0,0.0,0.0,0.0,0.0,0.0,0.0,0.0,0.0,0.0,0.0,0.0,0.0,0.0,0.0,0.0,0.0,train
681,2025,Maret,BCS,Buncis,12,4,8,0,2,10,320.0,640,30000,32000.0,64000,0.5065963060686016,0.5714285714285714,3,0,False,2025-03-01,0.1724137931034484,0.7240388070427596,0.0,1.0,0.5,0.46437994722955145,0.4090584028605483,4,0.0,0.0,0.0,0.0,1.0,0.0,0.0,0.0,0.0,0.0,0.0,0.0,0.0,0.0,0.0,0.0,0.0,0.0,0.0,0.0,0.0,0.0,0.0,0.0,0.0,0.0,train
707,2025,April,BCS,Buncis,10,6,4,0,6,10,480.0,320,30000,48000.0,32000,0.42216358839050133,0.47619047619047616,4,0,False,2025-04-01,0.13793103448275978,0.6981674452030183,0.0,0.9330127018922194,0.2500000000000001,0.5065963060686016,0.49702026221692486,4,0.0,0.0,0.0,0.0,1.0,0.0,0.0,0.0,0.0,0.0,0.0,0.0,0.0,0.0,0.0,0.0,0.0,0.0,0.0,0.0,0.0,0.0,0.0,0.0,0.0,0.0,train
733,2025,Mei,BCS,Buncis,10,4,6,0,4,10,320.0,480,3000,32000.0,48000,0.42216358839050133,0.47619047619047616,5,0,False,2025-05-01,0.2413793103448283,0.6126482213438734,0.0,0.75,0.06698729810778065,0.42216358839050133,0.5160905840286055,4,0.0,0.0,0.0,0.0,1.0,0.0,0.0,0.0,0.0,0.0,0.0,0.0,0.0,0.0,0.0,0.0,0.0,0.0,0.0,0.0,0.0,0.0,0.0,0.0,0.0,0.0,val
759,2025,Juni,BCS,Buncis,10,2,8,0,2,10,100.0,400,15000,10000.0,40000,0.2638522427440633,0.47619047619047616,6,0,False,2025-06-01,0.068965517241379,0.6658282429033416,0.0,0.5000000000000001,0.0,0.42216358839050133,0.49702026221692486,4,0.0,0.0,0.0,0.0,1.0,0.0,0.0,0.0,0.0,0.0,0.0,0.0,0.0,0.0,0.0,0.0,0.0,0.0,0.0,0.0,0.0,0.0,0.0,0.0,0.0,0.0,val
785,2025,Juli,BCS,Buncis,10,2,0,0,2,10,120.0,0,17500,12000.0,0,0.0633245382585752,0.09523809523809523,7,0,False,2025-07-01,0.068965517241379,0.02227811713977723,0.0,0.2500000000000001,0.06698729810778059,0.2638522427440633,0.38736591179976165,4,0.0,0.0,0.0,0.0,1.0,0.0,0.0,0.0,0.0,0.0,0.0,0.0,0.0,0.0,0.0,0.0,0.0,0.0,0.0,0.0,0.0,0.0,0.0,0.0,0.0,0.0,val
811,2025,Agustus,BCS,Buncis,10,2,0,0,2,10,75.0,0,10000,7500.0,0,0.0395778364116095,0.09523809523809523,8,0,False,2025-08-01,0.068965517241379,0.0,0.0,0.06698729810778081,0.24999999999999978,0.0633245382585752,0.2252681764004768,4,0.0,0.0,0.0,0.0,1.0,0.0,0.0,0.0,0.0,0.0,0.0,0.0,0.0,0.0,0.0,0.0,0.0,0.0,0.0,0.0,0.0,0.0,0.0,0.0,0.0,0.0,val
837,2025,September,BCS,Buncis,10,4,0,0,4,10,280.0,0,4000,28000.0,0,0.14775725593667546,0.19047619047619047,9,0,False,2025-09-01,0.2758620689655169,0.22385914480776137,0.0,0.0,0.4999999999999999,0.0395778364116095,0.052443384982121574,4,0.0,0.0,0.0,0.0,1.0,0.0,0.0,0.0,0.0,0.0,0.0,0.0,0.0,0.0,0.0,0.0,0.0,0.0,0.0,0.0,0.0,0.0,0.0,0.0,0.0,0.0,val
863,2025,Oktober,BCS,Buncis,10,3,0,0,3,10,210.0,0,5000,21000.0,0,0.11081794195250659,0.14285714285714285,10,0,False,2025-10-01,0.4137931034482749,0.6572044556234279,0.0,0.0669872981077807,0.75,0.14775725593667546,0.0,4,0.0,0.0,0.0,0.0,1.0,0.0,0.0,0.0,0.0,0.0,0.0,0.0,0.0,0.0,0.0,0.0,0.0,0.0,0.0,0.0,0.0,0.0,0.0,0.0,0.0,0.0,test
889,2025,November,BCS,Buncis,10,5,5,0,5,10,375.0,375,6000,37500.0,37500,0.395778364116095,0.47619047619047616,11,0,False,2025-11-01,0.2758620689655169,0.9999999999999999,0.0,0.24999999999999978,0.9330127018922192,0.11081794195250659,0.02145411203814064,4,0.0,0.0,0.0,0.0,1.0,0.0,0.0,0.0,0.0,0.0,0.0,0.0,0.0,0.0,0.0,0.0,0.0,0.0,0.0,0.0,0.0,0.0,0.0,0.0,0.0,0.0,test
915,2025,Desember,BCS,Buncis,10,0,0,0,0,10,0.0,0,0,0.0,0,0.0,0.0,12,1,False,2025-12-01,0.1724137931034484,0.9690980955803089,0.0,0.4999999999999999,1.0,0.395778364116095,0.1823599523241955,4,0.0,0.0,0.0,0.0,1.0,0.0,0.0,0.0,0.0,0.0,0.0,0.0,0.0,0.0,0.0,0.0,0.0,0.0,0.0,0.0,0.0,0.0,0.0,0.0,0.0,0.0,test
941,2026,Januari,BCS,Buncis,10,4,6,0,7,13,400.0,60,6000,40000.0,6000,0.24274406332453827,0.47619047619047616,1,0,False,2026-01-01,-0.1724137931034475,0.6015091627739849,0.0,0.75,0.9330127018922194,0.0,0.11561382598331348,4,0.0,0.0,0.0,0.0,1.0,0.0,0.0,0.0,0.0,0.0,0.0,0.0,0.0,0.0,0.0,0.0,0.0,0.0,0.0,0.0,0.0,0.0,0.0,0.0,0.0,0.0,test
969,2026,Februari,BCS,Buncis,13,4,0,0,5,14,400.0,0,6000,40000.0,0,0.21108179419525067,0.19047619047619047,2,0,False,2026-02-01,-0.068965517241379,0.6884656845131153,0.0,0.9330127018922193,0.75,0.24274406332453827,0.1752085816448153,4,0.0,0.0,0.0,0.0,1.0,0.0,0.0,0.0,0.0,0.0,0.0,0.0,0.0,0.0,0.0,0.0,0.0,0.0,0.0,0.0,0.0,0.0,0.0,0.0,0.0,0.0,test
997,2026,Maret,BCS,Buncis,14,4,10,0,2,12,400.0,1000,6000,40000.0,100000,0.7387862796833773,0.6666666666666666,3,0,False,2026-03-01,0.1034482758620694,0.7226015091627739,0.0,1.0,0.5,0.21108179419525067,0.09177592371871278,4,0.0,0.0,0.0,0.0,1.0,0.0,0.0,0.0,0.0,0.0,0.0,0.0,0.0,0.0,0.0,0.0,0.0,0.0,0.0,0.0,0.0,0.0,0.0,0.0,0.0,0.0,test
84,2023,April,CBBTW,Cabai Besar,13,2,11,0,2,13,190.0,1045,19000,19000.0,104500,0.9285714285714285,0.9285714285714285,4,0,False,2023-04-01,0.2068965517241379,0.6981674452030183,0.0,0.9330127018922194,0.2500000000000001,1.0,0.825,5,0.0,0.0,0.0,0.0,0.0,1.0,0.0,0.0,0.0,0.0,0.0,0.0,0.0,0.0,0.0,0.0,0.0,0.0,0.0,0.0,0.0,0.0,0.0,0.0,0.0,0.0,train
110,2023,Mei,CBBTW,Cabai Besar,13,1,12,0,1,13,95.0,1140,19000,9500.0,114000,0.9285714285714285,0.9285714285714285,5,0,False,2023-05-01,0.3103448275862073,0.6126482213438734,0.0,0.75,0.06698729810778065,0.9285714285714285,0.925,5,0.0,0.0,0.0,0.0,0.0,1.0,0.0,0.0,0.0,0.0,0.0,0.0,0.0,0.0,0.0,0.0,0.0,0.0,0.0,0.0,0.0,0.0,0.0,0.0,0.0,0.0,train
136,2023,Juni,CBBTW,Cabai Besar,13,2,11,0,1,12,190.0,990,20000,19000.0,99000,0.8872180451127819,0.9285714285714285,6,0,False,2023-06-01,0.2068965517241379,0.6658282429033416,0.0,0.5000000000000001,0.0,0.9285714285714285,1.0,5,0.0,0.0,0.0,0.0,0.0,1.0,0.0,0.0,0.0,0.0,0.0,0.0,0.0,0.0,0.0,0.0,0.0,0.0,0.0,0.0,0.0,0.0,0.0,0.0,0.0,0.0,train
162,2023,Juli,CBBTW,Cabai Besar,12,2,0,0,2,12,180.0,0,28000,18000.0,0,0.13533834586466165,0.14285714285714285,7,0,False,2023-07-01,0.1034482758620694,0.02227811713977723,0.0,0.2500000000000001,0.06698729810778059,0.8872180451127819,0.9605263157894737,5,0.0,0.0,0.0,0.0,0.0,1.0,0.0,0.0,0.0,0.0,0.0,0.0,0.0,0.0,0.0,0.0,0.0,0.0,0.0,0.0,0.0,0.0,0.0,0.0,0.0,0.0,train
188,2023,Agustus,CBBTW,Cabai Besar,12,2,0,0,2,12,180.0,0,30000,18000.0,0,0.13533834586466165,0.14285714285714285,8,0,False,2023-08-01,0.4137931034482749,0.0,0.0,0.06698729810778081,0.24999999999999978,0.13533834586466165,0.6828947368421052,5,0.0,0.0,0.0,0.0,0.0,1.0,0.0,0.0,0.0,0.0,0.0,0.0,0.0,0.0,0.0,0.0,0.0,0.0,0.0,0.0,0.0,0.0,0.0,0.0,0.0,0.0,train
214,2023,September,CBBTW,Cabai Besar,12,4,0,0,4,12,360.0,0,35000,36000.0,0,0.2706766917293233,0.2857142857142857,9,0,False,2023-09-01,0.7241379310344831,0.22385914480776137,0.0,0.0,0.4999999999999999,0.13533834586466165,0.4052631578947368,5,0.0,0.0,0.0,0.0,0.0,1.0,0.0,0.0,0.0,0.0,0.0,0.0,0.0,0.0,0.0,0.0,0.0,0.0,0.0,0.0,0.0,0.0,0.0,0.0,0.0,0.0,train
240,2023,Oktober,CBBTW,Cabai Besar,12,2,0,0,2,12,180.0,0,35000,18000.0,0,0.13533834586466165,0.14285714285714285,10,0,False,2023-10-01,1.0000000000000009,0.6572044556234279,0.0,0.0669872981077807,0.75,0.2706766917293233,0.18947368421052632,5,0.0,0.0,0.0,0.0,0.0,1.0,0.0,0.0,0.0,0.0,0.0,0.0,0.0,0.0,0.0,0.0,0.0,0.0,0.0,0.0,0.0,0.0,0.0,0.0,0.0,0.0,train
266,2023,November,CBBTW,Cabai Besar,12,7,5,0,7,12,665.0,475,40000,66500.0,47500,0.8571428571428571,0.8571428571428571,11,0,False,2023-11-01,0.4827586206896557,0.9999999999999999,0.0,0.24999999999999978,0.9330127018922192,0.13533834586466165,0.18947368421052632,5,0.0,0.0,0.0,0.0,0.0,1.0,0.0,0.0,0.0,0.0,0.0,0.0,0.0,0.0,0.0,0.0,0.0,0.0,0.0,0.0,0.0,0.0,0.0,0.0,0.0,0.0,train
292,2023,Desember,CBBTW,Cabai Besar,12,5,0,0,5,12,475.0,0,40000,47500.0,0,0.35714285714285715,0.3571428571428571,12,0,False,2023-12-01,0.4137931034482749,0.9690980955803089,0.0,0.4999999999999999,1.0,0.8571428571428571,0.4421052631578947,5,0.0,0.0,0.0,0.0,0.0,1.0,0.0,0.0,0.0,0.0,0.0,0.0,0.0,0.0,0.0,0.0,0.0,0.0,0.0,0.0,0.0,0.0,0.0,0.0,0.0,0.0,train
318,2024,Januari,CBBTW,Cabai Besar,12,5,7,0,3,10,500.0,700,20000,50000.0,70000,0.9022556390977443,0.8571428571428571,1,0,False,2024-01-01,0.2413793103448283,0.6015091627739849,0.0,0.75,0.9330127018922194,0.35714285714285715,0.4723684210526316,5,0.0,0.0,0.0,0.0,0.0,1.0,0.0,0.0,0.0,0.0,0.0,0.0,0.0,0.0,0.0,0.0,0.0,0.0,0.0,0.0,0.0,0.0,0.0,0.0,0.0,0.0,train
344,2024,Februari,CBBTW,Cabai Besar,10,3,0,0,2,9,300.0,0,25000,30000.0,0,0.22556390977443608,0.21428571428571427,2,0,False,2024-02-01,0.2758620689655169,0.7236794825727632,0.0,0.9330127018922193,0.75,0.9022556390977443,0.7407894736842104,5,0.0,0.0,0.0,0.0,0.0,1.0,0.0,0.0,0.0,0.0,0.0,0.0,0.0,0.0,0.0,0.0,0.0,0.0,0.0,0.0,0.0,0.0,0.0,0.0,0.0,0.0,train
370,2024,Maret,CBBTW,Cabai Besar,9,3,6,0,2,8,300.0,600,40000,30000.0,60000,0.6766917293233082,0.6428571428571428,3,0,False,2024-03-01,0.2413793103448283,0.7240388070427596,0.0,1.0,0.5,0.22556390977443608,0.519736842105263,5,0.0,0.0,0.0,0.0,0.0,1.0,0.0,0.0,0.0,0.0,0.0,0.0,0.0,0.0,0.0,0.0,0.0,0.0,0.0,0.0,0.0,0.0,0.0,0.0,0.0,0.0,train
396,2024,April,CBBTW,Cabai Besar,0,0,0,0,0,0,0.0,0,28333,0.0,0,0.0,0.0,4,1,False,2024-04-01,0.4482758620689653,0.6981674452030183,0.0,0.9330127018922194,0.2500000000000001,0.6766917293233082,0.631578947368421,5,0.0,0.0,0.0,0.0,0.0,1.0,0.0,0.0,0.0,0.0,0.0,0.0,0.0,0.0,0.0,0.0,0.0,0.0,0.0,0.0,0.0,0.0,0.0,0.0,0.0,0.0,train
422,2024,Mei,CBBTW,Cabai Besar,0,0,0,0,0,0,0.0,0,28333,0.0,0,0.0,0.0,5,1,False,2024-05-01,0.5172413793103443,0.6126482213438734,0.0,0.75,0.06698729810778065,0.0,0.3157894736842105,5,0.0,0.0,0.0,0.0,0.0,1.0,0.0,0.0,0.0,0.0,0.0,0.0,0.0,0.0,0.0,0.0,0.0,0.0,0.0,0.0,0.0,0.0,0.0,0.0,0.0,0.0,train
448,2024,Juni,CBBTW,Cabai Besar,0,0,0,0,0,0,0.0,0,28333,0.0,0,0.0,0.0,6,1,False,2024-06-01,0.2068965517241379,0.6658282429033416,0.0,0.5000000000000001,0.0,0.0,0.23684210526315788,5,0.0,0.0,0.0,0.0,0.0,1.0,0.0,0.0,0.0,0.0,0.0,0.0,0.0,0.0,0.0,0.0,0.0,0.0,0.0,0.0,0.0,0.0,0.0,0.0,0.0,0.0,train
474,2024,Juli,CBBTW,Cabai Besar,0,0,0,0,0,0,0.0,0,28333,0.0,0,0.0,0.0,7,1,False,2024-07-01,0.068965517241379,0.02227811713977723,0.0,0.2500000000000001,0.06698729810778059,0.0,0.0,5,0.0,0.0,0.0,0.0,0.0,1.0,0.0,0.0,0.0,0.0,0.0,0.0,0.0,0.0,0.0,0.0,0.0,0.0,0.0,0.0,0.0,0.0,0.0,0.0,0.0,0.0,train
500,2024,Agustus,CBBTW,Cabai Besar,0,0,0,0,0,0,0.0,0,28333,0.0,0,0.0,0.0,8,1,False,2024-08-01,0.3793103448275863,0.0,0.0,0.06698729810778081,0.24999999999999978,0.0,0.0,5,0.0,0.0,0.0,0.0,0.0,1.0,0.0,0.0,0.0,0.0,0.0,0.0,0.0,0.0,0.0,0.0,0.0,0.0,0.0,0.0,0.0,0.0,0.0,0.0,0.0,0.0,train
526,2024,September,CBBTW,Cabai Besar,0,0,0,0,0,0,0.0,0,28333,0.0,0,0.0,0.0,9,1,False,2024-09-01,0.3793103448275863,0.22385914480776137,0.0,0.0,0.4999999999999999,0.0,0.0,5,0.0,0.0,0.0,0.0,0.0,1.0,0.0,0.0,0.0,0.0,0.0,0.0,0.0,0.0,0.0,0.0,0.0,0.0,0.0,0.0,0.0,0.0,0.0,0.0,0.0,0.0,train
552,2024,Oktober,CBBTW,Cabai Besar,0,0,0,0,0,0,0.0,0,28333,0.0,0,0.0,0.0,10,1,False,2024-10-01,0.5517241379310347,0.6572044556234279,0.0,0.0669872981077807,0.75,0.0,0.0,5,0.0,0.0,0.0,0.0,0.0,1.0,0.0,0.0,0.0,0.0,0.0,0.0,0.0,0.0,0.0,0.0,0.0,0.0,0.0,0.0,0.0,0.0,0.0,0.0,0.0,0.0,train
578,2024,November,CBBTW,Cabai Besar,0,0,0,0,0,0,0.0,0,28333,0.0,0,0.0,0.0,11,1,False,2024-11-01,0.2413793103448283,0.9999999999999999,0.0,0.24999999999999978,0.9330127018922192,0.0,0.0,5,0.0,0.0,0.0,0.0,0.0,1.0,0.0,0.0,0.0,0.0,0.0,0.0,0.0,0.0,0.0,0.0,0.0,0.0,0.0,0.0,0.0,0.0,0.0,0.0,0.0,0.0,train
604,2024,Desember,CBBTW,Cabai Besar,0,0,0,0,0,0,0.0,0,28333,0.0,0,0.0,0.0,12,1,False,2024-12-01,0.1724137931034484,0.9690980955803089,0.0,0.4999999999999999,1.0,0.0,0.0,5,0.0,0.0,0.0,0.0,0.0,1.0,0.0,0.0,0.0,0.0,0.0,0.0,0.0,0.0,0.0,0.0,0.0,0.0,0.0,0.0,0.0,0.0,0.0,0.0,0.0,0.0,train
630,2025,Januari,CBBTW,Cabai Besar,9,0,9,0,1,10,0.0,855,25000,0.0,85500,0.6428571428571428,0.6428571428571428,1,0,False,2025-01-01,0.03448275862069039,0.6015091627739849,0.0,0.75,0.9330127018922194,0.0,0.0,5,0.0,0.0,0.0,0.0,0.0,1.0,0.0,0.0,0.0,0.0,0.0,0.0,0.0,0.0,0.0,0.0,0.0,0.0,0.0,0.0,0.0,0.0,0.0,0.0,0.0,0.0,train
656,2025,Februari,CBBTW,Cabai Besar,10,2,8,0,6,14,190.0,760,19000,19000.0,76000,0.7142857142857143,0.7142857142857142,2,0,False,2025-02-01,0.0,0.6845131153431548,0.0,0.9330127018922193,0.75,0.6428571428571428,0.225,5,0.0,0.0,0.0,0.0,0.0,1.0,0.0,0.0,0.0,0.0,0.0,0.0,0.0,0.0,0.0,0.0,0.0,0.0,0.0,0.0,0.0,0.0,0.0,0.0,0.0,0.0,train
682,2025,Maret,CBBTW,Cabai Besar,14,2,12,0,1,13,190.0,1140,19000,19000.0,114000,1.0,1.0,3,0,False,2025-03-01,0.1724137931034484,0.7240388070427596,0.0,1.0,0.5,0.7142857142857143,0.475,5,0.0,0.0,0.0,0.0,0.0,1.0,0.0,0.0,0.0,0.0,0.0,0.0,0.0,0.0,0.0,0.0,0.0,0.0,0.0,0.0,0.0,0.0,0.0,0.0,0.0,0.0,train
708,2025,April,CBBTW,Cabai Besar,13,2,11,0,2,13,190.0,1045,19000,19000.0,104500,0.9285714285714285,0.9285714285714285,4,0,False,2025-04-01,0.13793103448275978,0.6981674452030183,0.0,0.9330127018922194,0.2500000000000001,1.0,0.825,5,0.0,0.0,0.0,0.0,0.0,1.0,0.0,0.0,0.0,0.0,0.0,0.0,0.0,0.0,0.0,0.0,0.0,0.0,0.0,0.0,0.0,0.0,0.0,0.0,0.0,0.0,train
734,2025,Mei,CBBTW,Cabai Besar,13,1,12,0,1,13,95.0,1140,19000,9500.0,114000,0.9285714285714285,0.9285714285714285,5,0,False,2025-05-01,0.2413793103448283,0.6126482213438734,0.0,0.75,0.06698729810778065,0.9285714285714285,0.925,5,0.0,0.0,0.0,0.0,0.0,1.0,0.0,0.0,0.0,0.0,0.0,0.0,0.0,0.0,0.0,0.0,0.0,0.0,0.0,0.0,0.0,0.0,0.0,0.0,0.0,0.0,val
760,2025,Juni,CBBTW,Cabai Besar,13,2,11,0,1,12,190.0,990,20000,19000.0,99000,0.8872180451127819,0.9285714285714285,6,0,False,2025-06-01,0.068965517241379,0.6658282429033416,0.0,0.5000000000000001,0.0,0.9285714285714285,1.0,5,0.0,0.0,0.0,0.0,0.0,1.0,0.0,0.0,0.0,0.0,0.0,0.0,0.0,0.0,0.0,0.0,0.0,0.0,0.0,0.0,0.0,0.0,0.0,0.0,0.0,0.0,val
786,2025,Juli,CBBTW,Cabai Besar,12,2,0,0,2,12,180.0,0,28000,18000.0,0,0.13533834586466165,0.14285714285714285,7,0,False,2025-07-01,0.068965517241379,0.02227811713977723,0.0,0.2500000000000001,0.06698729810778059,0.8872180451127819,0.9605263157894737,5,0.0,0.0,0.0,0.0,0.0,1.0,0.0,0.0,0.0,0.0,0.0,0.0,0.0,0.0,0.0,0.0,0.0,0.0,0.0,0.0,0.0,0.0,0.0,0.0,0.0,0.0,val
812,2025,Agustus,CBBTW,Cabai Besar,12,2,0,0,2,12,180.0,0,30000,18000.0,0,0.13533834586466165,0.14285714285714285,8,0,False,2025-08-01,0.068965517241379,0.0,0.0,0.06698729810778081,0.24999999999999978,0.13533834586466165,0.6828947368421052,5,0.0,0.0,0.0,0.0,0.0,1.0,0.0,0.0,0.0,0.0,0.0,0.0,0.0,0.0,0.0,0.0,0.0,0.0,0.0,0.0,0.0,0.0,0.0,0.0,0.0,0.0,val
838,2025,September,CBBTW,Cabai Besar,12,4,0,0,4,12,360.0,0,35000,36000.0,0,0.2706766917293233,0.2857142857142857,9,0,False,2025-09-01,0.2758620689655169,0.22385914480776137,0.0,0.0,0.4999999999999999,0.13533834586466165,0.4052631578947368,5,0.0,0.0,0.0,0.0,0.0,1.0,0.0,0.0,0.0,0.0,0.0,0.0,0.0,0.0,0.0,0.0,0.0,0.0,0.0,0.0,0.0,0.0,0.0,0.0,0.0,0.0,val
864,2025,Oktober,CBBTW,Cabai Besar,12,2,0,0,2,12,180.0,0,35000,18000.0,0,0.13533834586466165,0.14285714285714285,10,0,False,2025-10-01,0.4137931034482749,0.6572044556234279,0.0,0.0669872981077807,0.75,0.2706766917293233,0.18947368421052632,5,0.0,0.0,0.0,0.0,0.0,1.0,0.0,0.0,0.0,0.0,0.0,0.0,0.0,0.0,0.0,0.0,0.0,0.0,0.0,0.0,0.0,0.0,0.0,0.0,0.0,0.0,test
890,2025,November,CBBTW,Cabai Besar,12,7,5,0,7,12,665.0,475,40000,66500.0,47500,0.8571428571428571,0.8571428571428571,11,0,False,2025-11-01,0.2758620689655169,0.9999999999999999,0.0,0.24999999999999978,0.9330127018922192,0.13533834586466165,0.18947368421052632,5,0.0,0.0,0.0,0.0,0.0,1.0,0.0,0.0,0.0,0.0,0.0,0.0,0.0,0.0,0.0,0.0,0.0,0.0,0.0,0.0,0.0,0.0,0.0,0.0,0.0,0.0,test
916,2025,Desember,CBBTW,Cabai Besar,12,5,0,0,5,12,475.0,0,40000,47500.0,0,0.35714285714285715,0.3571428571428571,12,0,False,2025-12-01,0.1724137931034484,0.9690980955803089,0.0,0.4999999999999999,1.0,0.8571428571428571,0.4421052631578947,5,0.0,0.0,0.0,0.0,0.0,1.0,0.0,0.0,0.0,0.0,0.0,0.0,0.0,0.0,0.0,0.0,0.0,0.0,0.0,0.0,0.0,0.0,0.0,0.0,0.0,0.0,test
942,2026,Januari,CBBTW,Cabai Besar,12,5,7,0,3,10,500.0,700,20000,50000.0,70000,0.9022556390977443,0.8571428571428571,1,0,False,2026-01-01,-0.1724137931034475,0.6015091627739849,0.0,0.75,0.9330127018922194,0.35714285714285715,0.4723684210526316,5,0.0,0.0,0.0,0.0,0.0,1.0,0.0,0.0,0.0,0.0,0.0,0.0,0.0,0.0,0.0,0.0,0.0,0.0,0.0,0.0,0.0,0.0,0.0,0.0,0.0,0.0,test
970,2026,Februari,CBBTW,Cabai Besar,10,3,0,0,2,9,300.0,0,25000,30000.0,0,0.22556390977443608,0.21428571428571427,2,0,False,2026-02-01,-0.068965517241379,0.6884656845131153,0.0,0.9330127018922193,0.75,0.9022556390977443,0.7407894736842104,5,0.0,0.0,0.0,0.0,0.0,1.0,0.0,0.0,0.0,0.0,0.0,0.0,0.0,0.0,0.0,0.0,0.0,0.0,0.0,0.0,0.0,0.0,0.0,0.0,0.0,0.0,test
998,2026,Maret,CBBTW,Cabai Besar,9,3,6,0,2,8,300.0,600,40000,30000.0,60000,0.6766917293233082,0.6428571428571428,3,0,False,2026-03-01,0.1034482758620694,0.7226015091627739,0.0,1.0,0.5,0.22556390977443608,0.519736842105263,5,0.0,0.0,0.0,0.0,0.0,1.0,0.0,0.0,0.0,0.0,0.0,0.0,0.0,0.0,0.0,0.0,0.0,0.0,0.0,0.0,0.0,0.0,0.0,0.0,0.0,0.0,test
85,2023,April,CBBKR,Cabai Keriting,11,2,9,0,2,11,190.0,855,32000,19000.0,85500,0.8708333333333333,0.9166666666666666,4,0,False,2023-04-01,0.2068965517241379,0.6981674452030183,0.0,0.9330127018922194,0.2500000000000001,0.8708333333333333,0.8181818181818181,6,0.0,0.0,0.0,0.0,0.0,0.0,1.0,0.0,0.0,0.0,0.0,0.0,0.0,0.0,0.0,0.0,0.0,0.0,0.0,0.0,0.0,0.0,0.0,0.0,0.0,0.0,train
111,2023,Mei,CBBKR,Cabai Keriting,11,2,9,0,2,11,190.0,855,32000,19000.0,85500,0.8708333333333333,0.9166666666666666,5,0,False,2023-05-01,0.3103448275862073,0.6126482213438734,0.0,0.75,0.06698729810778065,0.8708333333333333,0.9393939393939394,6,0.0,0.0,0.0,0.0,0.0,0.0,1.0,0.0,0.0,0.0,0.0,0.0,0.0,0.0,0.0,0.0,0.0,0.0,0.0,0.0,0.0,0.0,0.0,0.0,0.0,0.0,train
137,2023,Juni,CBBKR,Cabai Keriting,11,1,10,0,2,12,95.0,950,32000,9500.0,95000,0.8708333333333333,0.9166666666666666,6,0,False,2023-06-01,0.2068965517241379,0.6658282429033416,0.0,0.5000000000000001,0.0,0.8708333333333333,1.0,6,0.0,0.0,0.0,0.0,0.0,0.0,1.0,0.0,0.0,0.0,0.0,0.0,0.0,0.0,0.0,0.0,0.0,0.0,0.0,0.0,0.0,0.0,0.0,0.0,0.0,0.0,train
163,2023,Juli,CBBKR,Cabai Keriting,12,2,0,0,2,12,180.0,0,32000,18000.0,0,0.15,0.16666666666666666,7,0,False,2023-07-01,0.1034482758620694,0.02227811713977723,0.0,0.2500000000000001,0.06698729810778059,0.8708333333333333,1.0,6,0.0,0.0,0.0,0.0,0.0,0.0,1.0,0.0,0.0,0.0,0.0,0.0,0.0,0.0,0.0,0.0,0.0,0.0,0.0,0.0,0.0,0.0,0.0,0.0,0.0,0.0,train
189,2023,Agustus,CBBKR,Cabai Keriting,12,1,0,0,1,12,90.0,0,28000,9000.0,0,0.075,0.08333333333333333,8,0,False,2023-08-01,0.4137931034482749,0.0,0.0,0.06698729810778081,0.24999999999999978,0.15,0.7240829346092504,6,0.0,0.0,0.0,0.0,0.0,0.0,1.0,0.0,0.0,0.0,0.0,0.0,0.0,0.0,0.0,0.0,0.0,0.0,0.0,0.0,0.0,0.0,0.0,0.0,0.0,0.0,train
215,2023,September,CBBKR,Cabai Keriting,12,5,0,0,5,12,450.0,0,25000,45000.0,0,0.375,0.41666666666666663,9,0,False,2023-09-01,0.7241379310344831,0.22385914480776137,0.0,0.0,0.4999999999999999,0.075,0.4194577352472089,6,0.0,0.0,0.0,0.0,0.0,0.0,1.0,0.0,0.0,0.0,0.0,0.0,0.0,0.0,0.0,0.0,0.0,0.0,0.0,0.0,0.0,0.0,0.0,0.0,0.0,0.0,train
241,2023,Oktober,CBBKR,Cabai Keriting,12,2,0,0,2,12,180.0,0,25000,18000.0,0,0.15,0.16666666666666666,10,0,False,2023-10-01,1.0000000000000009,0.6572044556234279,0.0,0.0669872981077807,0.75,0.375,0.2296650717703349,6,0.0,0.0,0.0,0.0,0.0,0.0,1.0,0.0,0.0,0.0,0.0,0.0,0.0,0.0,0.0,0.0,0.0,0.0,0.0,0.0,0.0,0.0,0.0,0.0,0.0,0.0,train
267,2023,November,CBBKR,Cabai Keriting,12,7,5,0,7,12,665.0,475,35000,66500.0,47500,0.9500000000000001,1.0,11,0,False,2023-11-01,0.4827586206896557,0.9999999999999999,0.0,0.24999999999999978,0.9330127018922192,0.15,0.2296650717703349,6,0.0,0.0,0.0,0.0,0.0,0.0,1.0,0.0,0.0,0.0,0.0,0.0,0.0,0.0,0.0,0.0,0.0,0.0,0.0,0.0,0.0,0.0,0.0,0.0,0.0,0.0,train
293,2023,Desember,CBBKR,Cabai Keriting,12,5,0,0,5,12,475.0,0,35000,47500.0,0,0.39583333333333337,0.41666666666666663,12,0,False,2023-12-01,0.4137931034482749,0.9690980955803089,0.0,0.4999999999999999,1.0,0.9500000000000001,0.5645933014354066,6,0.0,0.0,0.0,0.0,0.0,0.0,1.0,0.0,0.0,0.0,0.0,0.0,0.0,0.0,0.0,0.0,0.0,0.0,0.0,0.0,0.0,0.0,0.0,0.0,0.0,0.0,train
319,2024,Januari,CBBKR,Cabai Keriting,12,4,8,0,3,11,400.0,800,35000,40000.0,80000,1.0,1.0,1,0,False,2024-01-01,0.2413793103448283,0.6015091627739849,0.0,0.75,0.9330127018922194,0.39583333333333337,0.5725677830940988,6,0.0,0.0,0.0,0.0,0.0,0.0,1.0,0.0,0.0,0.0,0.0,0.0,0.0,0.0,0.0,0.0,0.0,0.0,0.0,0.0,0.0,0.0,0.0,0.0,0.0,0.0,train
345,2024,Februari,CBBKR,Cabai Keriting,11,3,0,0,3,11,300.0,0,35000,30000.0,0,0.25,0.25,2,0,False,2024-02-01,0.2758620689655169,0.7236794825727632,0.0,0.9330127018922193,0.75,1.0,0.8979266347687399,6,0.0,0.0,0.0,0.0,0.0,0.0,1.0,0.0,0.0,0.0,0.0,0.0,0.0,0.0,0.0,0.0,0.0,0.0,0.0,0.0,0.0,0.0,0.0,0.0,0.0,0.0,train
371,2024,Maret,CBBKR,Cabai Keriting,11,4,7,0,2,9,400.0,700,25000,40000.0,70000,0.9166666666666667,0.9166666666666666,3,0,False,2024-03-01,0.2413793103448283,0.7240388070427596,0.0,1.0,0.5,0.25,0.6299840510366825,6,0.0,0.0,0.0,0.0,0.0,0.0,1.0,0.0,0.0,0.0,0.0,0.0,0.0,0.0,0.0,0.0,0.0,0.0,0.0,0.0,0.0,0.0,0.0,0.0,0.0,0.0,train
397,2024,April,CBBKR,Cabai Keriting,0,0,0,0,0,0,0.0,0,31666,0.0,0,0.0,0.0,4,1,False,2024-04-01,0.4482758620689653,0.6981674452030183,0.0,0.9330127018922194,0.2500000000000001,0.9166666666666667,0.8293460925039873,6,0.0,0.0,0.0,0.0,0.0,0.0,1.0,0.0,0.0,0.0,0.0,0.0,0.0,0.0,0.0,0.0,0.0,0.0,0.0,0.0,0.0,0.0,0.0,0.0,0.0,0.0,train
423,2024,Mei,CBBKR,Cabai Keriting,0,0,0,0,0,0,0.0,0,31666,0.0,0,0.0,0.0,5,1,False,2024-05-01,0.5172413793103443,0.6126482213438734,0.0,0.75,0.06698729810778065,0.0,0.44657097288676234,6,0.0,0.0,0.0,0.0,0.0,0.0,1.0,0.0,0.0,0.0,0.0,0.0,0.0,0.0,0.0,0.0,0.0,0.0,0.0,0.0,0.0,0.0,0.0,0.0,0.0,0.0,train
449,2024,Juni,CBBKR,Cabai Keriting,0,0,0,0,0,0,0.0,0,31666,0.0,0,0.0,0.0,6,1,False,2024-06-01,0.2068965517241379,0.6658282429033416,0.0,0.5000000000000001,0.0,0.0,0.3508771929824561,6,0.0,0.0,0.0,0.0,0.0,0.0,1.0,0.0,0.0,0.0,0.0,0.0,0.0,0.0,0.0,0.0,0.0,0.0,0.0,0.0,0.0,0.0,0.0,0.0,0.0,0.0,train
475,2024,Juli,CBBKR,Cabai Keriting,0,0,0,0,0,0,0.0,0,31666,0.0,0,0.0,0.0,7,1,False,2024-07-01,0.068965517241379,0.02227811713977723,0.0,0.2500000000000001,0.06698729810778059,0.0,0.0,6,0.0,0.0,0.0,0.0,0.0,0.0,1.0,0.0,0.0,0.0,0.0,0.0,0.0,0.0,0.0,0.0,0.0,0.0,0.0,0.0,0.0,0.0,0.0,0.0,0.0,0.0,train
501,2024,Agustus,CBBKR,Cabai Keriting,0,0,0,0,0,0,0.0,0,31666,0.0,0,0.0,0.0,8,1,False,2024-08-01,0.3793103448275863,0.0,0.0,0.06698729810778081,0.24999999999999978,0.0,0.0,6,0.0,0.0,0.0,0.0,0.0,0.0,1.0,0.0,0.0,0.0,0.0,0.0,0.0,0.0,0.0,0.0,0.0,0.0,0.0,0.0,0.0,0.0,0.0,0.0,0.0,0.0,train
527,2024,September,CBBKR,Cabai Keriting,0,0,0,0,0,0,0.0,0,31666,0.0,0,0.0,0.0,9,1,False,2024-09-01,0.3793103448275863,0.22385914480776137,0.0,0.0,0.4999999999999999,0.0,0.0,6,0.0,0.0,0.0,0.0,0.0,0.0,1.0,0.0,0.0,0.0,0.0,0.0,0.0,0.0,0.0,0.0,0.0,0.0,0.0,0.0,0.0,0.0,0.0,0.0,0.0,0.0,train
553,2024,Oktober,CBBKR,Cabai Keriting,0,0,0,0,0,0,0.0,0,31666,0.0,0,0.0,0.0,10,1,False,2024-10-01,0.5517241379310347,0.6572044556234279,0.0,0.0669872981077807,0.75,0.0,0.0,6,0.0,0.0,0.0,0.0,0.0,0.0,1.0,0.0,0.0,0.0,0.0,0.0,0.0,0.0,0.0,0.0,0.0,0.0,0.0,0.0,0.0,0.0,0.0,0.0,0.0,0.0,train
579,2024,November,CBBKR,Cabai Keriting,0,0,0,0,0,0,0.0,0,31666,0.0,0,0.0,0.0,11,1,False,2024-11-01,0.2413793103448283,0.9999999999999999,0.0,0.24999999999999978,0.9330127018922192,0.0,0.0,6,0.0,0.0,0.0,0.0,0.0,0.0,1.0,0.0,0.0,0.0,0.0,0.0,0.0,0.0,0.0,0.0,0.0,0.0,0.0,0.0,0.0,0.0,0.0,0.0,0.0,0.0,train
605,2024,Desember,CBBKR,Cabai Keriting,0,0,0,0,0,0,0.0,0,31666,0.0,0,0.0,0.0,12,1,False,2024-12-01,0.1724137931034484,0.9690980955803089,0.0,0.4999999999999999,1.0,0.0,0.0,6,0.0,0.0,0.0,0.0,0.0,0.0,1.0,0.0,0.0,0.0,0.0,0.0,0.0,0.0,0.0,0.0,0.0,0.0,0.0,0.0,0.0,0.0,0.0,0.0,0.0,0.0,train
631,2025,Januari,CBBKR,Cabai Keriting,7,0,7,0,2,9,0.0,665,30000,0.0,66500,0.5541666666666667,0.5833333333333333,1,0,False,2025-01-01,0.03448275862069039,0.6015091627739849,0.0,0.75,0.9330127018922194,0.0,0.0,6,0.0,0.0,0.0,0.0,0.0,0.0,1.0,0.0,0.0,0.0,0.0,0.0,0.0,0.0,0.0,0.0,0.0,0.0,0.0,0.0,0.0,0.0,0.0,0.0,0.0,0.0,train
657,2025,Februari,CBBKR,Cabai Keriting,9,5,4,0,7,11,475.0,380,32000,47500.0,38000,0.7125,0.75,2,0,False,2025-02-01,0.0,0.6845131153431548,0.0,0.9330127018922193,0.75,0.5541666666666667,0.21212121212121213,6,0.0,0.0,0.0,0.0,0.0,0.0,1.0,0.0,0.0,0.0,0.0,0.0,0.0,0.0,0.0,0.0,0.0,0.0,0.0,0.0,0.0,0.0,0.0,0.0,0.0,0.0,train
683,2025,Maret,CBBKR,Cabai Keriting,11,2,9,0,2,11,190.0,855,32000,19000.0,85500,0.8708333333333333,0.9166666666666666,3,0,False,2025-03-01,0.1724137931034484,0.7240388070427596,0.0,1.0,0.5,0.7125,0.4848484848484848,6,0.0,0.0,0.0,0.0,0.0,0.0,1.0,0.0,0.0,0.0,0.0,0.0,0.0,0.0,0.0,0.0,0.0,0.0,0.0,0.0,0.0,0.0,0.0,0.0,0.0,0.0,train
709,2025,April,CBBKR,Cabai Keriting,11,2,9,0,2,11,190.0,855,32000,19000.0,85500,0.8708333333333333,0.9166666666666666,4,0,False,2025-04-01,0.13793103448275978,0.6981674452030183,0.0,0.9330127018922194,0.2500000000000001,0.8708333333333333,0.8181818181818181,6,0.0,0.0,0.0,0.0,0.0,0.0,1.0,0.0,0.0,0.0,0.0,0.0,0.0,0.0,0.0,0.0,0.0,0.0,0.0,0.0,0.0,0.0,0.0,0.0,0.0,0.0,train
735,2025,Mei,CBBKR,Cabai Keriting,11,2,9,0,2,11,190.0,855,32000,19000.0,85500,0.8708333333333333,0.9166666666666666,5,0,False,2025-05-01,0.2413793103448283,0.6126482213438734,0.0,0.75,0.06698729810778065,0.8708333333333333,0.9393939393939394,6,0.0,0.0,0.0,0.0,0.0,0.0,1.0,0.0,0.0,0.0,0.0,0.0,0.0,0.0,0.0,0.0,0.0,0.0,0.0,0.0,0.0,0.0,0.0,0.0,0.0,0.0,val
761,2025,Juni,CBBKR,Cabai Keriting,11,1,10,0,2,12,95.0,950,32000,9500.0,95000,0.8708333333333333,0.9166666666666666,6,0,False,2025-06-01,0.068965517241379,0.6658282429033416,0.0,0.5000000000000001,0.0,0.8708333333333333,1.0,6,0.0,0.0,0.0,0.0,0.0,0.0,1.0,0.0,0.0,0.0,0.0,0.0,0.0,0.0,0.0,0.0,0.0,0.0,0.0,0.0,0.0,0.0,0.0,0.0,0.0,0.0,val
787,2025,Juli,CBBKR,Cabai Keriting,12,2,0,0,2,12,180.0,0,32000,18000.0,0,0.15,0.16666666666666666,7,0,False,2025-07-01,0.068965517241379,0.02227811713977723,0.0,0.2500000000000001,0.06698729810778059,0.8708333333333333,1.0,6,0.0,0.0,0.0,0.0,0.0,0.0,1.0,0.0,0.0,0.0,0.0,0.0,0.0,0.0,0.0,0.0,0.0,0.0,0.0,0.0,0.0,0.0,0.0,0.0,0.0,0.0,val
813,2025,Agustus,CBBKR,Cabai Keriting,12,1,0,0,1,12,90.0,0,28000,9000.0,0,0.075,0.08333333333333333,8,0,False,2025-08-01,0.068965517241379,0.0,0.0,0.06698729810778081,0.24999999999999978,0.15,0.7240829346092504,6,0.0,0.0,0.0,0.0,0.0,0.0,1.0,0.0,0.0,0.0,0.0,0.0,0.0,0.0,0.0,0.0,0.0,0.0,0.0,0.0,0.0,0.0,0.0,0.0,0.0,0.0,val
839,2025,September,CBBKR,Cabai Keriting,12,5,0,0,5,12,450.0,0,25000,45000.0,0,0.375,0.41666666666666663,9,0,False,2025-09-01,0.2758620689655169,0.22385914480776137,0.0,0.0,0.4999999999999999,0.075,0.4194577352472089,6,0.0,0.0,0.0,0.0,0.0,0.0,1.0,0.0,0.0,0.0,0.0,0.0,0.0,0.0,0.0,0.0,0.0,0.0,0.0,0.0,0.0,0.0,0.0,0.0,0.0,0.0,val
865,2025,Oktober,CBBKR,Cabai Keriting,12,2,0,0,2,12,180.0,0,25000,18000.0,0,0.15,0.16666666666666666,10,0,False,2025-10-01,0.4137931034482749,0.6572044556234279,0.0,0.0669872981077807,0.75,0.375,0.2296650717703349,6,0.0,0.0,0.0,0.0,0.0,0.0,1.0,0.0,0.0,0.0,0.0,0.0,0.0,0.0,0.0,0.0,0.0,0.0,0.0,0.0,0.0,0.0,0.0,0.0,0.0,0.0,test
891,2025,November,CBBKR,Cabai Keriting,12,7,5,0,7,12,665.0,475,35000,66500.0,47500,0.9500000000000001,1.0,11,0,False,2025-11-01,0.2758620689655169,0.9999999999999999,0.0,0.24999999999999978,0.9330127018922192,0.15,0.2296650717703349,6,0.0,0.0,0.0,0.0,0.0,0.0,1.0,0.0,0.0,0.0,0.0,0.0,0.0,0.0,0.0,0.0,0.0,0.0,0.0,0.0,0.0,0.0,0.0,0.0,0.0,0.0,test
917,2025,Desember,CBBKR,Cabai Keriting,12,5,0,0,5,12,475.0,0,35000,47500.0,0,0.39583333333333337,0.41666666666666663,12,0,False,2025-12-01,0.1724137931034484,0.9690980955803089,0.0,0.4999999999999999,1.0,0.9500000000000001,0.5645933014354066,6,0.0,0.0,0.0,0.0,0.0,0.0,1.0,0.0,0.0,0.0,0.0,0.0,0.0,0.0,0.0,0.0,0.0,0.0,0.0,0.0,0.0,0.0,0.0,0.0,0.0,0.0,test
943,2026,Januari,CBBKR,Cabai Keriting,12,4,8,0,3,11,400.0,800,35000,40000.0,80000,1.0,1.0,1,0,False,2026-01-01,-0.1724137931034475,0.6015091627739849,0.0,0.75,0.9330127018922194,0.39583333333333337,0.5725677830940988,6,0.0,0.0,0.0,0.0,0.0,0.0,1.0,0.0,0.0,0.0,0.0,0.0,0.0,0.0,0.0,0.0,0.0,0.0,0.0,0.0,0.0,0.0,0.0,0.0,0.0,0.0,test
971,2026,Februari,CBBKR,Cabai Keriting,11,3,0,0,3,11,300.0,0,35000,30000.0,0,0.25,0.25,2,0,False,2026-02-01,-0.068965517241379,0.6884656845131153,0.0,0.9330127018922193,0.75,1.0,0.8979266347687399,6,0.0,0.0,0.0,0.0,0.0,0.0,1.0,0.0,0.0,0.0,0.0,0.0,0.0,0.0,0.0,0.0,0.0,0.0,0.0,0.0,0.0,0.0,0.0,0.0,0.0,0.0,test
999,2026,Maret,CBBKR,Cabai Keriting,11,4,7,0,2,9,400.0,700,25000,40000.0,70000,0.9166666666666667,0.9166666666666666,3,0,False,2026-03-01,0.1034482758620694,0.7226015091627739,0.0,1.0,0.5,0.25,0.6299840510366825,6,0.0,0.0,0.0,0.0,0.0,0.0,1.0,0.0,0.0,0.0,0.0,0.0,0.0,0.0,0.0,0.0,0.0,0.0,0.0,0.0,0.0,0.0,0.0,0.0,0.0,0.0,test
86,2023,April,CRW,Cabai Rawit,15,3,12,0,3,15,285.0,1140,19000,28500.0,114000,0.95,1.0,4,0,False,2023-04-01,0.2068965517241379,0.6981674452030183,0.0,0.9330127018922194,0.2500000000000001,0.8866666666666667,0.6325802615933414,7,0.0,0.0,0.0,0.0,0.0,0.0,0.0,1.0,0.0,0.0,0.0,0.0,0.0,0.0,0.0,0.0,0.0,0.0,0.0,0.0,0.0,0.0,0.0,0.0,0.0,0.0,train
112,2023,Mei,CRW,Cabai Rawit,15,1,14,0,1,15,95.0,1330,19000,9500.0,133000,0.95,1.0,5,0,False,2023-05-01,0.3103448275862073,0.6126482213438734,0.0,0.75,0.06698729810778065,0.95,0.8810939357907254,7,0.0,0.0,0.0,0.0,0.0,0.0,0.0,1.0,0.0,0.0,0.0,0.0,0.0,0.0,0.0,0.0,0.0,0.0,0.0,0.0,0.0,0.0,0.0,0.0,0.0,0.0,train
138,2023,Juni,CRW,Cabai Rawit,15,1,14,0,1,15,95.0,1260,19000,9500.0,126000,0.9033333333333333,1.0,6,0,False,2023-06-01,0.2068965517241379,0.6658282429033416,0.0,0.5000000000000001,0.0,0.95,0.9940546967895364,7,0.0,0.0,0.0,0.0,0.0,0.0,0.0,1.0,0.0,0.0,0.0,0.0,0.0,0.0,0.0,0.0,0.0,0.0,0.0,0.0,0.0,0.0,0.0,0.0,0.0,0.0,train
164,2023,Juli,CRW,Cabai Rawit,15,2,0,0,2,15,180.0,0,33000,18000.0,0,0.12,0.13333333333333333,7,0,False,2023-07-01,0.1034482758620694,0.02227811713977723,0.0,0.2500000000000001,0.06698729810778059,0.9033333333333333,1.0,7,0.0,0.0,0.0,0.0,0.0,0.0,0.0,1.0,0.0,0.0,0.0,0.0,0.0,0.0,0.0,0.0,0.0,0.0,0.0,0.0,0.0,0.0,0.0,0.0,0.0,0.0,train
190,2023,Agustus,CRW,Cabai Rawit,15,2,0,0,2,15,180.0,0,29000,18000.0,0,0.12,0.13333333333333333,8,0,False,2023-08-01,0.4137931034482749,0.0,0.0,0.06698729810778081,0.24999999999999978,0.12,0.7039239001189062,7,0.0,0.0,0.0,0.0,0.0,0.0,0.0,1.0,0.0,0.0,0.0,0.0,0.0,0.0,0.0,0.0,0.0,0.0,0.0,0.0,0.0,0.0,0.0,0.0,0.0,0.0,train
216,2023,September,CRW,Cabai Rawit,15,4,0,0,4,15,360.0,0,32000,36000.0,0,0.24,0.26666666666666666,9,0,False,2023-09-01,0.7241379310344831,0.22385914480776137,0.0,0.0,0.4999999999999999,0.12,0.40784780023781214,7,0.0,0.0,0.0,0.0,0.0,0.0,0.0,1.0,0.0,0.0,0.0,0.0,0.0,0.0,0.0,0.0,0.0,0.0,0.0,0.0,0.0,0.0,0.0,0.0,0.0,0.0,train
242,2023,Oktober,CRW,Cabai Rawit,15,2,0,0,2,15,180.0,0,35000,18000.0,0,0.12,0.13333333333333333,10,0,False,2023-10-01,1.0000000000000009,0.6572044556234279,0.0,0.0669872981077807,0.75,0.24,0.17122473246135553,7,0.0,0.0,0.0,0.0,0.0,0.0,0.0,1.0,0.0,0.0,0.0,0.0,0.0,0.0,0.0,0.0,0.0,0.0,0.0,0.0,0.0,0.0,0.0,0.0,0.0,0.0,train
268,2023,November,CRW,Cabai Rawit,15,7,5,0,7,15,665.0,475,35000,66500.0,47500,0.76,0.8,11,0,False,2023-11-01,0.4827586206896557,0.9999999999999999,0.0,0.24999999999999978,0.9330127018922192,0.12,0.17122473246135553,7,0.0,0.0,0.0,0.0,0.0,0.0,0.0,1.0,0.0,0.0,0.0,0.0,0.0,0.0,0.0,0.0,0.0,0.0,0.0,0.0,0.0,0.0,0.0,0.0,0.0,0.0,train
294,2023,Desember,CRW,Cabai Rawit,15,2,0,0,2,15,190.0,0,35000,19000.0,0,0.12666666666666668,0.13333333333333333,12,0,False,2023-12-01,0.4137931034482749,0.9690980955803089,0.0,0.4999999999999999,1.0,0.76,0.3995243757431629,7,0.0,0.0,0.0,0.0,0.0,0.0,0.0,1.0,0.0,0.0,0.0,0.0,0.0,0.0,0.0,0.0,0.0,0.0,0.0,0.0,0.0,0.0,0.0,0.0,0.0,0.0,train
320,2024,Januari,CRW,Cabai Rawit,15,5,10,0,5,15,500.0,1000,40000,50000.0,100000,1.0,1.0,1,0,False,2024-01-01,0.2413793103448283,0.6015091627739849,0.0,0.75,0.9330127018922194,0.12666666666666668,0.3590963139120095,7,0.0,0.0,0.0,0.0,0.0,0.0,0.0,1.0,0.0,0.0,0.0,0.0,0.0,0.0,0.0,0.0,0.0,0.0,0.0,0.0,0.0,0.0,0.0,0.0,0.0,0.0,train
346,2024,Februari,CRW,Cabai Rawit,15,4,0,0,3,14,400.0,0,55000,40000.0,0,0.26666666666666666,0.26666666666666666,2,0,False,2024-02-01,0.2758620689655169,0.7236794825727632,0.0,0.9330127018922193,0.75,1.0,0.6730083234244947,7,0.0,0.0,0.0,0.0,0.0,0.0,0.0,1.0,0.0,0.0,0.0,0.0,0.0,0.0,0.0,0.0,0.0,0.0,0.0,0.0,0.0,0.0,0.0,0.0,0.0,0.0,train
372,2024,Maret,CRW,Cabai Rawit,14,3,11,0,2,13,300.0,1100,50000,30000.0,110000,0.9333333333333333,0.9333333333333333,3,0,False,2024-03-01,0.2413793103448283,0.7240388070427596,0.0,1.0,0.5,0.26666666666666666,0.4970273483947682,7,0.0,0.0,0.0,0.0,0.0,0.0,0.0,1.0,0.0,0.0,0.0,0.0,0.0,0.0,0.0,0.0,0.0,0.0,0.0,0.0,0.0,0.0,0.0,0.0,0.0,0.0,train
398,2024,April,CRW,Cabai Rawit,0,0,0,0,0,0,0.0,0,48333,0.0,0,0.0,0.0,4,1,False,2024-04-01,0.4482758620689653,0.6981674452030183,0.0,0.9330127018922194,0.2500000000000001,0.9333333333333333,0.7847800237812129,7,0.0,0.0,0.0,0.0,0.0,0.0,0.0,1.0,0.0,0.0,0.0,0.0,0.0,0.0,0.0,0.0,0.0,0.0,0.0,0.0,0.0,0.0,0.0,0.0,0.0,0.0,train
424,2024,Mei,CRW,Cabai Rawit,0,0,0,0,0,0,0.0,0,48333,0.0,0,0.0,0.0,5,1,False,2024-05-01,0.5172413793103443,0.6126482213438734,0.0,0.75,0.06698729810778065,0.0,0.42806183115338886,7,0.0,0.0,0.0,0.0,0.0,0.0,0.0,1.0,0.0,0.0,0.0,0.0,0.0,0.0,0.0,0.0,0.0,0.0,0.0,0.0,0.0,0.0,0.0,0.0,0.0,0.0,train
450,2024,Juni,CRW,Cabai Rawit,0,0,0,0,0,0,0.0,0,48333,0.0,0,0.0,0.0,6,1,False,2024-06-01,0.2068965517241379,0.6658282429033416,0.0,0.5000000000000001,0.0,0.0,0.3329369797859691,7,0.0,0.0,0.0,0.0,0.0,0.0,0.0,1.0,0.0,0.0,0.0,0.0,0.0,0.0,0.0,0.0,0.0,0.0,0.0,0.0,0.0,0.0,0.0,0.0,0.0,0.0,train
476,2024,Juli,CRW,Cabai Rawit,0,0,0,0,0,0,0.0,0,48333,0.0,0,0.0,0.0,7,1,False,2024-07-01,0.068965517241379,0.02227811713977723,0.0,0.2500000000000001,0.06698729810778059,0.0,0.0,7,0.0,0.0,0.0,0.0,0.0,0.0,0.0,1.0,0.0,0.0,0.0,0.0,0.0,0.0,0.0,0.0,0.0,0.0,0.0,0.0,0.0,0.0,0.0,0.0,0.0,0.0,train
502,2024,Agustus,CRW,Cabai Rawit,0,0,0,0,0,0,0.0,0,48333,0.0,0,0.0,0.0,8,1,False,2024-08-01,0.3793103448275863,0.0,0.0,0.06698729810778081,0.24999999999999978,0.0,0.0,7,0.0,0.0,0.0,0.0,0.0,0.0,0.0,1.0,0.0,0.0,0.0,0.0,0.0,0.0,0.0,0.0,0.0,0.0,0.0,0.0,0.0,0.0,0.0,0.0,0.0,0.0,train
528,2024,September,CRW,Cabai Rawit,0,0,0,0,0,0,0.0,0,48333,0.0,0,0.0,0.0,9,1,False,2024-09-01,0.3793103448275863,0.22385914480776137,0.0,0.0,0.4999999999999999,0.0,0.0,7,0.0,0.0,0.0,0.0,0.0,0.0,0.0,1.0,0.0,0.0,0.0,0.0,0.0,0.0,0.0,0.0,0.0,0.0,0.0,0.0,0.0,0.0,0.0,0.0,0.0,0.0,train
554,2024,Oktober,CRW,Cabai Rawit,0,0,0,0,0,0,0.0,0,48333,0.0,0,0.0,0.0,10,1,False,2024-10-01,0.5517241379310347,0.6572044556234279,0.0,0.0669872981077807,0.75,0.0,0.0,7,0.0,0.0,0.0,0.0,0.0,0.0,0.0,1.0,0.0,0.0,0.0,0.0,0.0,0.0,0.0,0.0,0.0,0.0,0.0,0.0,0.0,0.0,0.0,0.0,0.0,0.0,train
580,2024,November,CRW,Cabai Rawit,0,0,0,0,0,0,0.0,0,48333,0.0,0,0.0,0.0,11,1,False,2024-11-01,0.2413793103448283,0.9999999999999999,0.0,0.24999999999999978,0.9330127018922192,0.0,0.0,7,0.0,0.0,0.0,0.0,0.0,0.0,0.0,1.0,0.0,0.0,0.0,0.0,0.0,0.0,0.0,0.0,0.0,0.0,0.0,0.0,0.0,0.0,0.0,0.0,0.0,0.0,train
606,2024,Desember,CRW,Cabai Rawit,0,0,0,0,0,0,0.0,0,48333,0.0,0,0.0,0.0,12,1,False,2024-12-01,0.1724137931034484,0.9690980955803089,0.0,0.4999999999999999,1.0,0.0,0.0,7,0.0,0.0,0.0,0.0,0.0,0.0,0.0,1.0,0.0,0.0,0.0,0.0,0.0,0.0,0.0,0.0,0.0,0.0,0.0,0.0,0.0,0.0,0.0,0.0,0.0,0.0,train
632,2025,Januari,CRW,Cabai Rawit,9,0,4,0,1,10,0.0,380,25000,0.0,38000,0.25333333333333335,0.26666666666666666,1,0,False,2025-01-01,0.03448275862069039,0.6015091627739849,0.0,0.75,0.9330127018922194,0.0,0.0,7,0.0,0.0,0.0,0.0,0.0,0.0,0.0,1.0,0.0,0.0,0.0,0.0,0.0,0.0,0.0,0.0,0.0,0.0,0.0,0.0,0.0,0.0,0.0,0.0,0.0,0.0,train
658,2025,Februari,CRW,Cabai Rawit,10,2,8,0,6,14,190.0,760,19000,19000.0,76000,0.6333333333333333,0.6666666666666666,2,0,False,2025-02-01,0.0,0.6845131153431548,0.0,0.9330127018922193,0.75,0.25333333333333335,0.09036860879904875,7,0.0,0.0,0.0,0.0,0.0,0.0,0.0,1.0,0.0,0.0,0.0,0.0,0.0,0.0,0.0,0.0,0.0,0.0,0.0,0.0,0.0,0.0,0.0,0.0,0.0,0.0,train
684,2025,Maret,CRW,Cabai Rawit,14,4,10,0,5,15,380.0,950,19000,38000.0,95000,0.8866666666666667,0.9333333333333333,3,0,False,2025-03-01,0.1724137931034484,0.7240388070427596,0.0,1.0,0.5,0.6333333333333333,0.3162901307966707,7,0.0,0.0,0.0,0.0,0.0,0.0,0.0,1.0,0.0,0.0,0.0,0.0,0.0,0.0,0.0,0.0,0.0,0.0,0.0,0.0,0.0,0.0,0.0,0.0,0.0,0.0,train
710,2025,April,CRW,Cabai Rawit,15,3,12,0,3,15,285.0,1140,19000,28500.0,114000,0.95,1.0,4,0,False,2025-04-01,0.13793103448275978,0.6981674452030183,0.0,0.9330127018922194,0.2500000000000001,0.8866666666666667,0.6325802615933414,7,0.0,0.0,0.0,0.0,0.0,0.0,0.0,1.0,0.0,0.0,0.0,0.0,0.0,0.0,0.0,0.0,0.0,0.0,0.0,0.0,0.0,0.0,0.0,0.0,0.0,0.0,train
736,2025,Mei,CRW,Cabai Rawit,15,1,14,0,1,15,95.0,1330,19000,9500.0,133000,0.95,1.0,5,0,False,2025-05-01,0.2413793103448283,0.6126482213438734,0.0,0.75,0.06698729810778065,0.95,0.8810939357907254,7,0.0,0.0,0.0,0.0,0.0,0.0,0.0,1.0,0.0,0.0,0.0,0.0,0.0,0.0,0.0,0.0,0.0,0.0,0.0,0.0,0.0,0.0,0.0,0.0,0.0,0.0,val
762,2025,Juni,CRW,Cabai Rawit,15,1,14,0,1,15,95.0,1260,19000,9500.0,126000,0.9033333333333333,1.0,6,0,False,2025-06-01,0.068965517241379,0.6658282429033416,0.0,0.5000000000000001,0.0,0.95,0.9940546967895364,7,0.0,0.0,0.0,0.0,0.0,0.0,0.0,1.0,0.0,0.0,0.0,0.0,0.0,0.0,0.0,0.0,0.0,0.0,0.0,0.0,0.0,0.0,0.0,0.0,0.0,0.0,val
788,2025,Juli,CRW,Cabai Rawit,15,2,0,0,2,15,180.0,0,33000,18000.0,0,0.12,0.13333333333333333,7,0,False,2025-07-01,0.068965517241379,0.02227811713977723,0.0,0.2500000000000001,0.06698729810778059,0.9033333333333333,1.0,7,0.0,0.0,0.0,0.0,0.0,0.0,0.0,1.0,0.0,0.0,0.0,0.0,0.0,0.0,0.0,0.0,0.0,0.0,0.0,0.0,0.0,0.0,0.0,0.0,0.0,0.0,val
814,2025,Agustus,CRW,Cabai Rawit,15,2,0,0,2,15,180.0,0,29000,18000.0,0,0.12,0.13333333333333333,8,0,False,2025-08-01,0.068965517241379,0.0,0.0,0.06698729810778081,0.24999999999999978,0.12,0.7039239001189062,7,0.0,0.0,0.0,0.0,0.0,0.0,0.0,1.0,0.0,0.0,0.0,0.0,0.0,0.0,0.0,0.0,0.0,0.0,0.0,0.0,0.0,0.0,0.0,0.0,0.0,0.0,val
840,2025,September,CRW,Cabai Rawit,15,4,0,0,4,15,360.0,0,32000,36000.0,0,0.24,0.26666666666666666,9,0,False,2025-09-01,0.2758620689655169,0.22385914480776137,0.0,0.0,0.4999999999999999,0.12,0.40784780023781214,7,0.0,0.0,0.0,0.0,0.0,0.0,0.0,1.0,0.0,0.0,0.0,0.0,0.0,0.0,0.0,0.0,0.0,0.0,0.0,0.0,0.0,0.0,0.0,0.0,0.0,0.0,val
866,2025,Oktober,CRW,Cabai Rawit,15,2,0,0,2,15,180.0,0,35000,18000.0,0,0.12,0.13333333333333333,10,0,False,2025-10-01,0.4137931034482749,0.6572044556234279,0.0,0.0669872981077807,0.75,0.24,0.17122473246135553,7,0.0,0.0,0.0,0.0,0.0,0.0,0.0,1.0,0.0,0.0,0.0,0.0,0.0,0.0,0.0,0.0,0.0,0.0,0.0,0.0,0.0,0.0,0.0,0.0,0.0,0.0,test
892,2025,November,CRW,Cabai Rawit,15,7,5,0,7,15,665.0,475,35000,66500.0,47500,0.76,0.8,11,0,False,2025-11-01,0.2758620689655169,0.9999999999999999,0.0,0.24999999999999978,0.9330127018922192,0.12,0.17122473246135553,7,0.0,0.0,0.0,0.0,0.0,0.0,0.0,1.0,0.0,0.0,0.0,0.0,0.0,0.0,0.0,0.0,0.0,0.0,0.0,0.0,0.0,0.0,0.0,0.0,0.0,0.0,test
918,2025,Desember,CRW,Cabai Rawit,15,2,0,0,2,15,190.0,0,35000,19000.0,0,0.12666666666666668,0.13333333333333333,12,0,False,2025-12-01,0.1724137931034484,0.9690980955803089,0.0,0.4999999999999999,1.0,0.76,0.3995243757431629,7,0.0,0.0,0.0,0.0,0.0,0.0,0.0,1.0,0.0,0.0,0.0,0.0,0.0,0.0,0.0,0.0,0.0,0.0,0.0,0.0,0.0,0.0,0.0,0.0,0.0,0.0,test
944,2026,Januari,CRW,Cabai Rawit,15,5,10,0,5,15,500.0,1000,40000,50000.0,100000,1.0,1.0,1,0,False,2026-01-01,-0.1724137931034475,0.6015091627739849,0.0,0.75,0.9330127018922194,0.12666666666666668,0.3590963139120095,7,0.0,0.0,0.0,0.0,0.0,0.0,0.0,1.0,0.0,0.0,0.0,0.0,0.0,0.0,0.0,0.0,0.0,0.0,0.0,0.0,0.0,0.0,0.0,0.0,0.0,0.0,test
972,2026,Februari,CRW,Cabai Rawit,15,4,0,0,3,14,400.0,0,55000,40000.0,0,0.26666666666666666,0.26666666666666666,2,0,False,2026-02-01,-0.068965517241379,0.6884656845131153,0.0,0.9330127018922193,0.75,1.0,0.6730083234244947,7,0.0,0.0,0.0,0.0,0.0,0.0,0.0,1.0,0.0,0.0,0.0,0.0,0.0,0.0,0.0,0.0,0.0,0.0,0.0,0.0,0.0,0.0,0.0,0.0,0.0,0.0,test
1000,2026,Maret,CRW,Cabai Rawit,14,3,11,0,2,13,300.0,1100,50000,30000.0,110000,0.9333333333333333,0.9333333333333333,3,0,False,2026-03-01,0.1034482758620694,0.7226015091627739,0.0,1.0,0.5,0.26666666666666666,0.4970273483947682,7,0.0,0.0,0.0,0.0,0.0,0.0,0.0,1.0,0.0,0.0,0.0,0.0,0.0,0.0,0.0,0.0,0.0,0.0,0.0,0.0,0.0,0.0,0.0,0.0,0.0,0.0,test
87,2023,April,JMRLL,Jamur Lainnya,0,0,0,0,0,0,0.0,0,0,0.0,0,0.0,0.0,4,1,False,2023-04-01,0.2068965517241379,0.6981674452030183,0.0,0.9330127018922194,0.2500000000000001,0.0,0.0,8,0.0,0.0,0.0,0.0,0.0,0.0,0.0,0.0,1.0,0.0,0.0,0.0,0.0,0.0,0.0,0.0,0.0,0.0,0.0,0.0,0.0,0.0,0.0,0.0,0.0,0.0,train
113,2023,Mei,JMRLL,Jamur Lainnya,0,0,0,0,0,0,0.0,0,0,0.0,0,0.0,0.0,5,1,False,2023-05-01,0.3103448275862073,0.6126482213438734,0.0,0.75,0.06698729810778065,0.0,0.0,8,0.0,0.0,0.0,0.0,0.0,0.0,0.0,0.0,1.0,0.0,0.0,0.0,0.0,0.0,0.0,0.0,0.0,0.0,0.0,0.0,0.0,0.0,0.0,0.0,0.0,0.0,train
139,2023,Juni,JMRLL,Jamur Lainnya,0,0,0,0,0,0,0.0,0,0,0.0,0,0.0,0.0,6,1,False,2023-06-01,0.2068965517241379,0.6658282429033416,0.0,0.5000000000000001,0.0,0.0,0.0,8,0.0,0.0,0.0,0.0,0.0,0.0,0.0,0.0,1.0,0.0,0.0,0.0,0.0,0.0,0.0,0.0,0.0,0.0,0.0,0.0,0.0,0.0,0.0,0.0,0.0,0.0,train
165,2023,Juli,JMRLL,Jamur Lainnya,0,0,0,0,0,0,0.0,0,0,0.0,0,0.0,0.0,7,1,False,2023-07-01,0.1034482758620694,0.02227811713977723,0.0,0.2500000000000001,0.06698729810778059,0.0,0.0,8,0.0,0.0,0.0,0.0,0.0,0.0,0.0,0.0,1.0,0.0,0.0,0.0,0.0,0.0,0.0,0.0,0.0,0.0,0.0,0.0,0.0,0.0,0.0,0.0,0.0,0.0,train
191,2023,Agustus,JMRLL,Jamur Lainnya,0,0,0,0,0,0,0.0,0,0,0.0,0,0.0,0.0,8,1,False,2023-08-01,0.4137931034482749,0.0,0.0,0.06698729810778081,0.24999999999999978,0.0,0.0,8,0.0,0.0,0.0,0.0,0.0,0.0,0.0,0.0,1.0,0.0,0.0,0.0,0.0,0.0,0.0,0.0,0.0,0.0,0.0,0.0,0.0,0.0,0.0,0.0,0.0,0.0,train
217,2023,September,JMRLL,Jamur Lainnya,0,0,0,0,0,0,0.0,0,0,0.0,0,0.0,0.0,9,1,False,2023-09-01,0.7241379310344831,0.22385914480776137,0.0,0.0,0.4999999999999999,0.0,0.0,8,0.0,0.0,0.0,0.0,0.0,0.0,0.0,0.0,1.0,0.0,0.0,0.0,0.0,0.0,0.0,0.0,0.0,0.0,0.0,0.0,0.0,0.0,0.0,0.0,0.0,0.0,train
243,2023,Oktober,JMRLL,Jamur Lainnya,0,0,0,0,0,0,0.0,0,0,0.0,0,0.0,0.0,10,1,False,2023-10-01,1.0000000000000009,0.6572044556234279,0.0,0.0669872981077807,0.75,0.0,0.0,8,0.0,0.0,0.0,0.0,0.0,0.0,0.0,0.0,1.0,0.0,0.0,0.0,0.0,0.0,0.0,0.0,0.0,0.0,0.0,0.0,0.0,0.0,0.0,0.0,0.0,0.0,train
269,2023,November,JMRLL,Jamur Lainnya,0,0,0,0,0,0,0.0,0,0,0.0,0,0.0,0.0,11,1,False,2023-11-01,0.4827586206896557,0.9999999999999999,0.0,0.24999999999999978,0.9330127018922192,0.0,0.0,8,0.0,0.0,0.0,0.0,0.0,0.0,0.0,0.0,1.0,0.0,0.0,0.0,0.0,0.0,0.0,0.0,0.0,0.0,0.0,0.0,0.0,0.0,0.0,0.0,0.0,0.0,train
295,2023,Desember,JMRLL,Jamur Lainnya,0,0,0,0,0,0,0.0,0,0,0.0,0,0.0,0.0,12,1,False,2023-12-01,0.4137931034482749,0.9690980955803089,0.0,0.4999999999999999,1.0,0.0,0.0,8,0.0,0.0,0.0,0.0,0.0,0.0,0.0,0.0,1.0,0.0,0.0,0.0,0.0,0.0,0.0,0.0,0.0,0.0,0.0,0.0,0.0,0.0,0.0,0.0,0.0,0.0,train
321,2024,Januari,JMRLL,Jamur Lainnya,0,0,0,0,0,0,0.0,0,0,0.0,0,0.0,0.0,1,1,False,2024-01-01,0.2413793103448283,0.6015091627739849,0.0,0.75,0.9330127018922194,0.0,0.0,8,0.0,0.0,0.0,0.0,0.0,0.0,0.0,0.0,1.0,0.0,0.0,0.0,0.0,0.0,0.0,0.0,0.0,0.0,0.0,0.0,0.0,0.0,0.0,0.0,0.0,0.0,train
347,2024,Februari,JMRLL,Jamur Lainnya,0,0,0,0,0,0,0.0,0,0,0.0,0,0.0,0.0,2,1,False,2024-02-01,0.2758620689655169,0.7236794825727632,0.0,0.9330127018922193,0.75,0.0,0.0,8,0.0,0.0,0.0,0.0,0.0,0.0,0.0,0.0,1.0,0.0,0.0,0.0,0.0,0.0,0.0,0.0,0.0,0.0,0.0,0.0,0.0,0.0,0.0,0.0,0.0,0.0,train
373,2024,Maret,JMRLL,Jamur Lainnya,0,0,0,0,0,0,0.0,0,0,0.0,0,0.0,0.0,3,1,False,2024-03-01,0.2413793103448283,0.7240388070427596,0.0,1.0,0.5,0.0,0.0,8,0.0,0.0,0.0,0.0,0.0,0.0,0.0,0.0,1.0,0.0,0.0,0.0,0.0,0.0,0.0,0.0,0.0,0.0,0.0,0.0,0.0,0.0,0.0,0.0,0.0,0.0,train
399,2024,April,JMRLL,Jamur Lainnya,0,0,0,0,0,0,0.0,0,0,0.0,0,0.0,0.0,4,1,False,2024-04-01,0.4482758620689653,0.6981674452030183,0.0,0.9330127018922194,0.2500000000000001,0.0,0.0,8,0.0,0.0,0.0,0.0,0.0,0.0,0.0,0.0,1.0,0.0,0.0,0.0,0.0,0.0,0.0,0.0,0.0,0.0,0.0,0.0,0.0,0.0,0.0,0.0,0.0,0.0,train
425,2024,Mei,JMRLL,Jamur Lainnya,0,0,0,0,0,0,0.0,0,0,0.0,0,0.0,0.0,5,1,False,2024-05-01,0.5172413793103443,0.6126482213438734,0.0,0.75,0.06698729810778065,0.0,0.0,8,0.0,0.0,0.0,0.0,0.0,0.0,0.0,0.0,1.0,0.0,0.0,0.0,0.0,0.0,0.0,0.0,0.0,0.0,0.0,0.0,0.0,0.0,0.0,0.0,0.0,0.0,train
451,2024,Juni,JMRLL,Jamur Lainnya,0,0,0,0,0,0,0.0,0,0,0.0,0,0.0,0.0,6,1,False,2024-06-01,0.2068965517241379,0.6658282429033416,0.0,0.5000000000000001,0.0,0.0,0.0,8,0.0,0.0,0.0,0.0,0.0,0.0,0.0,0.0,1.0,0.0,0.0,0.0,0.0,0.0,0.0,0.0,0.0,0.0,0.0,0.0,0.0,0.0,0.0,0.0,0.0,0.0,train
477,2024,Juli,JMRLL,Jamur Lainnya,0,0,0,0,0,0,0.0,0,0,0.0,0,0.0,0.0,7,1,False,2024-07-01,0.068965517241379,0.02227811713977723,0.0,0.2500000000000001,0.06698729810778059,0.0,0.0,8,0.0,0.0,0.0,0.0,0.0,0.0,0.0,0.0,1.0,0.0,0.0,0.0,0.0,0.0,0.0,0.0,0.0,0.0,0.0,0.0,0.0,0.0,0.0,0.0,0.0,0.0,train
503,2024,Agustus,JMRLL,Jamur Lainnya,0,0,0,0,0,0,0.0,0,0,0.0,0,0.0,0.0,8,1,False,2024-08-01,0.3793103448275863,0.0,0.0,0.06698729810778081,0.24999999999999978,0.0,0.0,8,0.0,0.0,0.0,0.0,0.0,0.0,0.0,0.0,1.0,0.0,0.0,0.0,0.0,0.0,0.0,0.0,0.0,0.0,0.0,0.0,0.0,0.0,0.0,0.0,0.0,0.0,train
529,2024,September,JMRLL,Jamur Lainnya,0,0,0,0,0,0,0.0,0,0,0.0,0,0.0,0.0,9,1,False,2024-09-01,0.3793103448275863,0.22385914480776137,0.0,0.0,0.4999999999999999,0.0,0.0,8,0.0,0.0,0.0,0.0,0.0,0.0,0.0,0.0,1.0,0.0,0.0,0.0,0.0,0.0,0.0,0.0,0.0,0.0,0.0,0.0,0.0,0.0,0.0,0.0,0.0,0.0,train
555,2024,Oktober,JMRLL,Jamur Lainnya,0,0,0,0,0,0,0.0,0,0,0.0,0,0.0,0.0,10,1,False,2024-10-01,0.5517241379310347,0.6572044556234279,0.0,0.0669872981077807,0.75,0.0,0.0,8,0.0,0.0,0.0,0.0,0.0,0.0,0.0,0.0,1.0,0.0,0.0,0.0,0.0,0.0,0.0,0.0,0.0,0.0,0.0,0.0,0.0,0.0,0.0,0.0,0.0,0.0,train
581,2024,November,JMRLL,Jamur Lainnya,0,0,0,0,0,0,0.0,0,0,0.0,0,0.0,0.0,11,1,False,2024-11-01,0.2413793103448283,0.9999999999999999,0.0,0.24999999999999978,0.9330127018922192,0.0,0.0,8,0.0,0.0,0.0,0.0,0.0,0.0,0.0,0.0,1.0,0.0,0.0,0.0,0.0,0.0,0.0,0.0,0.0,0.0,0.0,0.0,0.0,0.0,0.0,0.0,0.0,0.0,train
607,2024,Desember,JMRLL,Jamur Lainnya,0,0,0,0,0,0,0.0,0,0,0.0,0,0.0,0.0,12,1,False,2024-12-01,0.1724137931034484,0.9690980955803089,0.0,0.4999999999999999,1.0,0.0,0.0,8,0.0,0.0,0.0,0.0,0.0,0.0,0.0,0.0,1.0,0.0,0.0,0.0,0.0,0.0,0.0,0.0,0.0,0.0,0.0,0.0,0.0,0.0,0.0,0.0,0.0,0.0,train
633,2025,Januari,JMRLL,Jamur Lainnya,0,0,0,0,0,0,0.0,0,0,0.0,0,0.0,0.0,1,1,False,2025-01-01,0.03448275862069039,0.6015091627739849,0.0,0.75,0.9330127018922194,0.0,0.0,8,0.0,0.0,0.0,0.0,0.0,0.0,0.0,0.0,1.0,0.0,0.0,0.0,0.0,0.0,0.0,0.0,0.0,0.0,0.0,0.0,0.0,0.0,0.0,0.0,0.0,0.0,train
659,2025,Februari,JMRLL,Jamur Lainnya,0,0,0,0,0,0,0.0,0,0,0.0,0,0.0,0.0,2,1,False,2025-02-01,0.0,0.6845131153431548,0.0,0.9330127018922193,0.75,0.0,0.0,8,0.0,0.0,0.0,0.0,0.0,0.0,0.0,0.0,1.0,0.0,0.0,0.0,0.0,0.0,0.0,0.0,0.0,0.0,0.0,0.0,0.0,0.0,0.0,0.0,0.0,0.0,train
685,2025,Maret,JMRLL,Jamur Lainnya,0,0,0,0,0,0,0.0,0,0,0.0,0,0.0,0.0,3,1,False,2025-03-01,0.1724137931034484,0.7240388070427596,0.0,1.0,0.5,0.0,0.0,8,0.0,0.0,0.0,0.0,0.0,0.0,0.0,0.0,1.0,0.0,0.0,0.0,0.0,0.0,0.0,0.0,0.0,0.0,0.0,0.0,0.0,0.0,0.0,0.0,0.0,0.0,train
711,2025,April,JMRLL,Jamur Lainnya,0,0,0,0,0,0,0.0,0,0,0.0,0,0.0,0.0,4,1,False,2025-04-01,0.13793103448275978,0.6981674452030183,0.0,0.9330127018922194,0.2500000000000001,0.0,0.0,8,0.0,0.0,0.0,0.0,0.0,0.0,0.0,0.0,1.0,0.0,0.0,0.0,0.0,0.0,0.0,0.0,0.0,0.0,0.0,0.0,0.0,0.0,0.0,0.0,0.0,0.0,train
737,2025,Mei,JMRLL,Jamur Lainnya,0,0,0,0,0,0,0.0,0,0,0.0,0,0.0,0.0,5,1,False,2025-05-01,0.2413793103448283,0.6126482213438734,0.0,0.75,0.06698729810778065,0.0,0.0,8,0.0,0.0,0.0,0.0,0.0,0.0,0.0,0.0,1.0,0.0,0.0,0.0,0.0,0.0,0.0,0.0,0.0,0.0,0.0,0.0,0.0,0.0,0.0,0.0,0.0,0.0,val
763,2025,Juni,JMRLL,Jamur Lainnya,0,0,0,0,0,0,0.0,0,0,0.0,0,0.0,0.0,6,1,False,2025-06-01,0.068965517241379,0.6658282429033416,0.0,0.5000000000000001,0.0,0.0,0.0,8,0.0,0.0,0.0,0.0,0.0,0.0,0.0,0.0,1.0,0.0,0.0,0.0,0.0,0.0,0.0,0.0,0.0,0.0,0.0,0.0,0.0,0.0,0.0,0.0,0.0,0.0,val
789,2025,Juli,JMRLL,Jamur Lainnya,0,0,0,0,0,0,0.0,0,0,0.0,0,0.0,0.0,7,1,False,2025-07-01,0.068965517241379,0.02227811713977723,0.0,0.2500000000000001,0.06698729810778059,0.0,0.0,8,0.0,0.0,0.0,0.0,0.0,0.0,0.0,0.0,1.0,0.0,0.0,0.0,0.0,0.0,0.0,0.0,0.0,0.0,0.0,0.0,0.0,0.0,0.0,0.0,0.0,0.0,val
815,2025,Agustus,JMRLL,Jamur Lainnya,0,0,0,0,0,0,0.0,0,0,0.0,0,0.0,0.0,8,1,False,2025-08-01,0.068965517241379,0.0,0.0,0.06698729810778081,0.24999999999999978,0.0,0.0,8,0.0,0.0,0.0,0.0,0.0,0.0,0.0,0.0,1.0,0.0,0.0,0.0,0.0,0.0,0.0,0.0,0.0,0.0,0.0,0.0,0.0,0.0,0.0,0.0,0.0,0.0,val
841,2025,September,JMRLL,Jamur Lainnya,0,0,0,0,0,0,0.0,0,0,0.0,0,0.0,0.0,9,1,False,2025-09-01,0.2758620689655169,0.22385914480776137,0.0,0.0,0.4999999999999999,0.0,0.0,8,0.0,0.0,0.0,0.0,0.0,0.0,0.0,0.0,1.0,0.0,0.0,0.0,0.0,0.0,0.0,0.0,0.0,0.0,0.0,0.0,0.0,0.0,0.0,0.0,0.0,0.0,val
867,2025,Oktober,JMRLL,Jamur Lainnya,0,0,0,0,0,0,0.0,0,0,0.0,0,0.0,0.0,10,1,False,2025-10-01,0.4137931034482749,0.6572044556234279,0.0,0.0669872981077807,0.75,0.0,0.0,8,0.0,0.0,0.0,0.0,0.0,0.0,0.0,0.0,1.0,0.0,0.0,0.0,0.0,0.0,0.0,0.0,0.0,0.0,0.0,0.0,0.0,0.0,0.0,0.0,0.0,0.0,test
893,2025,November,JMRLL,Jamur Lainnya,0,0,0,0,0,0,0.0,0,0,0.0,0,0.0,0.0,11,1,False,2025-11-01,0.2758620689655169,0.9999999999999999,0.0,0.24999999999999978,0.9330127018922192,0.0,0.0,8,0.0,0.0,0.0,0.0,0.0,0.0,0.0,0.0,1.0,0.0,0.0,0.0,0.0,0.0,0.0,0.0,0.0,0.0,0.0,0.0,0.0,0.0,0.0,0.0,0.0,0.0,test
919,2025,Desember,JMRLL,Jamur Lainnya,0,0,0,0,0,0,0.0,0,0,0.0,0,0.0,0.0,12,1,False,2025-12-01,0.1724137931034484,0.9690980955803089,0.0,0.4999999999999999,1.0,0.0,0.0,8,0.0,0.0,0.0,0.0,0.0,0.0,0.0,0.0,1.0,0.0,0.0,0.0,0.0,0.0,0.0,0.0,0.0,0.0,0.0,0.0,0.0,0.0,0.0,0.0,0.0,0.0,test
945,2026,Januari,JMRLL,Jamur Lainnya,0,0,0,0,0,0,0.0,0,0,0.0,0,0.0,0.0,1,1,False,2026-01-01,-0.1724137931034475,0.6015091627739849,0.0,0.75,0.9330127018922194,0.0,0.0,8,0.0,0.0,0.0,0.0,0.0,0.0,0.0,0.0,1.0,0.0,0.0,0.0,0.0,0.0,0.0,0.0,0.0,0.0,0.0,0.0,0.0,0.0,0.0,0.0,0.0,0.0,test
973,2026,Februari,JMRLL,Jamur Lainnya,0,0,0,0,0,0,0.0,0,0,0.0,0,0.0,0.0,2,1,False,2026-02-01,-0.068965517241379,0.6884656845131153,0.0,0.9330127018922193,0.75,0.0,0.0,8,0.0,0.0,0.0,0.0,0.0,0.0,0.0,0.0,1.0,0.0,0.0,0.0,0.0,0.0,0.0,0.0,0.0,0.0,0.0,0.0,0.0,0.0,0.0,0.0,0.0,0.0,test
1001,2026,Maret,JMRLL,Jamur Lainnya,0,0,0,0,0,0,0.0,0,0,0.0,0,0.0,0.0,3,1,False,2026-03-01,0.1034482758620694,0.7226015091627739,0.0,1.0,0.5,0.0,0.0,8,0.0,0.0,0.0,0.0,0.0,0.0,0.0,0.0,1.0,0.0,0.0,0.0,0.0,0.0,0.0,0.0,0.0,0.0,0.0,0.0,0.0,0.0,0.0,0.0,0.0,0.0,test
88,2023,April,JMRMR,Jamur Merang,0,0,0,0,0,0,0.0,0,0,0.0,0,0.0,0.0,4,1,False,2023-04-01,0.2068965517241379,0.6981674452030183,0.0,0.9330127018922194,0.2500000000000001,0.0,0.0,9,0.0,0.0,0.0,0.0,0.0,0.0,0.0,0.0,0.0,1.0,0.0,0.0,0.0,0.0,0.0,0.0,0.0,0.0,0.0,0.0,0.0,0.0,0.0,0.0,0.0,0.0,train
114,2023,Mei,JMRMR,Jamur Merang,0,0,0,0,0,0,0.0,0,0,0.0,0,0.0,0.0,5,1,False,2023-05-01,0.3103448275862073,0.6126482213438734,0.0,0.75,0.06698729810778065,0.0,0.0,9,0.0,0.0,0.0,0.0,0.0,0.0,0.0,0.0,0.0,1.0,0.0,0.0,0.0,0.0,0.0,0.0,0.0,0.0,0.0,0.0,0.0,0.0,0.0,0.0,0.0,0.0,train
140,2023,Juni,JMRMR,Jamur Merang,0,0,0,0,0,0,0.0,0,0,0.0,0,0.0,0.0,6,1,False,2023-06-01,0.2068965517241379,0.6658282429033416,0.0,0.5000000000000001,0.0,0.0,0.0,9,0.0,0.0,0.0,0.0,0.0,0.0,0.0,0.0,0.0,1.0,0.0,0.0,0.0,0.0,0.0,0.0,0.0,0.0,0.0,0.0,0.0,0.0,0.0,0.0,0.0,0.0,train
166,2023,Juli,JMRMR,Jamur Merang,0,0,0,0,0,0,0.0,0,0,0.0,0,0.0,0.0,7,1,False,2023-07-01,0.1034482758620694,0.02227811713977723,0.0,0.2500000000000001,0.06698729810778059,0.0,0.0,9,0.0,0.0,0.0,0.0,0.0,0.0,0.0,0.0,0.0,1.0,0.0,0.0,0.0,0.0,0.0,0.0,0.0,0.0,0.0,0.0,0.0,0.0,0.0,0.0,0.0,0.0,train
192,2023,Agustus,JMRMR,Jamur Merang,0,0,0,0,0,0,0.0,0,0,0.0,0,0.0,0.0,8,1,False,2023-08-01,0.4137931034482749,0.0,0.0,0.06698729810778081,0.24999999999999978,0.0,0.0,9,0.0,0.0,0.0,0.0,0.0,0.0,0.0,0.0,0.0,1.0,0.0,0.0,0.0,0.0,0.0,0.0,0.0,0.0,0.0,0.0,0.0,0.0,0.0,0.0,0.0,0.0,train
218,2023,September,JMRMR,Jamur Merang,0,0,0,0,0,0,0.0,0,0,0.0,0,0.0,0.0,9,1,False,2023-09-01,0.7241379310344831,0.22385914480776137,0.0,0.0,0.4999999999999999,0.0,0.0,9,0.0,0.0,0.0,0.0,0.0,0.0,0.0,0.0,0.0,1.0,0.0,0.0,0.0,0.0,0.0,0.0,0.0,0.0,0.0,0.0,0.0,0.0,0.0,0.0,0.0,0.0,train
244,2023,Oktober,JMRMR,Jamur Merang,0,0,0,0,0,0,0.0,0,0,0.0,0,0.0,0.0,10,1,False,2023-10-01,1.0000000000000009,0.6572044556234279,0.0,0.0669872981077807,0.75,0.0,0.0,9,0.0,0.0,0.0,0.0,0.0,0.0,0.0,0.0,0.0,1.0,0.0,0.0,0.0,0.0,0.0,0.0,0.0,0.0,0.0,0.0,0.0,0.0,0.0,0.0,0.0,0.0,train
270,2023,November,JMRMR,Jamur Merang,0,0,0,0,0,0,0.0,0,0,0.0,0,0.0,0.0,11,1,False,2023-11-01,0.4827586206896557,0.9999999999999999,0.0,0.24999999999999978,0.9330127018922192,0.0,0.0,9,0.0,0.0,0.0,0.0,0.0,0.0,0.0,0.0,0.0,1.0,0.0,0.0,0.0,0.0,0.0,0.0,0.0,0.0,0.0,0.0,0.0,0.0,0.0,0.0,0.0,0.0,train
296,2023,Desember,JMRMR,Jamur Merang,0,0,0,0,0,0,0.0,0,0,0.0,0,0.0,0.0,12,1,False,2023-12-01,0.4137931034482749,0.9690980955803089,0.0,0.4999999999999999,1.0,0.0,0.0,9,0.0,0.0,0.0,0.0,0.0,0.0,0.0,0.0,0.0,1.0,0.0,0.0,0.0,0.0,0.0,0.0,0.0,0.0,0.0,0.0,0.0,0.0,0.0,0.0,0.0,0.0,train
322,2024,Januari,JMRMR,Jamur Merang,0,0,0,0,0,0,0.0,0,0,0.0,0,0.0,0.0,1,1,False,2024-01-01,0.2413793103448283,0.6015091627739849,0.0,0.75,0.9330127018922194,0.0,0.0,9,0.0,0.0,0.0,0.0,0.0,0.0,0.0,0.0,0.0,1.0,0.0,0.0,0.0,0.0,0.0,0.0,0.0,0.0,0.0,0.0,0.0,0.0,0.0,0.0,0.0,0.0,train
348,2024,Februari,JMRMR,Jamur Merang,0,0,0,0,0,0,0.0,0,0,0.0,0,0.0,0.0,2,1,False,2024-02-01,0.2758620689655169,0.7236794825727632,0.0,0.9330127018922193,0.75,0.0,0.0,9,0.0,0.0,0.0,0.0,0.0,0.0,0.0,0.0,0.0,1.0,0.0,0.0,0.0,0.0,0.0,0.0,0.0,0.0,0.0,0.0,0.0,0.0,0.0,0.0,0.0,0.0,train
374,2024,Maret,JMRMR,Jamur Merang,0,0,0,0,0,0,0.0,0,0,0.0,0,0.0,0.0,3,1,False,2024-03-01,0.2413793103448283,0.7240388070427596,0.0,1.0,0.5,0.0,0.0,9,0.0,0.0,0.0,0.0,0.0,0.0,0.0,0.0,0.0,1.0,0.0,0.0,0.0,0.0,0.0,0.0,0.0,0.0,0.0,0.0,0.0,0.0,0.0,0.0,0.0,0.0,train
400,2024,April,JMRMR,Jamur Merang,0,0,0,0,0,0,0.0,0,0,0.0,0,0.0,0.0,4,1,False,2024-04-01,0.4482758620689653,0.6981674452030183,0.0,0.9330127018922194,0.2500000000000001,0.0,0.0,9,0.0,0.0,0.0,0.0,0.0,0.0,0.0,0.0,0.0,1.0,0.0,0.0,0.0,0.0,0.0,0.0,0.0,0.0,0.0,0.0,0.0,0.0,0.0,0.0,0.0,0.0,train
426,2024,Mei,JMRMR,Jamur Merang,0,0,0,0,0,0,0.0,0,0,0.0,0,0.0,0.0,5,1,False,2024-05-01,0.5172413793103443,0.6126482213438734,0.0,0.75,0.06698729810778065,0.0,0.0,9,0.0,0.0,0.0,0.0,0.0,0.0,0.0,0.0,0.0,1.0,0.0,0.0,0.0,0.0,0.0,0.0,0.0,0.0,0.0,0.0,0.0,0.0,0.0,0.0,0.0,0.0,train
452,2024,Juni,JMRMR,Jamur Merang,0,0,0,0,0,0,0.0,0,0,0.0,0,0.0,0.0,6,1,False,2024-06-01,0.2068965517241379,0.6658282429033416,0.0,0.5000000000000001,0.0,0.0,0.0,9,0.0,0.0,0.0,0.0,0.0,0.0,0.0,0.0,0.0,1.0,0.0,0.0,0.0,0.0,0.0,0.0,0.0,0.0,0.0,0.0,0.0,0.0,0.0,0.0,0.0,0.0,train
478,2024,Juli,JMRMR,Jamur Merang,0,0,0,0,0,0,0.0,0,0,0.0,0,0.0,0.0,7,1,False,2024-07-01,0.068965517241379,0.02227811713977723,0.0,0.2500000000000001,0.06698729810778059,0.0,0.0,9,0.0,0.0,0.0,0.0,0.0,0.0,0.0,0.0,0.0,1.0,0.0,0.0,0.0,0.0,0.0,0.0,0.0,0.0,0.0,0.0,0.0,0.0,0.0,0.0,0.0,0.0,train
504,2024,Agustus,JMRMR,Jamur Merang,0,0,0,0,0,0,0.0,0,0,0.0,0,0.0,0.0,8,1,False,2024-08-01,0.3793103448275863,0.0,0.0,0.06698729810778081,0.24999999999999978,0.0,0.0,9,0.0,0.0,0.0,0.0,0.0,0.0,0.0,0.0,0.0,1.0,0.0,0.0,0.0,0.0,0.0,0.0,0.0,0.0,0.0,0.0,0.0,0.0,0.0,0.0,0.0,0.0,train
530,2024,September,JMRMR,Jamur Merang,0,0,0,0,0,0,0.0,0,0,0.0,0,0.0,0.0,9,1,False,2024-09-01,0.3793103448275863,0.22385914480776137,0.0,0.0,0.4999999999999999,0.0,0.0,9,0.0,0.0,0.0,0.0,0.0,0.0,0.0,0.0,0.0,1.0,0.0,0.0,0.0,0.0,0.0,0.0,0.0,0.0,0.0,0.0,0.0,0.0,0.0,0.0,0.0,0.0,train
556,2024,Oktober,JMRMR,Jamur Merang,0,0,0,0,0,0,0.0,0,0,0.0,0,0.0,0.0,10,1,False,2024-10-01,0.5517241379310347,0.6572044556234279,0.0,0.0669872981077807,0.75,0.0,0.0,9,0.0,0.0,0.0,0.0,0.0,0.0,0.0,0.0,0.0,1.0,0.0,0.0,0.0,0.0,0.0,0.0,0.0,0.0,0.0,0.0,0.0,0.0,0.0,0.0,0.0,0.0,train
582,2024,November,JMRMR,Jamur Merang,0,0,0,0,0,0,0.0,0,0,0.0,0,0.0,0.0,11,1,False,2024-11-01,0.2413793103448283,0.9999999999999999,0.0,0.24999999999999978,0.9330127018922192,0.0,0.0,9,0.0,0.0,0.0,0.0,0.0,0.0,0.0,0.0,0.0,1.0,0.0,0.0,0.0,0.0,0.0,0.0,0.0,0.0,0.0,0.0,0.0,0.0,0.0,0.0,0.0,0.0,train
608,2024,Desember,JMRMR,Jamur Merang,0,0,0,0,0,0,0.0,0,0,0.0,0,0.0,0.0,12,1,False,2024-12-01,0.1724137931034484,0.9690980955803089,0.0,0.4999999999999999,1.0,0.0,0.0,9,0.0,0.0,0.0,0.0,0.0,0.0,0.0,0.0,0.0,1.0,0.0,0.0,0.0,0.0,0.0,0.0,0.0,0.0,0.0,0.0,0.0,0.0,0.0,0.0,0.0,0.0,train
634,2025,Januari,JMRMR,Jamur Merang,0,0,0,0,0,0,0.0,0,0,0.0,0,0.0,0.0,1,1,False,2025-01-01,0.03448275862069039,0.6015091627739849,0.0,0.75,0.9330127018922194,0.0,0.0,9,0.0,0.0,0.0,0.0,0.0,0.0,0.0,0.0,0.0,1.0,0.0,0.0,0.0,0.0,0.0,0.0,0.0,0.0,0.0,0.0,0.0,0.0,0.0,0.0,0.0,0.0,train
660,2025,Februari,JMRMR,Jamur Merang,0,0,0,0,0,0,0.0,0,0,0.0,0,0.0,0.0,2,1,False,2025-02-01,0.0,0.6845131153431548,0.0,0.9330127018922193,0.75,0.0,0.0,9,0.0,0.0,0.0,0.0,0.0,0.0,0.0,0.0,0.0,1.0,0.0,0.0,0.0,0.0,0.0,0.0,0.0,0.0,0.0,0.0,0.0,0.0,0.0,0.0,0.0,0.0,train
686,2025,Maret,JMRMR,Jamur Merang,0,0,0,0,0,0,0.0,0,0,0.0,0,0.0,0.0,3,1,False,2025-03-01,0.1724137931034484,0.7240388070427596,0.0,1.0,0.5,0.0,0.0,9,0.0,0.0,0.0,0.0,0.0,0.0,0.0,0.0,0.0,1.0,0.0,0.0,0.0,0.0,0.0,0.0,0.0,0.0,0.0,0.0,0.0,0.0,0.0,0.0,0.0,0.0,train
712,2025,April,JMRMR,Jamur Merang,0,0,0,0,0,0,0.0,0,0,0.0,0,0.0,0.0,4,1,False,2025-04-01,0.13793103448275978,0.6981674452030183,0.0,0.9330127018922194,0.2500000000000001,0.0,0.0,9,0.0,0.0,0.0,0.0,0.0,0.0,0.0,0.0,0.0,1.0,0.0,0.0,0.0,0.0,0.0,0.0,0.0,0.0,0.0,0.0,0.0,0.0,0.0,0.0,0.0,0.0,train
738,2025,Mei,JMRMR,Jamur Merang,0,0,0,0,0,0,0.0,0,0,0.0,0,0.0,0.0,5,1,False,2025-05-01,0.2413793103448283,0.6126482213438734,0.0,0.75,0.06698729810778065,0.0,0.0,9,0.0,0.0,0.0,0.0,0.0,0.0,0.0,0.0,0.0,1.0,0.0,0.0,0.0,0.0,0.0,0.0,0.0,0.0,0.0,0.0,0.0,0.0,0.0,0.0,0.0,0.0,val
764,2025,Juni,JMRMR,Jamur Merang,0,0,0,0,0,0,0.0,0,0,0.0,0,0.0,0.0,6,1,False,2025-06-01,0.068965517241379,0.6658282429033416,0.0,0.5000000000000001,0.0,0.0,0.0,9,0.0,0.0,0.0,0.0,0.0,0.0,0.0,0.0,0.0,1.0,0.0,0.0,0.0,0.0,0.0,0.0,0.0,0.0,0.0,0.0,0.0,0.0,0.0,0.0,0.0,0.0,val
790,2025,Juli,JMRMR,Jamur Merang,0,0,0,0,0,0,0.0,0,0,0.0,0,0.0,0.0,7,1,False,2025-07-01,0.068965517241379,0.02227811713977723,0.0,0.2500000000000001,0.06698729810778059,0.0,0.0,9,0.0,0.0,0.0,0.0,0.0,0.0,0.0,0.0,0.0,1.0,0.0,0.0,0.0,0.0,0.0,0.0,0.0,0.0,0.0,0.0,0.0,0.0,0.0,0.0,0.0,0.0,val
816,2025,Agustus,JMRMR,Jamur Merang,0,0,0,0,0,0,0.0,0,0,0.0,0,0.0,0.0,8,1,False,2025-08-01,0.068965517241379,0.0,0.0,0.06698729810778081,0.24999999999999978,0.0,0.0,9,0.0,0.0,0.0,0.0,0.0,0.0,0.0,0.0,0.0,1.0,0.0,0.0,0.0,0.0,0.0,0.0,0.0,0.0,0.0,0.0,0.0,0.0,0.0,0.0,0.0,0.0,val
842,2025,September,JMRMR,Jamur Merang,0,0,0,0,0,0,0.0,0,0,0.0,0,0.0,0.0,9,1,False,2025-09-01,0.2758620689655169,0.22385914480776137,0.0,0.0,0.4999999999999999,0.0,0.0,9,0.0,0.0,0.0,0.0,0.0,0.0,0.0,0.0,0.0,1.0,0.0,0.0,0.0,0.0,0.0,0.0,0.0,0.0,0.0,0.0,0.0,0.0,0.0,0.0,0.0,0.0,val
868,2025,Oktober,JMRMR,Jamur Merang,0,0,0,0,0,0,0.0,0,0,0.0,0,0.0,0.0,10,1,False,2025-10-01,0.4137931034482749,0.6572044556234279,0.0,0.0669872981077807,0.75,0.0,0.0,9,0.0,0.0,0.0,0.0,0.0,0.0,0.0,0.0,0.0,1.0,0.0,0.0,0.0,0.0,0.0,0.0,0.0,0.0,0.0,0.0,0.0,0.0,0.0,0.0,0.0,0.0,test
894,2025,November,JMRMR,Jamur Merang,0,0,0,0,0,0,0.0,0,0,0.0,0,0.0,0.0,11,1,False,2025-11-01,0.2758620689655169,0.9999999999999999,0.0,0.24999999999999978,0.9330127018922192,0.0,0.0,9,0.0,0.0,0.0,0.0,0.0,0.0,0.0,0.0,0.0,1.0,0.0,0.0,0.0,0.0,0.0,0.0,0.0,0.0,0.0,0.0,0.0,0.0,0.0,0.0,0.0,0.0,test
920,2025,Desember,JMRMR,Jamur Merang,0,0,0,0,0,0,0.0,0,0,0.0,0,0.0,0.0,12,1,False,2025-12-01,0.1724137931034484,0.9690980955803089,0.0,0.4999999999999999,1.0,0.0,0.0,9,0.0,0.0,0.0,0.0,0.0,0.0,0.0,0.0,0.0,1.0,0.0,0.0,0.0,0.0,0.0,0.0,0.0,0.0,0.0,0.0,0.0,0.0,0.0,0.0,0.0,0.0,test
946,2026,Januari,JMRMR,Jamur Merang,0,0,0,0,0,0,0.0,0,0,0.0,0,0.0,0.0,1,1,False,2026-01-01,-0.1724137931034475,0.6015091627739849,0.0,0.75,0.9330127018922194,0.0,0.0,9,0.0,0.0,0.0,0.0,0.0,0.0,0.0,0.0,0.0,1.0,0.0,0.0,0.0,0.0,0.0,0.0,0.0,0.0,0.0,0.0,0.0,0.0,0.0,0.0,0.0,0.0,test
974,2026,Februari,JMRMR,Jamur Merang,0,0,0,0,0,0,0.0,0,0,0.0,0,0.0,0.0,2,1,False,2026-02-01,-0.068965517241379,0.6884656845131153,0.0,0.9330127018922193,0.75,0.0,0.0,9,0.0,0.0,0.0,0.0,0.0,0.0,0.0,0.0,0.0,1.0,0.0,0.0,0.0,0.0,0.0,0.0,0.0,0.0,0.0,0.0,0.0,0.0,0.0,0.0,0.0,0.0,test
1002,2026,Maret,JMRMR,Jamur Merang,0,0,0,0,0,0,0.0,0,0,0.0,0,0.0,0.0,3,1,False,2026-03-01,0.1034482758620694,0.7226015091627739,0.0,1.0,0.5,0.0,0.0,9,0.0,0.0,0.0,0.0,0.0,0.0,0.0,0.0,0.0,1.0,0.0,0.0,0.0,0.0,0.0,0.0,0.0,0.0,0.0,0.0,0.0,0.0,0.0,0.0,0.0,0.0,test
89,2023,April,JMRTR,Jamur Tiram,0,0,0,0,0,0,0.0,0,12000,0.0,0,0.0,0.0,4,1,False,2023-04-01,0.2068965517241379,0.6981674452030183,0.0,0.9330127018922194,0.2500000000000001,0.0,0.0,10,0.0,0.0,0.0,0.0,0.0,0.0,0.0,0.0,0.0,0.0,1.0,0.0,0.0,0.0,0.0,0.0,0.0,0.0,0.0,0.0,0.0,0.0,0.0,0.0,0.0,0.0,train
115,2023,Mei,JMRTR,Jamur Tiram,0,0,0,0,0,0,0.0,0,12000,0.0,0,0.0,0.0,5,1,False,2023-05-01,0.3103448275862073,0.6126482213438734,0.0,0.75,0.06698729810778065,0.0,0.0,10,0.0,0.0,0.0,0.0,0.0,0.0,0.0,0.0,0.0,0.0,1.0,0.0,0.0,0.0,0.0,0.0,0.0,0.0,0.0,0.0,0.0,0.0,0.0,0.0,0.0,0.0,train
141,2023,Juni,JMRTR,Jamur Tiram,0,0,0,0,0,0,0.0,0,12000,0.0,0,0.0,0.0,6,1,False,2023-06-01,0.2068965517241379,0.6658282429033416,0.0,0.5000000000000001,0.0,0.0,0.0,10,0.0,0.0,0.0,0.0,0.0,0.0,0.0,0.0,0.0,0.0,1.0,0.0,0.0,0.0,0.0,0.0,0.0,0.0,0.0,0.0,0.0,0.0,0.0,0.0,0.0,0.0,train
167,2023,Juli,JMRTR,Jamur Tiram,0,0,0,0,0,0,0.0,0,12000,0.0,0,0.0,0.0,7,1,False,2023-07-01,0.1034482758620694,0.02227811713977723,0.0,0.2500000000000001,0.06698729810778059,0.0,0.0,10,0.0,0.0,0.0,0.0,0.0,0.0,0.0,0.0,0.0,0.0,1.0,0.0,0.0,0.0,0.0,0.0,0.0,0.0,0.0,0.0,0.0,0.0,0.0,0.0,0.0,0.0,train
193,2023,Agustus,JMRTR,Jamur Tiram,0,0,0,0,0,0,0.0,0,12000,0.0,0,0.0,0.0,8,1,False,2023-08-01,0.4137931034482749,0.0,0.0,0.06698729810778081,0.24999999999999978,0.0,0.0,10,0.0,0.0,0.0,0.0,0.0,0.0,0.0,0.0,0.0,0.0,1.0,0.0,0.0,0.0,0.0,0.0,0.0,0.0,0.0,0.0,0.0,0.0,0.0,0.0,0.0,0.0,train
219,2023,September,JMRTR,Jamur Tiram,0,0,0,0,0,0,0.0,0,12000,0.0,0,0.0,0.0,9,1,False,2023-09-01,0.7241379310344831,0.22385914480776137,0.0,0.0,0.4999999999999999,0.0,0.0,10,0.0,0.0,0.0,0.0,0.0,0.0,0.0,0.0,0.0,0.0,1.0,0.0,0.0,0.0,0.0,0.0,0.0,0.0,0.0,0.0,0.0,0.0,0.0,0.0,0.0,0.0,train
245,2023,Oktober,JMRTR,Jamur Tiram,0,0,0,0,0,0,0.0,0,12000,0.0,0,0.0,0.0,10,1,False,2023-10-01,1.0000000000000009,0.6572044556234279,0.0,0.0669872981077807,0.75,0.0,0.0,10,0.0,0.0,0.0,0.0,0.0,0.0,0.0,0.0,0.0,0.0,1.0,0.0,0.0,0.0,0.0,0.0,0.0,0.0,0.0,0.0,0.0,0.0,0.0,0.0,0.0,0.0,train
271,2023,November,JMRTR,Jamur Tiram,0,0,0,0,0,0,0.0,0,12000,0.0,0,0.0,0.0,11,1,False,2023-11-01,0.4827586206896557,0.9999999999999999,0.0,0.24999999999999978,0.9330127018922192,0.0,0.0,10,0.0,0.0,0.0,0.0,0.0,0.0,0.0,0.0,0.0,0.0,1.0,0.0,0.0,0.0,0.0,0.0,0.0,0.0,0.0,0.0,0.0,0.0,0.0,0.0,0.0,0.0,train
297,2023,Desember,JMRTR,Jamur Tiram,0,0,0,0,0,0,0.0,0,12000,0.0,0,0.0,0.0,12,1,False,2023-12-01,0.4137931034482749,0.9690980955803089,0.0,0.4999999999999999,1.0,0.0,0.0,10,0.0,0.0,0.0,0.0,0.0,0.0,0.0,0.0,0.0,0.0,1.0,0.0,0.0,0.0,0.0,0.0,0.0,0.0,0.0,0.0,0.0,0.0,0.0,0.0,0.0,0.0,train
323,2024,Januari,JMRTR,Jamur Tiram,0,0,0,0,3,3,0.0,0,10000,0.0,0,0.0,0.0,1,1,False,2024-01-01,0.2413793103448283,0.6015091627739849,0.0,0.75,0.9330127018922194,0.0,0.0,10,0.0,0.0,0.0,0.0,0.0,0.0,0.0,0.0,0.0,0.0,1.0,0.0,0.0,0.0,0.0,0.0,0.0,0.0,0.0,0.0,0.0,0.0,0.0,0.0,0.0,0.0,train
349,2024,Februari,JMRTR,Jamur Tiram,3,3,0,0,15000,15000,0.0,0,10000,0.0,0,0.0,1.0,2,1,False,2024-02-01,0.2758620689655169,0.7236794825727632,0.0,0.9330127018922193,0.75,0.0,0.0,10,0.0,0.0,0.0,0.0,0.0,0.0,0.0,0.0,0.0,0.0,1.0,0.0,0.0,0.0,0.0,0.0,0.0,0.0,0.0,0.0,0.0,0.0,0.0,0.0,0.0,0.0,train
375,2024,Maret,JMRTR,Jamur Tiram,0,0,0,0,0,0,0.0,0,10000,0.0,0,0.0,0.0,3,1,False,2024-03-01,0.2413793103448283,0.7240388070427596,0.0,1.0,0.5,0.0,0.0,10,0.0,0.0,0.0,0.0,0.0,0.0,0.0,0.0,0.0,0.0,1.0,0.0,0.0,0.0,0.0,0.0,0.0,0.0,0.0,0.0,0.0,0.0,0.0,0.0,0.0,0.0,train
401,2024,April,JMRTR,Jamur Tiram,0,0,0,0,0,0,0.0,0,10000,0.0,0,0.0,0.0,4,1,False,2024-04-01,0.4482758620689653,0.6981674452030183,0.0,0.9330127018922194,0.2500000000000001,0.0,0.0,10,0.0,0.0,0.0,0.0,0.0,0.0,0.0,0.0,0.0,0.0,1.0,0.0,0.0,0.0,0.0,0.0,0.0,0.0,0.0,0.0,0.0,0.0,0.0,0.0,0.0,0.0,train
427,2024,Mei,JMRTR,Jamur Tiram,0,0,0,0,0,0,0.0,0,10000,0.0,0,0.0,0.0,5,1,False,2024-05-01,0.5172413793103443,0.6126482213438734,0.0,0.75,0.06698729810778065,0.0,0.0,10,0.0,0.0,0.0,0.0,0.0,0.0,0.0,0.0,0.0,0.0,1.0,0.0,0.0,0.0,0.0,0.0,0.0,0.0,0.0,0.0,0.0,0.0,0.0,0.0,0.0,0.0,train
453,2024,Juni,JMRTR,Jamur Tiram,0,0,0,0,0,0,0.0,0,10000,0.0,0,0.0,0.0,6,1,False,2024-06-01,0.2068965517241379,0.6658282429033416,0.0,0.5000000000000001,0.0,0.0,0.0,10,0.0,0.0,0.0,0.0,0.0,0.0,0.0,0.0,0.0,0.0,1.0,0.0,0.0,0.0,0.0,0.0,0.0,0.0,0.0,0.0,0.0,0.0,0.0,0.0,0.0,0.0,train
479,2024,Juli,JMRTR,Jamur Tiram,0,0,0,0,0,0,0.0,0,10000,0.0,0,0.0,0.0,7,1,False,2024-07-01,0.068965517241379,0.02227811713977723,0.0,0.2500000000000001,0.06698729810778059,0.0,0.0,10,0.0,0.0,0.0,0.0,0.0,0.0,0.0,0.0,0.0,0.0,1.0,0.0,0.0,0.0,0.0,0.0,0.0,0.0,0.0,0.0,0.0,0.0,0.0,0.0,0.0,0.0,train
505,2024,Agustus,JMRTR,Jamur Tiram,0,0,0,0,0,0,0.0,0,10000,0.0,0,0.0,0.0,8,1,False,2024-08-01,0.3793103448275863,0.0,0.0,0.06698729810778081,0.24999999999999978,0.0,0.0,10,0.0,0.0,0.0,0.0,0.0,0.0,0.0,0.0,0.0,0.0,1.0,0.0,0.0,0.0,0.0,0.0,0.0,0.0,0.0,0.0,0.0,0.0,0.0,0.0,0.0,0.0,train
531,2024,September,JMRTR,Jamur Tiram,0,0,0,0,0,0,0.0,0,10000,0.0,0,0.0,0.0,9,1,False,2024-09-01,0.3793103448275863,0.22385914480776137,0.0,0.0,0.4999999999999999,0.0,0.0,10,0.0,0.0,0.0,0.0,0.0,0.0,0.0,0.0,0.0,0.0,1.0,0.0,0.0,0.0,0.0,0.0,0.0,0.0,0.0,0.0,0.0,0.0,0.0,0.0,0.0,0.0,train
557,2024,Oktober,JMRTR,Jamur Tiram,0,0,0,0,0,0,0.0,0,10000,0.0,0,0.0,0.0,10,1,False,2024-10-01,0.5517241379310347,0.6572044556234279,0.0,0.0669872981077807,0.75,0.0,0.0,10,0.0,0.0,0.0,0.0,0.0,0.0,0.0,0.0,0.0,0.0,1.0,0.0,0.0,0.0,0.0,0.0,0.0,0.0,0.0,0.0,0.0,0.0,0.0,0.0,0.0,0.0,train
583,2024,November,JMRTR,Jamur Tiram,0,0,0,0,0,0,0.0,0,10000,0.0,0,0.0,0.0,11,1,False,2024-11-01,0.2413793103448283,0.9999999999999999,0.0,0.24999999999999978,0.9330127018922192,0.0,0.0,10,0.0,0.0,0.0,0.0,0.0,0.0,0.0,0.0,0.0,0.0,1.0,0.0,0.0,0.0,0.0,0.0,0.0,0.0,0.0,0.0,0.0,0.0,0.0,0.0,0.0,0.0,train
609,2024,Desember,JMRTR,Jamur Tiram,0,0,0,0,0,0,0.0,0,10000,0.0,0,0.0,0.0,12,1,False,2024-12-01,0.1724137931034484,0.9690980955803089,0.0,0.4999999999999999,1.0,0.0,0.0,10,0.0,0.0,0.0,0.0,0.0,0.0,0.0,0.0,0.0,0.0,1.0,0.0,0.0,0.0,0.0,0.0,0.0,0.0,0.0,0.0,0.0,0.0,0.0,0.0,0.0,0.0,train
635,2025,Januari,JMRTR,Jamur Tiram,1,0,0,0,0,1,0.0,0,0,0.0,0,0.0,0.0,1,1,False,2025-01-01,0.03448275862069039,0.6015091627739849,0.0,0.75,0.9330127018922194,0.0,0.0,10,0.0,0.0,0.0,0.0,0.0,0.0,0.0,0.0,0.0,0.0,1.0,0.0,0.0,0.0,0.0,0.0,0.0,0.0,0.0,0.0,0.0,0.0,0.0,0.0,0.0,0.0,train
661,2025,Februari,JMRTR,Jamur Tiram,1,1,0,0,1,1,0.4,0,12000,40.0,0,1.0,0.3333333333333333,2,0,False,2025-02-01,0.0,0.6845131153431548,0.0,0.9330127018922193,0.75,0.0,0.0,10,0.0,0.0,0.0,0.0,0.0,0.0,0.0,0.0,0.0,0.0,1.0,0.0,0.0,0.0,0.0,0.0,0.0,0.0,0.0,0.0,0.0,0.0,0.0,0.0,0.0,0.0,train
687,2025,Maret,JMRTR,Jamur Tiram,1,1,0,0,0,0,0.4,0,12000,40.0,0,1.0,0.3333333333333333,3,0,False,2025-03-01,0.1724137931034484,0.7240388070427596,0.0,1.0,0.5,1.0,0.5,10,0.0,0.0,0.0,0.0,0.0,0.0,0.0,0.0,0.0,0.0,1.0,0.0,0.0,0.0,0.0,0.0,0.0,0.0,0.0,0.0,0.0,0.0,0.0,0.0,0.0,0.0,train
713,2025,April,JMRTR,Jamur Tiram,0,0,0,0,0,0,0.0,0,0,0.0,0,0.0,0.0,4,1,False,2025-04-01,0.13793103448275978,0.6981674452030183,0.0,0.9330127018922194,0.2500000000000001,1.0,1.0,10,0.0,0.0,0.0,0.0,0.0,0.0,0.0,0.0,0.0,0.0,1.0,0.0,0.0,0.0,0.0,0.0,0.0,0.0,0.0,0.0,0.0,0.0,0.0,0.0,0.0,0.0,train
739,2025,Mei,JMRTR,Jamur Tiram,0,0,0,0,0,0,0.0,0,0,0.0,0,0.0,0.0,5,1,False,2025-05-01,0.2413793103448283,0.6126482213438734,0.0,0.75,0.06698729810778065,0.0,1.0,10,0.0,0.0,0.0,0.0,0.0,0.0,0.0,0.0,0.0,0.0,1.0,0.0,0.0,0.0,0.0,0.0,0.0,0.0,0.0,0.0,0.0,0.0,0.0,0.0,0.0,0.0,val
765,2025,Juni,JMRTR,Jamur Tiram,0,0,0,0,0,0,0.0,0,0,0.0,0,0.0,0.0,6,1,False,2025-06-01,0.068965517241379,0.6658282429033416,0.0,0.5000000000000001,0.0,0.0,0.5,10,0.0,0.0,0.0,0.0,0.0,0.0,0.0,0.0,0.0,0.0,1.0,0.0,0.0,0.0,0.0,0.0,0.0,0.0,0.0,0.0,0.0,0.0,0.0,0.0,0.0,0.0,val
791,2025,Juli,JMRTR,Jamur Tiram,0,0,0,0,0,0,0.0,0,0,0.0,0,0.0,0.0,7,1,False,2025-07-01,0.068965517241379,0.02227811713977723,0.0,0.2500000000000001,0.06698729810778059,0.0,0.0,10,0.0,0.0,0.0,0.0,0.0,0.0,0.0,0.0,0.0,0.0,1.0,0.0,0.0,0.0,0.0,0.0,0.0,0.0,0.0,0.0,0.0,0.0,0.0,0.0,0.0,0.0,val
817,2025,Agustus,JMRTR,Jamur Tiram,0,0,0,0,0,0,0.0,0,0,0.0,0,0.0,0.0,8,1,False,2025-08-01,0.068965517241379,0.0,0.0,0.06698729810778081,0.24999999999999978,0.0,0.0,10,0.0,0.0,0.0,0.0,0.0,0.0,0.0,0.0,0.0,0.0,1.0,0.0,0.0,0.0,0.0,0.0,0.0,0.0,0.0,0.0,0.0,0.0,0.0,0.0,0.0,0.0,val
843,2025,September,JMRTR,Jamur Tiram,0,0,0,0,0,0,0.0,0,0,0.0,0,0.0,0.0,9,1,False,2025-09-01,0.2758620689655169,0.22385914480776137,0.0,0.0,0.4999999999999999,0.0,0.0,10,0.0,0.0,0.0,0.0,0.0,0.0,0.0,0.0,0.0,0.0,1.0,0.0,0.0,0.0,0.0,0.0,0.0,0.0,0.0,0.0,0.0,0.0,0.0,0.0,0.0,0.0,val
869,2025,Oktober,JMRTR,Jamur Tiram,0,0,0,0,0,0,0.0,0,0,0.0,0,0.0,0.0,10,1,False,2025-10-01,0.4137931034482749,0.6572044556234279,0.0,0.0669872981077807,0.75,0.0,0.0,10,0.0,0.0,0.0,0.0,0.0,0.0,0.0,0.0,0.0,0.0,1.0,0.0,0.0,0.0,0.0,0.0,0.0,0.0,0.0,0.0,0.0,0.0,0.0,0.0,0.0,0.0,test
895,2025,November,JMRTR,Jamur Tiram,0,0,0,0,0,0,0.0,0,0,0.0,0,0.0,0.0,11,1,False,2025-11-01,0.2758620689655169,0.9999999999999999,0.0,0.24999999999999978,0.9330127018922192,0.0,0.0,10,0.0,0.0,0.0,0.0,0.0,0.0,0.0,0.0,0.0,0.0,1.0,0.0,0.0,0.0,0.0,0.0,0.0,0.0,0.0,0.0,0.0,0.0,0.0,0.0,0.0,0.0,test
921,2025,Desember,JMRTR,Jamur Tiram,0,0,0,0,0,0,0.0,0,0,0.0,0,0.0,0.0,12,1,False,2025-12-01,0.1724137931034484,0.9690980955803089,0.0,0.4999999999999999,1.0,0.0,0.0,10,0.0,0.0,0.0,0.0,0.0,0.0,0.0,0.0,0.0,0.0,1.0,0.0,0.0,0.0,0.0,0.0,0.0,0.0,0.0,0.0,0.0,0.0,0.0,0.0,0.0,0.0,test
947,2026,Januari,JMRTR,Jamur Tiram,0,0,0,0,3,3,0.0,0,0,0.0,0,0.0,0.0,1,1,False,2026-01-01,-0.1724137931034475,0.6015091627739849,0.0,0.75,0.9330127018922194,0.0,0.0,10,0.0,0.0,0.0,0.0,0.0,0.0,0.0,0.0,0.0,0.0,1.0,0.0,0.0,0.0,0.0,0.0,0.0,0.0,0.0,0.0,0.0,0.0,0.0,0.0,0.0,0.0,test
975,2026,Februari,JMRTR,Jamur Tiram,3,3,0,0,15000,15000,0.2,0,10000,20.0,0,0.5,1.0,2,0,False,2026-02-01,-0.068965517241379,0.6884656845131153,0.0,0.9330127018922193,0.75,0.0,0.0,10,0.0,0.0,0.0,0.0,0.0,0.0,0.0,0.0,0.0,0.0,1.0,0.0,0.0,0.0,0.0,0.0,0.0,0.0,0.0,0.0,0.0,0.0,0.0,0.0,0.0,0.0,test
1003,2026,Maret,JMRTR,Jamur Tiram,15000,8000,7000,0,3000,10000,750.0,800,12000,75000.0,80000,3875.0,5000.0,3,0,True,2026-03-01,0.1034482758620694,0.7226015091627739,0.0,1.0,0.5,0.5,0.25,10,0.0,0.0,0.0,0.0,0.0,0.0,0.0,0.0,0.0,0.0,1.0,0.0,0.0,0.0,0.0,0.0,0.0,0.0,0.0,0.0,0.0,0.0,0.0,0.0,0.0,0.0,test
90,2023,April,KCGPJ,Kacang Panjang,0,0,0,0,0,0,0.0,0,0,0.0,0,0.0,0.0,4,1,False,2023-04-01,0.2068965517241379,0.6981674452030183,0.0,0.9330127018922194,0.2500000000000001,0.0,0.0,11,0.0,0.0,0.0,0.0,0.0,0.0,0.0,0.0,0.0,0.0,0.0,1.0,0.0,0.0,0.0,0.0,0.0,0.0,0.0,0.0,0.0,0.0,0.0,0.0,0.0,0.0,train
116,2023,Mei,KCGPJ,Kacang Panjang,0,0,0,0,0,0,0.0,0,0,0.0,0,0.0,0.0,5,1,False,2023-05-01,0.3103448275862073,0.6126482213438734,0.0,0.75,0.06698729810778065,0.0,0.0,11,0.0,0.0,0.0,0.0,0.0,0.0,0.0,0.0,0.0,0.0,0.0,1.0,0.0,0.0,0.0,0.0,0.0,0.0,0.0,0.0,0.0,0.0,0.0,0.0,0.0,0.0,train
142,2023,Juni,KCGPJ,Kacang Panjang,0,0,0,0,0,0,0.0,0,0,0.0,0,0.0,0.0,6,1,False,2023-06-01,0.2068965517241379,0.6658282429033416,0.0,0.5000000000000001,0.0,0.0,0.0,11,0.0,0.0,0.0,0.0,0.0,0.0,0.0,0.0,0.0,0.0,0.0,1.0,0.0,0.0,0.0,0.0,0.0,0.0,0.0,0.0,0.0,0.0,0.0,0.0,0.0,0.0,train
168,2023,Juli,KCGPJ,Kacang Panjang,0,0,0,0,0,0,0.0,0,0,0.0,0,0.0,0.0,7,1,False,2023-07-01,0.1034482758620694,0.02227811713977723,0.0,0.2500000000000001,0.06698729810778059,0.0,0.0,11,0.0,0.0,0.0,0.0,0.0,0.0,0.0,0.0,0.0,0.0,0.0,1.0,0.0,0.0,0.0,0.0,0.0,0.0,0.0,0.0,0.0,0.0,0.0,0.0,0.0,0.0,train
194,2023,Agustus,KCGPJ,Kacang Panjang,0,0,0,0,0,0,0.0,0,0,0.0,0,0.0,0.0,8,1,False,2023-08-01,0.4137931034482749,0.0,0.0,0.06698729810778081,0.24999999999999978,0.0,0.0,11,0.0,0.0,0.0,0.0,0.0,0.0,0.0,0.0,0.0,0.0,0.0,1.0,0.0,0.0,0.0,0.0,0.0,0.0,0.0,0.0,0.0,0.0,0.0,0.0,0.0,0.0,train
220,2023,September,KCGPJ,Kacang Panjang,0,0,0,0,0,0,0.0,0,0,0.0,0,0.0,0.0,9,1,False,2023-09-01,0.7241379310344831,0.22385914480776137,0.0,0.0,0.4999999999999999,0.0,0.0,11,0.0,0.0,0.0,0.0,0.0,0.0,0.0,0.0,0.0,0.0,0.0,1.0,0.0,0.0,0.0,0.0,0.0,0.0,0.0,0.0,0.0,0.0,0.0,0.0,0.0,0.0,train
246,2023,Oktober,KCGPJ,Kacang Panjang,0,0,0,0,0,0,0.0,0,0,0.0,0,0.0,0.0,10,1,False,2023-10-01,1.0000000000000009,0.6572044556234279,0.0,0.0669872981077807,0.75,0.0,0.0,11,0.0,0.0,0.0,0.0,0.0,0.0,0.0,0.0,0.0,0.0,0.0,1.0,0.0,0.0,0.0,0.0,0.0,0.0,0.0,0.0,0.0,0.0,0.0,0.0,0.0,0.0,train
272,2023,November,KCGPJ,Kacang Panjang,0,0,0,0,0,0,0.0,0,0,0.0,0,0.0,0.0,11,1,False,2023-11-01,0.4827586206896557,0.9999999999999999,0.0,0.24999999999999978,0.9330127018922192,0.0,0.0,11,0.0,0.0,0.0,0.0,0.0,0.0,0.0,0.0,0.0,0.0,0.0,1.0,0.0,0.0,0.0,0.0,0.0,0.0,0.0,0.0,0.0,0.0,0.0,0.0,0.0,0.0,train
298,2023,Desember,KCGPJ,Kacang Panjang,0,0,0,0,0,0,0.0,0,0,0.0,0,0.0,0.0,12,1,False,2023-12-01,0.4137931034482749,0.9690980955803089,0.0,0.4999999999999999,1.0,0.0,0.0,11,0.0,0.0,0.0,0.0,0.0,0.0,0.0,0.0,0.0,0.0,0.0,1.0,0.0,0.0,0.0,0.0,0.0,0.0,0.0,0.0,0.0,0.0,0.0,0.0,0.0,0.0,train
324,2024,Januari,KCGPJ,Kacang Panjang,0,0,0,0,2,2,0.0,0,4000,0.0,0,0.0,0.0,1,1,False,2024-01-01,0.2413793103448283,0.6015091627739849,0.0,0.75,0.9330127018922194,0.0,0.0,11,0.0,0.0,0.0,0.0,0.0,0.0,0.0,0.0,0.0,0.0,0.0,1.0,0.0,0.0,0.0,0.0,0.0,0.0,0.0,0.0,0.0,0.0,0.0,0.0,0.0,0.0,train
350,2024,Februari,KCGPJ,Kacang Panjang,2,1,0,0,2,3,80.0,0,4000,8000.0,0,0.3333333333333333,0.3333333333333333,2,0,False,2024-02-01,0.2758620689655169,0.7236794825727632,0.0,0.9330127018922193,0.75,0.0,0.0,11,0.0,0.0,0.0,0.0,0.0,0.0,0.0,0.0,0.0,0.0,0.0,1.0,0.0,0.0,0.0,0.0,0.0,0.0,0.0,0.0,0.0,0.0,0.0,0.0,0.0,0.0,train
376,2024,Maret,KCGPJ,Kacang Panjang,3,1,2,0,1,3,80.0,160,4000,8000.0,16000,1.0,1.0,3,0,False,2024-03-01,0.2413793103448283,0.7240388070427596,0.0,1.0,0.5,0.3333333333333333,0.25,11,0.0,0.0,0.0,0.0,0.0,0.0,0.0,0.0,0.0,0.0,0.0,1.0,0.0,0.0,0.0,0.0,0.0,0.0,0.0,0.0,0.0,0.0,0.0,0.0,0.0,0.0,train
402,2024,April,KCGPJ,Kacang Panjang,0,0,0,0,0,0,0.0,0,4000,0.0,0,0.0,0.0,4,1,False,2024-04-01,0.4482758620689653,0.6981674452030183,0.0,0.9330127018922194,0.2500000000000001,1.0,1.0,11,0.0,0.0,0.0,0.0,0.0,0.0,0.0,0.0,0.0,0.0,0.0,1.0,0.0,0.0,0.0,0.0,0.0,0.0,0.0,0.0,0.0,0.0,0.0,0.0,0.0,0.0,train
428,2024,Mei,KCGPJ,Kacang Panjang,0,0,0,0,0,0,0.0,0,4000,0.0,0,0.0,0.0,5,1,False,2024-05-01,0.5172413793103443,0.6126482213438734,0.0,0.75,0.06698729810778065,0.0,1.0,11,0.0,0.0,0.0,0.0,0.0,0.0,0.0,0.0,0.0,0.0,0.0,1.0,0.0,0.0,0.0,0.0,0.0,0.0,0.0,0.0,0.0,0.0,0.0,0.0,0.0,0.0,train
454,2024,Juni,KCGPJ,Kacang Panjang,0,0,0,0,0,0,0.0,0,4000,0.0,0,0.0,0.0,6,1,False,2024-06-01,0.2068965517241379,0.6658282429033416,0.0,0.5000000000000001,0.0,0.0,0.75,11,0.0,0.0,0.0,0.0,0.0,0.0,0.0,0.0,0.0,0.0,0.0,1.0,0.0,0.0,0.0,0.0,0.0,0.0,0.0,0.0,0.0,0.0,0.0,0.0,0.0,0.0,train
480,2024,Juli,KCGPJ,Kacang Panjang,0,0,0,0,0,0,0.0,0,4000,0.0,0,0.0,0.0,7,1,False,2024-07-01,0.068965517241379,0.02227811713977723,0.0,0.2500000000000001,0.06698729810778059,0.0,0.0,11,0.0,0.0,0.0,0.0,0.0,0.0,0.0,0.0,0.0,0.0,0.0,1.0,0.0,0.0,0.0,0.0,0.0,0.0,0.0,0.0,0.0,0.0,0.0,0.0,0.0,0.0,train
506,2024,Agustus,KCGPJ,Kacang Panjang,0,0,0,0,0,0,0.0,0,4000,0.0,0,0.0,0.0,8,1,False,2024-08-01,0.3793103448275863,0.0,0.0,0.06698729810778081,0.24999999999999978,0.0,0.0,11,0.0,0.0,0.0,0.0,0.0,0.0,0.0,0.0,0.0,0.0,0.0,1.0,0.0,0.0,0.0,0.0,0.0,0.0,0.0,0.0,0.0,0.0,0.0,0.0,0.0,0.0,train
532,2024,September,KCGPJ,Kacang Panjang,0,0,0,0,0,0,0.0,0,4000,0.0,0,0.0,0.0,9,1,False,2024-09-01,0.3793103448275863,0.22385914480776137,0.0,0.0,0.4999999999999999,0.0,0.0,11,0.0,0.0,0.0,0.0,0.0,0.0,0.0,0.0,0.0,0.0,0.0,1.0,0.0,0.0,0.0,0.0,0.0,0.0,0.0,0.0,0.0,0.0,0.0,0.0,0.0,0.0,train
558,2024,Oktober,KCGPJ,Kacang Panjang,0,0,0,0,0,0,0.0,0,4000,0.0,0,0.0,0.0,10,1,False,2024-10-01,0.5517241379310347,0.6572044556234279,0.0,0.0669872981077807,0.75,0.0,0.0,11,0.0,0.0,0.0,0.0,0.0,0.0,0.0,0.0,0.0,0.0,0.0,1.0,0.0,0.0,0.0,0.0,0.0,0.0,0.0,0.0,0.0,0.0,0.0,0.0,0.0,0.0,train
584,2024,November,KCGPJ,Kacang Panjang,0,0,0,0,0,0,0.0,0,4000,0.0,0,0.0,0.0,11,1,False,2024-11-01,0.2413793103448283,0.9999999999999999,0.0,0.24999999999999978,0.9330127018922192,0.0,0.0,11,0.0,0.0,0.0,0.0,0.0,0.0,0.0,0.0,0.0,0.0,0.0,1.0,0.0,0.0,0.0,0.0,0.0,0.0,0.0,0.0,0.0,0.0,0.0,0.0,0.0,0.0,train
610,2024,Desember,KCGPJ,Kacang Panjang,0,0,0,0,0,0,0.0,0,4000,0.0,0,0.0,0.0,12,1,False,2024-12-01,0.1724137931034484,0.9690980955803089,0.0,0.4999999999999999,1.0,0.0,0.0,11,0.0,0.0,0.0,0.0,0.0,0.0,0.0,0.0,0.0,0.0,0.0,1.0,0.0,0.0,0.0,0.0,0.0,0.0,0.0,0.0,0.0,0.0,0.0,0.0,0.0,0.0,train
636,2025,Januari,KCGPJ,Kacang Panjang,0,0,0,0,0,0,0.0,0,0,0.0,0,0.0,0.0,1,1,False,2025-01-01,0.03448275862069039,0.6015091627739849,0.0,0.75,0.9330127018922194,0.0,0.0,11,0.0,0.0,0.0,0.0,0.0,0.0,0.0,0.0,0.0,0.0,0.0,1.0,0.0,0.0,0.0,0.0,0.0,0.0,0.0,0.0,0.0,0.0,0.0,0.0,0.0,0.0,train
662,2025,Februari,KCGPJ,Kacang Panjang,0,0,0,0,0,0,0.0,0,0,0.0,0,0.0,0.0,2,1,False,2025-02-01,0.0,0.6845131153431548,0.0,0.9330127018922193,0.75,0.0,0.0,11,0.0,0.0,0.0,0.0,0.0,0.0,0.0,0.0,0.0,0.0,0.0,1.0,0.0,0.0,0.0,0.0,0.0,0.0,0.0,0.0,0.0,0.0,0.0,0.0,0.0,0.0,train
688,2025,Maret,KCGPJ,Kacang Panjang,0,0,0,0,0,0,0.0,0,0,0.0,0,0.0,0.0,3,1,False,2025-03-01,0.1724137931034484,0.7240388070427596,0.0,1.0,0.5,0.0,0.0,11,0.0,0.0,0.0,0.0,0.0,0.0,0.0,0.0,0.0,0.0,0.0,1.0,0.0,0.0,0.0,0.0,0.0,0.0,0.0,0.0,0.0,0.0,0.0,0.0,0.0,0.0,train
714,2025,April,KCGPJ,Kacang Panjang,0,0,0,0,0,0,0.0,0,0,0.0,0,0.0,0.0,4,1,False,2025-04-01,0.13793103448275978,0.6981674452030183,0.0,0.9330127018922194,0.2500000000000001,0.0,0.0,11,0.0,0.0,0.0,0.0,0.0,0.0,0.0,0.0,0.0,0.0,0.0,1.0,0.0,0.0,0.0,0.0,0.0,0.0,0.0,0.0,0.0,0.0,0.0,0.0,0.0,0.0,train
740,2025,Mei,KCGPJ,Kacang Panjang,0,0,0,0,0,0,0.0,0,0,0.0,0,0.0,0.0,5,1,False,2025-05-01,0.2413793103448283,0.6126482213438734,0.0,0.75,0.06698729810778065,0.0,0.0,11,0.0,0.0,0.0,0.0,0.0,0.0,0.0,0.0,0.0,0.0,0.0,1.0,0.0,0.0,0.0,0.0,0.0,0.0,0.0,0.0,0.0,0.0,0.0,0.0,0.0,0.0,val
766,2025,Juni,KCGPJ,Kacang Panjang,0,0,0,0,0,0,0.0,0,0,0.0,0,0.0,0.0,6,1,False,2025-06-01,0.068965517241379,0.6658282429033416,0.0,0.5000000000000001,0.0,0.0,0.0,11,0.0,0.0,0.0,0.0,0.0,0.0,0.0,0.0,0.0,0.0,0.0,1.0,0.0,0.0,0.0,0.0,0.0,0.0,0.0,0.0,0.0,0.0,0.0,0.0,0.0,0.0,val
792,2025,Juli,KCGPJ,Kacang Panjang,0,0,0,0,0,0,0.0,0,0,0.0,0,0.0,0.0,7,1,False,2025-07-01,0.068965517241379,0.02227811713977723,0.0,0.2500000000000001,0.06698729810778059,0.0,0.0,11,0.0,0.0,0.0,0.0,0.0,0.0,0.0,0.0,0.0,0.0,0.0,1.0,0.0,0.0,0.0,0.0,0.0,0.0,0.0,0.0,0.0,0.0,0.0,0.0,0.0,0.0,val
818,2025,Agustus,KCGPJ,Kacang Panjang,0,0,0,0,0,0,0.0,0,0,0.0,0,0.0,0.0,8,1,False,2025-08-01,0.068965517241379,0.0,0.0,0.06698729810778081,0.24999999999999978,0.0,0.0,11,0.0,0.0,0.0,0.0,0.0,0.0,0.0,0.0,0.0,0.0,0.0,1.0,0.0,0.0,0.0,0.0,0.0,0.0,0.0,0.0,0.0,0.0,0.0,0.0,0.0,0.0,val
844,2025,September,KCGPJ,Kacang Panjang,0,0,0,0,0,0,0.0,0,0,0.0,0,0.0,0.0,9,1,False,2025-09-01,0.2758620689655169,0.22385914480776137,0.0,0.0,0.4999999999999999,0.0,0.0,11,0.0,0.0,0.0,0.0,0.0,0.0,0.0,0.0,0.0,0.0,0.0,1.0,0.0,0.0,0.0,0.0,0.0,0.0,0.0,0.0,0.0,0.0,0.0,0.0,0.0,0.0,val
870,2025,Oktober,KCGPJ,Kacang Panjang,0,0,0,0,0,0,0.0,0,0,0.0,0,0.0,0.0,10,1,False,2025-10-01,0.4137931034482749,0.6572044556234279,0.0,0.0669872981077807,0.75,0.0,0.0,11,0.0,0.0,0.0,0.0,0.0,0.0,0.0,0.0,0.0,0.0,0.0,1.0,0.0,0.0,0.0,0.0,0.0,0.0,0.0,0.0,0.0,0.0,0.0,0.0,0.0,0.0,test
896,2025,November,KCGPJ,Kacang Panjang,0,0,0,0,0,0,0.0,0,0,0.0,0,0.0,0.0,11,1,False,2025-11-01,0.2758620689655169,0.9999999999999999,0.0,0.24999999999999978,0.9330127018922192,0.0,0.0,11,0.0,0.0,0.0,0.0,0.0,0.0,0.0,0.0,0.0,0.0,0.0,1.0,0.0,0.0,0.0,0.0,0.0,0.0,0.0,0.0,0.0,0.0,0.0,0.0,0.0,0.0,test
922,2025,Desember,KCGPJ,Kacang Panjang,0,0,0,0,0,0,0.0,0,0,0.0,0,0.0,0.0,12,1,False,2025-12-01,0.1724137931034484,0.9690980955803089,0.0,0.4999999999999999,1.0,0.0,0.0,11,0.0,0.0,0.0,0.0,0.0,0.0,0.0,0.0,0.0,0.0,0.0,1.0,0.0,0.0,0.0,0.0,0.0,0.0,0.0,0.0,0.0,0.0,0.0,0.0,0.0,0.0,test
949,2026,Januari,KCGPJ,Kacang Panjang,0,0,0,0,2,2,0.0,0,0,0.0,0,0.0,0.0,1,1,False,2026-01-01,-0.1724137931034475,0.6015091627739849,0.0,0.75,0.9330127018922194,0.0,0.0,11,0.0,0.0,0.0,0.0,0.0,0.0,0.0,0.0,0.0,0.0,0.0,1.0,0.0,0.0,0.0,0.0,0.0,0.0,0.0,0.0,0.0,0.0,0.0,0.0,0.0,0.0,test
977,2026,Februari,KCGPJ,Kacang Panjang,2,1,0,0,2,3,80.0,0,4000,8000.0,0,0.3333333333333333,0.3333333333333333,2,0,False,2026-02-01,-0.068965517241379,0.6884656845131153,0.0,0.9330127018922193,0.75,0.0,0.0,11,0.0,0.0,0.0,0.0,0.0,0.0,0.0,0.0,0.0,0.0,0.0,1.0,0.0,0.0,0.0,0.0,0.0,0.0,0.0,0.0,0.0,0.0,0.0,0.0,0.0,0.0,test
1005,2026,Maret,KCGPJ,Kacang Panjang,3,1,2,0,1,3,80.0,160,4000,8000.0,16000,1.0,1.0,3,0,False,2026-03-01,0.1034482758620694,0.7226015091627739,0.0,1.0,0.5,0.3333333333333333,0.25,11,0.0,0.0,0.0,0.0,0.0,0.0,0.0,0.0,0.0,0.0,0.0,1.0,0.0,0.0,0.0,0.0,0.0,0.0,0.0,0.0,0.0,0.0,0.0,0.0,0.0,0.0,test
91,2023,April,KKG,Kangkung,4,1,3,0,1,4,80.0,240,5500,8000.0,24000,0.8,1.0,4,0,False,2023-04-01,0.2068965517241379,0.6981674452030183,0.0,0.9330127018922194,0.2500000000000001,0.8,1.0,12,0.0,0.0,0.0,0.0,0.0,0.0,0.0,0.0,0.0,0.0,0.0,0.0,1.0,0.0,0.0,0.0,0.0,0.0,0.0,0.0,0.0,0.0,0.0,0.0,0.0,0.0,train
117,2023,Mei,KKG,Kangkung,4,1,3,0,1,4,80.0,240,5500,8000.0,24000,0.8,1.0,5,0,False,2023-05-01,0.3103448275862073,0.6126482213438734,0.0,0.75,0.06698729810778065,0.8,1.0,12,0.0,0.0,0.0,0.0,0.0,0.0,0.0,0.0,0.0,0.0,0.0,0.0,1.0,0.0,0.0,0.0,0.0,0.0,0.0,0.0,0.0,0.0,0.0,0.0,0.0,0.0,train
143,2023,Juni,KKG,Kangkung,4,1,3,0,1,4,70.0,210,5500,7000.0,21000,0.7000000000000001,1.0,6,0,False,2023-06-01,0.2068965517241379,0.6658282429033416,0.0,0.5000000000000001,0.0,0.8,1.0,12,0.0,0.0,0.0,0.0,0.0,0.0,0.0,0.0,0.0,0.0,0.0,0.0,1.0,0.0,0.0,0.0,0.0,0.0,0.0,0.0,0.0,0.0,0.0,0.0,0.0,0.0,train
169,2023,Juli,KKG,Kangkung,4,1,0,0,1,4,60.0,0,6000,6000.0,0,0.15,0.25,7,0,False,2023-07-01,0.1034482758620694,0.02227811713977723,0.0,0.2500000000000001,0.06698729810778059,0.7000000000000001,0.9583333333333334,12,0.0,0.0,0.0,0.0,0.0,0.0,0.0,0.0,0.0,0.0,0.0,0.0,1.0,0.0,0.0,0.0,0.0,0.0,0.0,0.0,0.0,0.0,0.0,0.0,0.0,0.0,train
195,2023,Agustus,KKG,Kangkung,4,1,0,0,1,4,75.0,0,4000,7500.0,0,0.1875,0.25,8,0,False,2023-08-01,0.4137931034482749,0.0,0.0,0.06698729810778081,0.24999999999999978,0.15,0.6875,12,0.0,0.0,0.0,0.0,0.0,0.0,0.0,0.0,0.0,0.0,0.0,0.0,1.0,0.0,0.0,0.0,0.0,0.0,0.0,0.0,0.0,0.0,0.0,0.0,0.0,0.0,train
221,2023,September,KKG,Kangkung,4,2,0,0,2,4,145.0,0,5000,14500.0,0,0.36250000000000004,0.5,9,0,False,2023-09-01,0.7241379310344831,0.22385914480776137,0.0,0.0,0.4999999999999999,0.1875,0.4322916666666667,12,0.0,0.0,0.0,0.0,0.0,0.0,0.0,0.0,0.0,0.0,0.0,0.0,1.0,0.0,0.0,0.0,0.0,0.0,0.0,0.0,0.0,0.0,0.0,0.0,0.0,0.0,train
247,2023,Oktober,KKG,Kangkung,4,0,0,0,0,4,0.0,0,5550,0.0,0,0.0,0.0,10,1,False,2023-10-01,1.0000000000000009,0.6572044556234279,0.0,0.0669872981077807,0.75,0.36250000000000004,0.2916666666666667,12,0.0,0.0,0.0,0.0,0.0,0.0,0.0,0.0,0.0,0.0,0.0,0.0,1.0,0.0,0.0,0.0,0.0,0.0,0.0,0.0,0.0,0.0,0.0,0.0,0.0,0.0,train
273,2023,November,KKG,Kangkung,4,2,2,0,2,4,150.0,150,7000,15000.0,15000,0.75,1.0,11,0,False,2023-11-01,0.4827586206896557,0.9999999999999999,0.0,0.24999999999999978,0.9330127018922192,0.0,0.22916666666666666,12,0.0,0.0,0.0,0.0,0.0,0.0,0.0,0.0,0.0,0.0,0.0,0.0,1.0,0.0,0.0,0.0,0.0,0.0,0.0,0.0,0.0,0.0,0.0,0.0,0.0,0.0,train
299,2023,Desember,KKG,Kangkung,4,0,0,0,0,4,0.0,0,5550,0.0,0,0.0,0.0,12,1,False,2023-12-01,0.4137931034482749,0.9690980955803089,0.0,0.4999999999999999,1.0,0.75,0.4635416666666667,12,0.0,0.0,0.0,0.0,0.0,0.0,0.0,0.0,0.0,0.0,0.0,0.0,1.0,0.0,0.0,0.0,0.0,0.0,0.0,0.0,0.0,0.0,0.0,0.0,0.0,0.0,train
325,2024,Januari,KKG,Kangkung,4,1,3,0,1,4,100.0,300,5000,10000.0,30000,1.0,1.0,1,0,False,2024-01-01,0.2413793103448283,0.6015091627739849,0.0,0.75,0.9330127018922194,0.0,0.3125,12,0.0,0.0,0.0,0.0,0.0,0.0,0.0,0.0,0.0,0.0,0.0,0.0,1.0,0.0,0.0,0.0,0.0,0.0,0.0,0.0,0.0,0.0,0.0,0.0,0.0,0.0,train
351,2024,Februari,KKG,Kangkung,4,2,0,0,2,4,20.0,0,3000,2000.0,0,0.05,0.5,2,0,False,2024-02-01,0.2758620689655169,0.7236794825727632,0.0,0.9330127018922193,0.75,1.0,0.7291666666666666,12,0.0,0.0,0.0,0.0,0.0,0.0,0.0,0.0,0.0,0.0,0.0,0.0,1.0,0.0,0.0,0.0,0.0,0.0,0.0,0.0,0.0,0.0,0.0,0.0,0.0,0.0,train
377,2024,Maret,KKG,Kangkung,4,2,2,0,1,3,160.0,160,3000,16000.0,16000,0.8,1.0,3,0,False,2024-03-01,0.2413793103448283,0.7240388070427596,0.0,1.0,0.5,0.05,0.4375,12,0.0,0.0,0.0,0.0,0.0,0.0,0.0,0.0,0.0,0.0,0.0,0.0,1.0,0.0,0.0,0.0,0.0,0.0,0.0,0.0,0.0,0.0,0.0,0.0,0.0,0.0,train
403,2024,April,KKG,Kangkung,0,0,0,0,0,0,0.0,0,3666,0.0,0,0.0,0.0,4,1,False,2024-04-01,0.4482758620689653,0.6981674452030183,0.0,0.9330127018922194,0.2500000000000001,0.8,0.7708333333333334,12,0.0,0.0,0.0,0.0,0.0,0.0,0.0,0.0,0.0,0.0,0.0,0.0,1.0,0.0,0.0,0.0,0.0,0.0,0.0,0.0,0.0,0.0,0.0,0.0,0.0,0.0,train
429,2024,Mei,KKG,Kangkung,0,0,0,0,0,0,0.0,0,3666,0.0,0,0.0,0.0,5,1,False,2024-05-01,0.5172413793103443,0.6126482213438734,0.0,0.75,0.06698729810778065,0.0,0.3541666666666667,12,0.0,0.0,0.0,0.0,0.0,0.0,0.0,0.0,0.0,0.0,0.0,0.0,1.0,0.0,0.0,0.0,0.0,0.0,0.0,0.0,0.0,0.0,0.0,0.0,0.0,0.0,train
455,2024,Juni,KKG,Kangkung,0,0,0,0,0,0,0.0,0,3666,0.0,0,0.0,0.0,6,1,False,2024-06-01,0.2068965517241379,0.6658282429033416,0.0,0.5000000000000001,0.0,0.0,0.3333333333333333,12,0.0,0.0,0.0,0.0,0.0,0.0,0.0,0.0,0.0,0.0,0.0,0.0,1.0,0.0,0.0,0.0,0.0,0.0,0.0,0.0,0.0,0.0,0.0,0.0,0.0,0.0,train
481,2024,Juli,KKG,Kangkung,0,0,0,0,0,0,0.0,0,3666,0.0,0,0.0,0.0,7,1,False,2024-07-01,0.068965517241379,0.02227811713977723,0.0,0.2500000000000001,0.06698729810778059,0.0,0.0,12,0.0,0.0,0.0,0.0,0.0,0.0,0.0,0.0,0.0,0.0,0.0,0.0,1.0,0.0,0.0,0.0,0.0,0.0,0.0,0.0,0.0,0.0,0.0,0.0,0.0,0.0,train
507,2024,Agustus,KKG,Kangkung,0,0,0,0,0,0,0.0,0,3666,0.0,0,0.0,0.0,8,1,False,2024-08-01,0.3793103448275863,0.0,0.0,0.06698729810778081,0.24999999999999978,0.0,0.0,12,0.0,0.0,0.0,0.0,0.0,0.0,0.0,0.0,0.0,0.0,0.0,0.0,1.0,0.0,0.0,0.0,0.0,0.0,0.0,0.0,0.0,0.0,0.0,0.0,0.0,0.0,train
533,2024,September,KKG,Kangkung,0,0,0,0,0,0,0.0,0,3666,0.0,0,0.0,0.0,9,1,False,2024-09-01,0.3793103448275863,0.22385914480776137,0.0,0.0,0.4999999999999999,0.0,0.0,12,0.0,0.0,0.0,0.0,0.0,0.0,0.0,0.0,0.0,0.0,0.0,0.0,1.0,0.0,0.0,0.0,0.0,0.0,0.0,0.0,0.0,0.0,0.0,0.0,0.0,0.0,train
559,2024,Oktober,KKG,Kangkung,0,0,0,0,0,0,0.0,0,3666,0.0,0,0.0,0.0,10,1,False,2024-10-01,0.5517241379310347,0.6572044556234279,0.0,0.0669872981077807,0.75,0.0,0.0,12,0.0,0.0,0.0,0.0,0.0,0.0,0.0,0.0,0.0,0.0,0.0,0.0,1.0,0.0,0.0,0.0,0.0,0.0,0.0,0.0,0.0,0.0,0.0,0.0,0.0,0.0,train
585,2024,November,KKG,Kangkung,0,0,0,0,0,0,0.0,0,3666,0.0,0,0.0,0.0,11,1,False,2024-11-01,0.2413793103448283,0.9999999999999999,0.0,0.24999999999999978,0.9330127018922192,0.0,0.0,12,0.0,0.0,0.0,0.0,0.0,0.0,0.0,0.0,0.0,0.0,0.0,0.0,1.0,0.0,0.0,0.0,0.0,0.0,0.0,0.0,0.0,0.0,0.0,0.0,0.0,0.0,train
611,2024,Desember,KKG,Kangkung,0,0,0,0,0,0,0.0,0,3666,0.0,0,0.0,0.0,12,1,False,2024-12-01,0.1724137931034484,0.9690980955803089,0.0,0.4999999999999999,1.0,0.0,0.0,12,0.0,0.0,0.0,0.0,0.0,0.0,0.0,0.0,0.0,0.0,0.0,0.0,1.0,0.0,0.0,0.0,0.0,0.0,0.0,0.0,0.0,0.0,0.0,0.0,0.0,0.0,train
637,2025,Januari,KKG,Kangkung,4,1,3,0,1,4,80.0,240,6000,8000.0,24000,0.8,1.0,1,0,False,2025-01-01,0.03448275862069039,0.6015091627739849,0.0,0.75,0.9330127018922194,0.0,0.0,12,0.0,0.0,0.0,0.0,0.0,0.0,0.0,0.0,0.0,0.0,0.0,0.0,1.0,0.0,0.0,0.0,0.0,0.0,0.0,0.0,0.0,0.0,0.0,0.0,0.0,0.0,train
663,2025,Februari,KKG,Kangkung,4,1,3,0,1,4,80.0,240,5500,8000.0,24000,0.8,1.0,2,0,False,2025-02-01,0.0,0.6845131153431548,0.0,0.9330127018922193,0.75,0.8,0.3333333333333333,12,0.0,0.0,0.0,0.0,0.0,0.0,0.0,0.0,0.0,0.0,0.0,0.0,1.0,0.0,0.0,0.0,0.0,0.0,0.0,0.0,0.0,0.0,0.0,0.0,0.0,0.0,train
689,2025,Maret,KKG,Kangkung,4,1,3,0,1,4,80.0,240,5500,8000.0,24000,0.8,1.0,3,0,False,2025-03-01,0.1724137931034484,0.7240388070427596,0.0,1.0,0.5,0.8,0.6666666666666666,12,0.0,0.0,0.0,0.0,0.0,0.0,0.0,0.0,0.0,0.0,0.0,0.0,1.0,0.0,0.0,0.0,0.0,0.0,0.0,0.0,0.0,0.0,0.0,0.0,0.0,0.0,train
715,2025,April,KKG,Kangkung,4,1,3,0,1,4,80.0,240,5500,8000.0,24000,0.8,1.0,4,0,False,2025-04-01,0.13793103448275978,0.6981674452030183,0.0,0.9330127018922194,0.2500000000000001,0.8,1.0,12,0.0,0.0,0.0,0.0,0.0,0.0,0.0,0.0,0.0,0.0,0.0,0.0,1.0,0.0,0.0,0.0,0.0,0.0,0.0,0.0,0.0,0.0,0.0,0.0,0.0,0.0,train
741,2025,Mei,KKG,Kangkung,4,1,3,0,1,4,80.0,240,5500,8000.0,24000,0.8,1.0,5,0,False,2025-05-01,0.2413793103448283,0.6126482213438734,0.0,0.75,0.06698729810778065,0.8,1.0,12,0.0,0.0,0.0,0.0,0.0,0.0,0.0,0.0,0.0,0.0,0.0,0.0,1.0,0.0,0.0,0.0,0.0,0.0,0.0,0.0,0.0,0.0,0.0,0.0,0.0,0.0,val
767,2025,Juni,KKG,Kangkung,4,1,3,0,1,4,70.0,210,5500,7000.0,21000,0.7000000000000001,1.0,6,0,False,2025-06-01,0.068965517241379,0.6658282429033416,0.0,0.5000000000000001,0.0,0.8,1.0,12,0.0,0.0,0.0,0.0,0.0,0.0,0.0,0.0,0.0,0.0,0.0,0.0,1.0,0.0,0.0,0.0,0.0,0.0,0.0,0.0,0.0,0.0,0.0,0.0,0.0,0.0,val
793,2025,Juli,KKG,Kangkung,4,1,0,0,1,4,60.0,0,6000,6000.0,0,0.15,0.25,7,0,False,2025-07-01,0.068965517241379,0.02227811713977723,0.0,0.2500000000000001,0.06698729810778059,0.7000000000000001,0.9583333333333334,12,0.0,0.0,0.0,0.0,0.0,0.0,0.0,0.0,0.0,0.0,0.0,0.0,1.0,0.0,0.0,0.0,0.0,0.0,0.0,0.0,0.0,0.0,0.0,0.0,0.0,0.0,val
819,2025,Agustus,KKG,Kangkung,4,1,0,0,1,4,75.0,0,4000,7500.0,0,0.1875,0.25,8,0,False,2025-08-01,0.068965517241379,0.0,0.0,0.06698729810778081,0.24999999999999978,0.15,0.6875,12,0.0,0.0,0.0,0.0,0.0,0.0,0.0,0.0,0.0,0.0,0.0,0.0,1.0,0.0,0.0,0.0,0.0,0.0,0.0,0.0,0.0,0.0,0.0,0.0,0.0,0.0,val
845,2025,September,KKG,Kangkung,4,2,0,0,2,4,145.0,0,5000,14500.0,0,0.36250000000000004,0.5,9,0,False,2025-09-01,0.2758620689655169,0.22385914480776137,0.0,0.0,0.4999999999999999,0.1875,0.4322916666666667,12,0.0,0.0,0.0,0.0,0.0,0.0,0.0,0.0,0.0,0.0,0.0,0.0,1.0,0.0,0.0,0.0,0.0,0.0,0.0,0.0,0.0,0.0,0.0,0.0,0.0,0.0,val
871,2025,Oktober,KKG,Kangkung,4,0,0,0,0,4,0.0,0,0,0.0,0,0.0,0.0,10,1,False,2025-10-01,0.4137931034482749,0.6572044556234279,0.0,0.0669872981077807,0.75,0.36250000000000004,0.2916666666666667,12,0.0,0.0,0.0,0.0,0.0,0.0,0.0,0.0,0.0,0.0,0.0,0.0,1.0,0.0,0.0,0.0,0.0,0.0,0.0,0.0,0.0,0.0,0.0,0.0,0.0,0.0,test
897,2025,November,KKG,Kangkung,4,2,2,0,2,4,150.0,150,7000,15000.0,15000,0.75,1.0,11,0,False,2025-11-01,0.2758620689655169,0.9999999999999999,0.0,0.24999999999999978,0.9330127018922192,0.0,0.22916666666666666,12,0.0,0.0,0.0,0.0,0.0,0.0,0.0,0.0,0.0,0.0,0.0,0.0,1.0,0.0,0.0,0.0,0.0,0.0,0.0,0.0,0.0,0.0,0.0,0.0,0.0,0.0,test
923,2025,Desember,KKG,Kangkung,4,0,0,0,0,4,0.0,0,0,0.0,0,0.0,0.0,12,1,False,2025-12-01,0.1724137931034484,0.9690980955803089,0.0,0.4999999999999999,1.0,0.75,0.4635416666666667,12,0.0,0.0,0.0,0.0,0.0,0.0,0.0,0.0,0.0,0.0,0.0,0.0,1.0,0.0,0.0,0.0,0.0,0.0,0.0,0.0,0.0,0.0,0.0,0.0,0.0,0.0,test
950,2026,Januari,KKG,Kangkung,4,1,3,0,1,4,100.0,300,5000,10000.0,30000,1.0,1.0,1,0,False,2026-01-01,-0.1724137931034475,0.6015091627739849,0.0,0.75,0.9330127018922194,0.0,0.3125,12,0.0,0.0,0.0,0.0,0.0,0.0,0.0,0.0,0.0,0.0,0.0,0.0,1.0,0.0,0.0,0.0,0.0,0.0,0.0,0.0,0.0,0.0,0.0,0.0,0.0,0.0,test
978,2026,Februari,KKG,Kangkung,4,2,0,0,2,4,20.0,0,3000,2000.0,0,0.05,0.5,2,0,False,2026-02-01,-0.068965517241379,0.6884656845131153,0.0,0.9330127018922193,0.75,1.0,0.7291666666666666,12,0.0,0.0,0.0,0.0,0.0,0.0,0.0,0.0,0.0,0.0,0.0,0.0,1.0,0.0,0.0,0.0,0.0,0.0,0.0,0.0,0.0,0.0,0.0,0.0,0.0,0.0,test
1006,2026,Maret,KKG,Kangkung,4,2,2,0,1,3,160.0,160,3000,16000.0,16000,0.8,1.0,3,0,False,2026-03-01,0.1034482758620694,0.7226015091627739,0.0,1.0,0.5,0.05,0.4375,12,0.0,0.0,0.0,0.0,0.0,0.0,0.0,0.0,0.0,0.0,0.0,0.0,1.0,0.0,0.0,0.0,0.0,0.0,0.0,0.0,0.0,0.0,0.0,0.0,0.0,0.0,test
92,2023,April,KBK,Kembang Kol,18,4,0,0,4,18,720.0,0,8000,72000.0,0,0.30138133110087906,0.26666666666666666,4,0,False,2023-04-01,0.2068965517241379,0.6981674452030183,0.0,0.9330127018922194,0.2500000000000001,0.30138133110087906,0.45997259737717755,13,0.0,0.0,0.0,0.0,0.0,0.0,0.0,0.0,0.0,0.0,0.0,0.0,0.0,1.0,0.0,0.0,0.0,0.0,0.0,0.0,0.0,0.0,0.0,0.0,0.0,0.0,train
118,2023,Mei,KBK,Kembang Kol,18,2,0,0,2,18,360.0,0,8000,36000.0,0,0.15069066555043953,0.13333333333333333,5,0,False,2023-05-01,0.3103448275862073,0.6126482213438734,0.0,0.75,0.06698729810778065,0.30138133110087906,0.38950871011939714,13,0.0,0.0,0.0,0.0,0.0,0.0,0.0,0.0,0.0,0.0,0.0,0.0,0.0,1.0,0.0,0.0,0.0,0.0,0.0,0.0,0.0,0.0,0.0,0.0,0.0,0.0,train
144,2023,Juni,KBK,Kembang Kol,18,1,0,0,1,18,80.0,0,8000,8000.0,0,0.03348681456676434,0.06666666666666667,6,0,False,2023-06-01,0.2068965517241379,0.6658282429033416,0.0,0.5000000000000001,0.0,0.15069066555043953,0.2838128792327266,13,0.0,0.0,0.0,0.0,0.0,0.0,0.0,0.0,0.0,0.0,0.0,0.0,0.0,1.0,0.0,0.0,0.0,0.0,0.0,0.0,0.0,0.0,0.0,0.0,0.0,0.0,train
170,2023,Juli,KBK,Kembang Kol,18,2,0,0,2,18,120.0,0,9000,12000.0,0,0.05023022185014651,0.13333333333333333,7,0,False,2023-07-01,0.1034482758620694,0.02227811713977723,0.0,0.2500000000000001,0.06698729810778059,0.03348681456676434,0.15854374633000587,13,0.0,0.0,0.0,0.0,0.0,0.0,0.0,0.0,0.0,0.0,0.0,0.0,0.0,1.0,0.0,0.0,0.0,0.0,0.0,0.0,0.0,0.0,0.0,0.0,0.0,0.0,train
196,2023,Agustus,KBK,Kembang Kol,18,2,0,0,2,18,150.0,0,9000,15000.0,0,0.06278777731268313,0.13333333333333333,8,0,False,2023-08-01,0.4137931034482749,0.0,0.0,0.06698729810778081,0.24999999999999978,0.05023022185014651,0.041103934233705244,13,0.0,0.0,0.0,0.0,0.0,0.0,0.0,0.0,0.0,0.0,0.0,0.0,0.0,1.0,0.0,0.0,0.0,0.0,0.0,0.0,0.0,0.0,0.0,0.0,0.0,0.0,train
222,2023,September,KBK,Kembang Kol,18,3,0,0,3,18,210.0,0,6000,21000.0,0,0.08790288823775638,0.2,9,0,False,2023-09-01,0.7241379310344831,0.22385914480776137,0.0,0.0,0.4999999999999999,0.06278777731268313,0.0,13,0.0,0.0,0.0,0.0,0.0,0.0,0.0,0.0,0.0,0.0,0.0,0.0,0.0,1.0,0.0,0.0,0.0,0.0,0.0,0.0,0.0,0.0,0.0,0.0,0.0,0.0,train
248,2023,Oktober,KBK,Kembang Kol,18,2,0,0,2,18,140.0,0,5000,14000.0,0,0.05860192549183759,0.13333333333333333,10,0,False,2023-10-01,1.0000000000000009,0.6572044556234279,0.0,0.0669872981077807,0.75,0.08790288823775638,0.025445292620865145,13,0.0,0.0,0.0,0.0,0.0,0.0,0.0,0.0,0.0,0.0,0.0,0.0,0.0,1.0,0.0,0.0,0.0,0.0,0.0,0.0,0.0,0.0,0.0,0.0,0.0,0.0,train
274,2023,November,KBK,Kembang Kol,18,4,0,0,4,18,300.0,0,6000,30000.0,0,0.12557555462536626,0.26666666666666666,11,0,False,2023-11-01,0.4827586206896557,0.9999999999999999,0.0,0.24999999999999978,0.9330127018922192,0.05860192549183759,0.02935995302407518,13,0.0,0.0,0.0,0.0,0.0,0.0,0.0,0.0,0.0,0.0,0.0,0.0,0.0,1.0,0.0,0.0,0.0,0.0,0.0,0.0,0.0,0.0,0.0,0.0,0.0,0.0,train
300,2023,Desember,KBK,Kembang Kol,18,2,0,0,2,18,160.0,0,6000,16000.0,0,0.06697362913352868,0.13333333333333333,12,0,False,2023-12-01,0.4137931034482749,0.9690980955803089,0.0,0.4999999999999999,1.0,0.12557555462536626,0.05871990604815033,13,0.0,0.0,0.0,0.0,0.0,0.0,0.0,0.0,0.0,0.0,0.0,0.0,0.0,1.0,0.0,0.0,0.0,0.0,0.0,0.0,0.0,0.0,0.0,0.0,0.0,0.0,train
326,2024,Januari,KBK,Kembang Kol,18,4,0,0,18,32,800.0,0,6000,80000.0,0,0.3348681456676434,0.26666666666666666,1,0,False,2024-01-01,0.2413793103448283,0.6015091627739849,0.0,0.75,0.9330127018922194,0.06697362913352868,0.04893325504012527,13,0.0,0.0,0.0,0.0,0.0,0.0,0.0,0.0,0.0,0.0,0.0,0.0,0.0,1.0,0.0,0.0,0.0,0.0,0.0,0.0,0.0,0.0,0.0,0.0,0.0,0.0,train
352,2024,Februari,KBK,Kembang Kol,32,4,0,0,5,33,800.0,0,5000,80000.0,0,0.3348681456676434,0.26666666666666666,2,0,False,2024-02-01,0.2758620689655169,0.7236794825727632,0.0,0.9330127018922193,0.75,0.3348681456676434,0.178117048346056,13,0.0,0.0,0.0,0.0,0.0,0.0,0.0,0.0,0.0,0.0,0.0,0.0,0.0,1.0,0.0,0.0,0.0,0.0,0.0,0.0,0.0,0.0,0.0,0.0,0.0,0.0,train
378,2024,Maret,KBK,Kembang Kol,33,8,0,0,3,28,1600.0,0,6000,160000.0,0,0.6697362913352868,0.5333333333333333,3,0,False,2024-03-01,0.2413793103448283,0.7240388070427596,0.0,1.0,0.5,0.3348681456676434,0.2759835584263065,13,0.0,0.0,0.0,0.0,0.0,0.0,0.0,0.0,0.0,0.0,0.0,0.0,0.0,1.0,0.0,0.0,0.0,0.0,0.0,0.0,0.0,0.0,0.0,0.0,0.0,0.0,train
404,2024,April,KBK,Kembang Kol,15,6,9,0,14,18,641.0,888,8000,64100.0,88800,0.6400167434072834,1.0,4,0,False,2024-04-01,0.4482758620689653,0.6981674452030183,0.0,0.9330127018922194,0.2500000000000001,0.6697362913352868,0.557839107457428,13,0.0,0.0,0.0,0.0,0.0,0.0,0.0,0.0,0.0,0.0,0.0,0.0,0.0,1.0,0.0,0.0,0.0,0.0,0.0,0.0,0.0,0.0,0.0,0.0,0.0,0.0,train
430,2024,Mei,KBK,Kembang Kol,5,8,3,0,12,6,1205.0,1125,8000,120500.0,112500,0.9753034742570114,0.7333333333333333,5,0,False,2024-05-01,0.5172413793103443,0.6126482213438734,0.0,0.75,0.06698729810778065,0.6400167434072834,0.7005284791544334,13,0.0,0.0,0.0,0.0,0.0,0.0,0.0,0.0,0.0,0.0,0.0,0.0,0.0,1.0,0.0,0.0,0.0,0.0,0.0,0.0,0.0,0.0,0.0,0.0,0.0,0.0,train
456,2024,Juni,KBK,Kembang Kol,9,3,5,0,18,16,172.0,720,8000,17200.0,72000,0.3733779824194224,0.5333333333333333,6,0,False,2024-06-01,0.2068965517241379,0.6658282429033416,0.0,0.5000000000000001,0.0,0.9753034742570114,1.0,13,0.0,0.0,0.0,0.0,0.0,0.0,0.0,0.0,0.0,0.0,0.0,0.0,0.0,1.0,0.0,0.0,0.0,0.0,0.0,0.0,0.0,0.0,0.0,0.0,0.0,0.0,train
482,2024,Juli,KBK,Kembang Kol,10,7,8,0,11,19,738.0,363,8000,73800.0,36300,0.4608622854750942,1.0,7,0,False,2024-07-01,0.068965517241379,0.02227811713977723,0.0,0.2500000000000001,0.06698729810778059,0.3733779824194224,0.8614210217263651,13,0.0,0.0,0.0,0.0,0.0,0.0,0.0,0.0,0.0,0.0,0.0,0.0,0.0,1.0,0.0,0.0,0.0,0.0,0.0,0.0,0.0,0.0,0.0,0.0,0.0,0.0,train
508,2024,Agustus,KBK,Kembang Kol,8,2,10,0,3,19,1229.0,1160,8000,122900.0,116000,1.0,0.8,8,0,False,2024-08-01,0.3793103448275863,0.0,0.0,0.06698729810778081,0.24999999999999978,0.4608622854750942,0.7776472890976708,13,0.0,0.0,0.0,0.0,0.0,0.0,0.0,0.0,0.0,0.0,0.0,0.0,0.0,1.0,0.0,0.0,0.0,0.0,0.0,0.0,0.0,0.0,0.0,0.0,0.0,0.0,train
534,2024,September,KBK,Kembang Kol,0,0,0,0,0,0,0.0,0,7774,0.0,0,0.0,0.0,9,1,False,2024-09-01,0.3793103448275863,0.22385914480776137,0.0,0.0,0.4999999999999999,1.0,0.7891955372871403,13,0.0,0.0,0.0,0.0,0.0,0.0,0.0,0.0,0.0,0.0,0.0,0.0,0.0,1.0,0.0,0.0,0.0,0.0,0.0,0.0,0.0,0.0,0.0,0.0,0.0,0.0,train
560,2024,Oktober,KBK,Kembang Kol,18,1,12,0,10,16,427.0,675,8000,42700.0,67500,0.46128087065717877,0.8666666666666667,10,0,False,2024-10-01,0.5517241379310347,0.6572044556234279,0.0,0.0669872981077807,0.75,0.0,0.6146016833039734,13,0.0,0.0,0.0,0.0,0.0,0.0,0.0,0.0,0.0,0.0,0.0,0.0,0.0,1.0,0.0,0.0,0.0,0.0,0.0,0.0,0.0,0.0,0.0,0.0,0.0,0.0,train
586,2024,November,KBK,Kembang Kol,18,6,8,0,16,12,1437.0,869,8000,143700.0,86900,0.965257429886982,0.9333333333333333,11,0,False,2024-11-01,0.2413793103448283,0.9999999999999999,0.0,0.24999999999999978,0.9330127018922192,0.46128087065717877,0.6147974163241339,13,0.0,0.0,0.0,0.0,0.0,0.0,0.0,0.0,0.0,0.0,0.0,0.0,0.0,1.0,0.0,0.0,0.0,0.0,0.0,0.0,0.0,0.0,0.0,0.0,0.0,0.0,train
612,2024,Desember,KBK,Kembang Kol,16,7,3,0,5,19,165.0,1296,8000,16500.0,129600,0.6115529510255338,0.6666666666666666,12,0,False,2024-12-01,0.1724137931034484,0.9690980955803089,0.0,0.4999999999999999,1.0,0.965257429886982,0.5985515756508123,13,0.0,0.0,0.0,0.0,0.0,0.0,0.0,0.0,0.0,0.0,0.0,0.0,0.0,1.0,0.0,0.0,0.0,0.0,0.0,0.0,0.0,0.0,0.0,0.0,0.0,0.0,train
638,2025,Januari,KBK,Kembang Kol,10,6,0,0,8,12,1080.0,0,8000,108000.0,0,0.4520719966513186,0.4,1,0,False,2025-01-01,0.03448275862069039,0.6015091627739849,0.0,0.75,0.9330127018922194,0.6115529510255338,0.8845175181053043,13,0.0,0.0,0.0,0.0,0.0,0.0,0.0,0.0,0.0,0.0,0.0,0.0,0.0,1.0,0.0,0.0,0.0,0.0,0.0,0.0,0.0,0.0,0.0,0.0,0.0,0.0,train
664,2025,Februari,KBK,Kembang Kol,12,5,0,0,10,17,900.0,0,8000,90000.0,0,0.3767266638760988,0.3333333333333333,2,0,False,2025-02-01,0.0,0.6845131153431548,0.0,0.9330127018922193,0.75,0.4520719966513186,0.8802113916617733,13,0.0,0.0,0.0,0.0,0.0,0.0,0.0,0.0,0.0,0.0,0.0,0.0,0.0,1.0,0.0,0.0,0.0,0.0,0.0,0.0,0.0,0.0,0.0,0.0,0.0,0.0,train
690,2025,Maret,KBK,Kembang Kol,17,4,0,0,5,18,720.0,0,8000,72000.0,0,0.30138133110087906,0.26666666666666666,3,0,False,2025-03-01,0.1724137931034484,0.7240388070427596,0.0,1.0,0.5,0.3767266638760988,0.6050107653161089,13,0.0,0.0,0.0,0.0,0.0,0.0,0.0,0.0,0.0,0.0,0.0,0.0,0.0,1.0,0.0,0.0,0.0,0.0,0.0,0.0,0.0,0.0,0.0,0.0,0.0,0.0,train
716,2025,April,KBK,Kembang Kol,18,4,0,0,4,18,720.0,0,8000,72000.0,0,0.30138133110087906,0.26666666666666666,4,0,False,2025-04-01,0.13793103448275978,0.6981674452030183,0.0,0.9330127018922194,0.2500000000000001,0.30138133110087906,0.45997259737717755,13,0.0,0.0,0.0,0.0,0.0,0.0,0.0,0.0,0.0,0.0,0.0,0.0,0.0,1.0,0.0,0.0,0.0,0.0,0.0,0.0,0.0,0.0,0.0,0.0,0.0,0.0,train
742,2025,Mei,KBK,Kembang Kol,18,2,0,0,2,18,360.0,0,8000,36000.0,0,0.15069066555043953,0.13333333333333333,5,0,False,2025-05-01,0.2413793103448283,0.6126482213438734,0.0,0.75,0.06698729810778065,0.30138133110087906,0.38950871011939714,13,0.0,0.0,0.0,0.0,0.0,0.0,0.0,0.0,0.0,0.0,0.0,0.0,0.0,1.0,0.0,0.0,0.0,0.0,0.0,0.0,0.0,0.0,0.0,0.0,0.0,0.0,val
768,2025,Juni,KBK,Kembang Kol,18,1,0,0,1,18,80.0,0,8000,8000.0,0,0.03348681456676434,0.06666666666666667,6,0,False,2025-06-01,0.068965517241379,0.6658282429033416,0.0,0.5000000000000001,0.0,0.15069066555043953,0.2838128792327266,13,0.0,0.0,0.0,0.0,0.0,0.0,0.0,0.0,0.0,0.0,0.0,0.0,0.0,1.0,0.0,0.0,0.0,0.0,0.0,0.0,0.0,0.0,0.0,0.0,0.0,0.0,val
794,2025,Juli,KBK,Kembang Kol,18,2,0,0,2,18,120.0,0,9000,12000.0,0,0.05023022185014651,0.13333333333333333,7,0,False,2025-07-01,0.068965517241379,0.02227811713977723,0.0,0.2500000000000001,0.06698729810778059,0.03348681456676434,0.15854374633000587,13,0.0,0.0,0.0,0.0,0.0,0.0,0.0,0.0,0.0,0.0,0.0,0.0,0.0,1.0,0.0,0.0,0.0,0.0,0.0,0.0,0.0,0.0,0.0,0.0,0.0,0.0,val
820,2025,Agustus,KBK,Kembang Kol,18,2,0,0,2,18,150.0,0,9000,15000.0,0,0.06278777731268313,0.13333333333333333,8,0,False,2025-08-01,0.068965517241379,0.0,0.0,0.06698729810778081,0.24999999999999978,0.05023022185014651,0.041103934233705244,13,0.0,0.0,0.0,0.0,0.0,0.0,0.0,0.0,0.0,0.0,0.0,0.0,0.0,1.0,0.0,0.0,0.0,0.0,0.0,0.0,0.0,0.0,0.0,0.0,0.0,0.0,val
846,2025,September,KBK,Kembang Kol,18,3,0,0,3,18,210.0,0,6000,21000.0,0,0.08790288823775638,0.2,9,0,False,2025-09-01,0.2758620689655169,0.22385914480776137,0.0,0.0,0.4999999999999999,0.06278777731268313,0.0,13,0.0,0.0,0.0,0.0,0.0,0.0,0.0,0.0,0.0,0.0,0.0,0.0,0.0,1.0,0.0,0.0,0.0,0.0,0.0,0.0,0.0,0.0,0.0,0.0,0.0,0.0,val
872,2025,Oktober,KBK,Kembang Kol,18,2,0,0,2,18,140.0,0,5000,14000.0,0,0.05860192549183759,0.13333333333333333,10,0,False,2025-10-01,0.4137931034482749,0.6572044556234279,0.0,0.0669872981077807,0.75,0.08790288823775638,0.025445292620865145,13,0.0,0.0,0.0,0.0,0.0,0.0,0.0,0.0,0.0,0.0,0.0,0.0,0.0,1.0,0.0,0.0,0.0,0.0,0.0,0.0,0.0,0.0,0.0,0.0,0.0,0.0,test
898,2025,November,KBK,Kembang Kol,18,4,0,0,4,18,300.0,0,6000,30000.0,0,0.12557555462536626,0.26666666666666666,11,0,False,2025-11-01,0.2758620689655169,0.9999999999999999,0.0,0.24999999999999978,0.9330127018922192,0.05860192549183759,0.02935995302407518,13,0.0,0.0,0.0,0.0,0.0,0.0,0.0,0.0,0.0,0.0,0.0,0.0,0.0,1.0,0.0,0.0,0.0,0.0,0.0,0.0,0.0,0.0,0.0,0.0,0.0,0.0,test
924,2025,Desember,KBK,Kembang Kol,18,2,0,0,2,18,160.0,0,6000,16000.0,0,0.06697362913352868,0.13333333333333333,12,0,False,2025-12-01,0.1724137931034484,0.9690980955803089,0.0,0.4999999999999999,1.0,0.12557555462536626,0.05871990604815033,13,0.0,0.0,0.0,0.0,0.0,0.0,0.0,0.0,0.0,0.0,0.0,0.0,0.0,1.0,0.0,0.0,0.0,0.0,0.0,0.0,0.0,0.0,0.0,0.0,0.0,0.0,test
951,2026,Januari,KBK,Kembang Kol,18,4,0,0,18,32,800.0,0,6000,80000.0,0,0.3348681456676434,0.26666666666666666,1,0,False,2026-01-01,-0.1724137931034475,0.6015091627739849,0.0,0.75,0.9330127018922194,0.06697362913352868,0.04893325504012527,13,0.0,0.0,0.0,0.0,0.0,0.0,0.0,0.0,0.0,0.0,0.0,0.0,0.0,1.0,0.0,0.0,0.0,0.0,0.0,0.0,0.0,0.0,0.0,0.0,0.0,0.0,test
979,2026,Februari,KBK,Kembang Kol,32,4,0,0,5,33,800.0,0,5000,80000.0,0,0.3348681456676434,0.26666666666666666,2,0,False,2026-02-01,-0.068965517241379,0.6884656845131153,0.0,0.9330127018922193,0.75,0.3348681456676434,0.178117048346056,13,0.0,0.0,0.0,0.0,0.0,0.0,0.0,0.0,0.0,0.0,0.0,0.0,0.0,1.0,0.0,0.0,0.0,0.0,0.0,0.0,0.0,0.0,0.0,0.0,0.0,0.0,test
1007,2026,Maret,KBK,Kembang Kol,33,8,0,0,3,28,1600.0,0,6000,160000.0,0,0.6697362913352868,0.5333333333333333,3,0,False,2026-03-01,0.1034482758620694,0.7226015091627739,0.0,1.0,0.5,0.3348681456676434,0.2759835584263065,13,0.0,0.0,0.0,0.0,0.0,0.0,0.0,0.0,0.0,0.0,0.0,0.0,0.0,1.0,0.0,0.0,0.0,0.0,0.0,0.0,0.0,0.0,0.0,0.0,0.0,0.0,test
93,2023,April,KTG,Kentang,2,0,0,0,0,2,0.0,0,10750,0.0,0,0.0,0.0,4,1,False,2023-04-01,0.2068965517241379,0.6981674452030183,0.0,0.9330127018922194,0.2500000000000001,0.0,0.0,14,0.0,0.0,0.0,0.0,0.0,0.0,0.0,0.0,0.0,0.0,0.0,0.0,0.0,0.0,1.0,0.0,0.0,0.0,0.0,0.0,0.0,0.0,0.0,0.0,0.0,0.0,train
119,2023,Mei,KTG,Kentang,2,0,0,0,0,2,0.0,0,10750,0.0,0,0.0,0.0,5,1,False,2023-05-01,0.3103448275862073,0.6126482213438734,0.0,0.75,0.06698729810778065,0.0,0.0,14,0.0,0.0,0.0,0.0,0.0,0.0,0.0,0.0,0.0,0.0,0.0,0.0,0.0,0.0,1.0,0.0,0.0,0.0,0.0,0.0,0.0,0.0,0.0,0.0,0.0,0.0,train
145,2023,Juni,KTG,Kentang,2,0,0,0,0,2,0.0,0,10750,0.0,0,0.0,0.0,6,1,False,2023-06-01,0.2068965517241379,0.6658282429033416,0.0,0.5000000000000001,0.0,0.0,0.0,14,0.0,0.0,0.0,0.0,0.0,0.0,0.0,0.0,0.0,0.0,0.0,0.0,0.0,0.0,1.0,0.0,0.0,0.0,0.0,0.0,0.0,0.0,0.0,0.0,0.0,0.0,train
171,2023,Juli,KTG,Kentang,2,1,0,0,1,2,90.0,0,13000,9000.0,0,0.03449597546952856,0.06666666666666667,7,0,False,2023-07-01,0.1034482758620694,0.02227811713977723,0.0,0.2500000000000001,0.06698729810778059,0.0,0.0,14,0.0,0.0,0.0,0.0,0.0,0.0,0.0,0.0,0.0,0.0,0.0,0.0,0.0,0.0,1.0,0.0,0.0,0.0,0.0,0.0,0.0,0.0,0.0,0.0,0.0,0.0,train
197,2023,Agustus,KTG,Kentang,2,1,0,0,1,2,90.0,0,10000,9000.0,0,0.03449597546952856,0.06666666666666667,8,0,False,2023-08-01,0.4137931034482749,0.0,0.0,0.06698729810778081,0.24999999999999978,0.03449597546952856,0.013833384568090993,14,0.0,0.0,0.0,0.0,0.0,0.0,0.0,0.0,0.0,0.0,0.0,0.0,0.0,0.0,1.0,0.0,0.0,0.0,0.0,0.0,0.0,0.0,0.0,0.0,0.0,0.0,train
223,2023,September,KTG,Kentang,2,1,0,0,1,2,80.0,0,10000,8000.0,0,0.030663089306247605,0.06666666666666667,9,0,False,2023-09-01,0.7241379310344831,0.22385914480776137,0.0,0.0,0.4999999999999999,0.03449597546952856,0.027666769136181987,14,0.0,0.0,0.0,0.0,0.0,0.0,0.0,0.0,0.0,0.0,0.0,0.0,0.0,0.0,1.0,0.0,0.0,0.0,0.0,0.0,0.0,0.0,0.0,0.0,0.0,0.0,train
249,2023,Oktober,KTG,Kentang,2,1,0,0,1,2,90.0,0,10000,9000.0,0,0.03449597546952856,0.06666666666666667,10,0,False,2023-10-01,1.0000000000000009,0.6572044556234279,0.0,0.0669872981077807,0.75,0.030663089306247605,0.03996311097448509,14,0.0,0.0,0.0,0.0,0.0,0.0,0.0,0.0,0.0,0.0,0.0,0.0,0.0,0.0,1.0,0.0,0.0,0.0,0.0,0.0,0.0,0.0,0.0,0.0,0.0,0.0,train
275,2023,November,KTG,Kentang,2,0,0,0,0,2,0.0,0,10750,0.0,0,0.0,0.0,11,1,False,2023-11-01,0.4827586206896557,0.9999999999999999,0.0,0.24999999999999978,0.9330127018922192,0.03449597546952856,0.03996311097448509,14,0.0,0.0,0.0,0.0,0.0,0.0,0.0,0.0,0.0,0.0,0.0,0.0,0.0,0.0,1.0,0.0,0.0,0.0,0.0,0.0,0.0,0.0,0.0,0.0,0.0,0.0,train
301,2023,Desember,KTG,Kentang,2,0,0,0,0,2,0.0,0,10750,0.0,0,0.0,0.0,12,1,False,2023-12-01,0.4137931034482749,0.9690980955803089,0.0,0.4999999999999999,1.0,0.0,0.0261297264063941,14,0.0,0.0,0.0,0.0,0.0,0.0,0.0,0.0,0.0,0.0,0.0,0.0,0.0,0.0,1.0,0.0,0.0,0.0,0.0,0.0,0.0,0.0,0.0,0.0,0.0,0.0,train
327,2024,Januari,KTG,Kentang,2,2,0,0,0,0,400.0,0,8000,40000.0,0,0.15331544653123802,0.13333333333333333,1,0,False,2024-01-01,0.2413793103448283,0.6015091627739849,0.0,0.75,0.9330127018922194,0.0,0.013833384568090993,14,0.0,0.0,0.0,0.0,0.0,0.0,0.0,0.0,0.0,0.0,0.0,0.0,0.0,0.0,1.0,0.0,0.0,0.0,0.0,0.0,0.0,0.0,0.0,0.0,0.0,0.0,train
353,2024,Februari,KTG,Kentang,0,0,0,0,0,0,0.0,0,8000,0.0,0,0.0,0.0,2,1,False,2024-02-01,0.2758620689655169,0.7236794825727632,0.0,0.9330127018922193,0.75,0.15331544653123802,0.06148170919151553,14,0.0,0.0,0.0,0.0,0.0,0.0,0.0,0.0,0.0,0.0,0.0,0.0,0.0,0.0,1.0,0.0,0.0,0.0,0.0,0.0,0.0,0.0,0.0,0.0,0.0,0.0,train
379,2024,Maret,KTG,Kentang,0,0,0,0,0,0,0.0,0,8000,0.0,0,0.0,0.0,3,1,False,2024-03-01,0.2413793103448283,0.7240388070427596,0.0,1.0,0.5,0.0,0.06148170919151553,14,0.0,0.0,0.0,0.0,0.0,0.0,0.0,0.0,0.0,0.0,0.0,0.0,0.0,0.0,1.0,0.0,0.0,0.0,0.0,0.0,0.0,0.0,0.0,0.0,0.0,0.0,train
405,2024,April,KTG,Kentang,11,2,3,0,1,1,583.0,242,8000,58300.0,24200,0.31621310847067846,0.3333333333333333,4,0,False,2024-04-01,0.4482758620689653,0.6981674452030183,0.0,0.9330127018922194,0.2500000000000001,0.0,0.06148170919151553,14,0.0,0.0,0.0,0.0,0.0,0.0,0.0,0.0,0.0,0.0,0.0,0.0,0.0,0.0,1.0,0.0,0.0,0.0,0.0,0.0,0.0,0.0,0.0,0.0,0.0,0.0,train
431,2024,Mei,KTG,Kentang,18,5,9,0,16,18,442.0,474,8000,44200.0,47400,0.3510923725565351,0.9333333333333333,5,0,False,2024-05-01,0.5172413793103443,0.6126482213438734,0.0,0.75,0.06698729810778065,0.31621310847067846,0.12680602520750078,14,0.0,0.0,0.0,0.0,0.0,0.0,0.0,0.0,0.0,0.0,0.0,0.0,0.0,0.0,1.0,0.0,0.0,0.0,0.0,0.0,0.0,0.0,0.0,0.0,0.0,0.0,train
457,2024,Juni,KTG,Kentang,16,6,5,0,5,3,1014.0,1205,8000,101400.0,120500,0.850517439632043,0.7333333333333333,6,0,False,2024-06-01,0.2068965517241379,0.6658282429033416,0.0,0.5000000000000001,0.0,0.3510923725565351,0.26759913925607137,14,0.0,0.0,0.0,0.0,0.0,0.0,0.0,0.0,0.0,0.0,0.0,0.0,0.0,0.0,1.0,0.0,0.0,0.0,0.0,0.0,0.0,0.0,0.0,0.0,0.0,0.0,train
483,2024,Juli,KTG,Kentang,11,6,4,0,5,19,1349.0,672,8000,134900.0,67200,0.7746262935990802,0.6666666666666666,7,0,False,2024-07-01,0.068965517241379,0.02227811713977723,0.0,0.2500000000000001,0.06698729810778059,0.850517439632043,0.6086689209960037,14,0.0,0.0,0.0,0.0,0.0,0.0,0.0,0.0,0.0,0.0,0.0,0.0,0.0,0.0,1.0,0.0,0.0,0.0,0.0,0.0,0.0,0.0,0.0,0.0,0.0,0.0,train
509,2024,Agustus,KTG,Kentang,8,1,9,0,1,13,897.0,1200,8000,89700.0,120000,0.8037562284400154,0.6666666666666666,8,0,False,2024-08-01,0.3793103448275863,0.0,0.0,0.06698729810778081,0.24999999999999978,0.7746262935990802,0.7924992314786351,14,0.0,0.0,0.0,0.0,0.0,0.0,0.0,0.0,0.0,0.0,0.0,0.0,0.0,0.0,1.0,0.0,0.0,0.0,0.0,0.0,0.0,0.0,0.0,0.0,0.0,0.0,train
535,2024,September,KTG,Kentang,13,1,14,0,16,8,823.0,977,8000,82300.0,97700,0.6899195093905711,1.0,9,0,False,2024-09-01,0.3793103448275863,0.22385914480776137,0.0,0.0,0.4999999999999999,0.8037562284400154,0.9740239778665848,14,0.0,0.0,0.0,0.0,0.0,0.0,0.0,0.0,0.0,0.0,0.0,0.0,0.0,0.0,1.0,0.0,0.0,0.0,0.0,0.0,0.0,0.0,0.0,0.0,0.0,0.0,train
561,2024,Oktober,KTG,Kentang,13,1,7,0,6,8,1131.0,1478,8000,113100.0,147800,1.0,0.5333333333333333,10,0,False,2024-10-01,0.5517241379310347,0.6572044556234279,0.0,0.0669872981077807,0.75,0.6899195093905711,0.9096218874884722,14,0.0,0.0,0.0,0.0,0.0,0.0,0.0,0.0,0.0,0.0,0.0,0.0,0.0,0.0,1.0,0.0,0.0,0.0,0.0,0.0,0.0,0.0,0.0,0.0,0.0,0.0,train
587,2024,November,KTG,Kentang,8,6,4,0,9,16,1549.0,256,8000,154900.0,25600,0.6918359524722116,0.6666666666666666,11,0,False,2024-11-01,0.2413793103448283,0.9999999999999999,0.0,0.24999999999999978,0.9330127018922192,1.0,1.0,14,0.0,0.0,0.0,0.0,0.0,0.0,0.0,0.0,0.0,0.0,0.0,0.0,0.0,0.0,1.0,0.0,0.0,0.0,0.0,0.0,0.0,0.0,0.0,0.0,0.0,0.0,train
613,2024,Desember,KTG,Kentang,16,8,7,0,12,18,196.0,618,8000,19600.0,61800,0.3119969336910694,1.0,12,0,False,2024-12-01,0.1724137931034484,0.9690980955803089,0.0,0.4999999999999999,1.0,0.6918359524722116,0.9551183522901938,14,0.0,0.0,0.0,0.0,0.0,0.0,0.0,0.0,0.0,0.0,0.0,0.0,0.0,0.0,1.0,0.0,0.0,0.0,0.0,0.0,0.0,0.0,0.0,0.0,0.0,0.0,train
639,2025,Januari,KTG,Kentang,1,0,0,0,0,1,0.0,0,0,0.0,0,0.0,0.0,1,1,False,2025-01-01,0.03448275862069039,0.6015091627739849,0.0,0.75,0.9330127018922194,0.3119969336910694,0.8035659391331079,14,0.0,0.0,0.0,0.0,0.0,0.0,0.0,0.0,0.0,0.0,0.0,0.0,0.0,0.0,1.0,0.0,0.0,0.0,0.0,0.0,0.0,0.0,0.0,0.0,0.0,0.0,train
665,2025,Februari,KTG,Kentang,1,0,0,0,1,2,0.0,0,0,0.0,0,0.0,0.0,2,1,False,2025-02-01,0.0,0.6845131153431548,0.0,0.9330127018922193,0.75,0.0,0.40255149093144793,14,0.0,0.0,0.0,0.0,0.0,0.0,0.0,0.0,0.0,0.0,0.0,0.0,0.0,0.0,1.0,0.0,0.0,0.0,0.0,0.0,0.0,0.0,0.0,0.0,0.0,0.0,train
691,2025,Maret,KTG,Kentang,2,0,0,0,0,2,0.0,0,0,0.0,0,0.0,0.0,3,1,False,2025-03-01,0.1724137931034484,0.7240388070427596,0.0,1.0,0.5,0.0,0.1251152782047341,14,0.0,0.0,0.0,0.0,0.0,0.0,0.0,0.0,0.0,0.0,0.0,0.0,0.0,0.0,1.0,0.0,0.0,0.0,0.0,0.0,0.0,0.0,0.0,0.0,0.0,0.0,train
717,2025,April,KTG,Kentang,2,0,0,0,0,2,0.0,0,0,0.0,0,0.0,0.0,4,1,False,2025-04-01,0.13793103448275978,0.6981674452030183,0.0,0.9330127018922194,0.2500000000000001,0.0,0.0,14,0.0,0.0,0.0,0.0,0.0,0.0,0.0,0.0,0.0,0.0,0.0,0.0,0.0,0.0,1.0,0.0,0.0,0.0,0.0,0.0,0.0,0.0,0.0,0.0,0.0,0.0,train
743,2025,Mei,KTG,Kentang,2,0,0,0,0,2,0.0,0,0,0.0,0,0.0,0.0,5,1,False,2025-05-01,0.2413793103448283,0.6126482213438734,0.0,0.75,0.06698729810778065,0.0,0.0,14,0.0,0.0,0.0,0.0,0.0,0.0,0.0,0.0,0.0,0.0,0.0,0.0,0.0,0.0,1.0,0.0,0.0,0.0,0.0,0.0,0.0,0.0,0.0,0.0,0.0,0.0,val
769,2025,Juni,KTG,Kentang,2,0,0,0,0,2,0.0,0,0,0.0,0,0.0,0.0,6,1,False,2025-06-01,0.068965517241379,0.6658282429033416,0.0,0.5000000000000001,0.0,0.0,0.0,14,0.0,0.0,0.0,0.0,0.0,0.0,0.0,0.0,0.0,0.0,0.0,0.0,0.0,0.0,1.0,0.0,0.0,0.0,0.0,0.0,0.0,0.0,0.0,0.0,0.0,0.0,val
795,2025,Juli,KTG,Kentang,2,1,0,0,1,2,90.0,0,13000,9000.0,0,0.03449597546952856,0.06666666666666667,7,0,False,2025-07-01,0.068965517241379,0.02227811713977723,0.0,0.2500000000000001,0.06698729810778059,0.0,0.0,14,0.0,0.0,0.0,0.0,0.0,0.0,0.0,0.0,0.0,0.0,0.0,0.0,0.0,0.0,1.0,0.0,0.0,0.0,0.0,0.0,0.0,0.0,0.0,0.0,0.0,0.0,val
821,2025,Agustus,KTG,Kentang,2,1,0,0,1,2,90.0,0,10000,9000.0,0,0.03449597546952856,0.06666666666666667,8,0,False,2025-08-01,0.068965517241379,0.0,0.0,0.06698729810778081,0.24999999999999978,0.03449597546952856,0.013833384568090993,14,0.0,0.0,0.0,0.0,0.0,0.0,0.0,0.0,0.0,0.0,0.0,0.0,0.0,0.0,1.0,0.0,0.0,0.0,0.0,0.0,0.0,0.0,0.0,0.0,0.0,0.0,val
847,2025,September,KTG,Kentang,2,1,0,0,1,2,80.0,0,10000,8000.0,0,0.030663089306247605,0.06666666666666667,9,0,False,2025-09-01,0.2758620689655169,0.22385914480776137,0.0,0.0,0.4999999999999999,0.03449597546952856,0.027666769136181987,14,0.0,0.0,0.0,0.0,0.0,0.0,0.0,0.0,0.0,0.0,0.0,0.0,0.0,0.0,1.0,0.0,0.0,0.0,0.0,0.0,0.0,0.0,0.0,0.0,0.0,0.0,val
873,2025,Oktober,KTG,Kentang,2,1,0,0,1,2,90.0,0,10000,9000.0,0,0.03449597546952856,0.06666666666666667,10,0,False,2025-10-01,0.4137931034482749,0.6572044556234279,0.0,0.0669872981077807,0.75,0.030663089306247605,0.03996311097448509,14,0.0,0.0,0.0,0.0,0.0,0.0,0.0,0.0,0.0,0.0,0.0,0.0,0.0,0.0,1.0,0.0,0.0,0.0,0.0,0.0,0.0,0.0,0.0,0.0,0.0,0.0,test
899,2025,November,KTG,Kentang,2,0,0,0,0,2,0.0,0,0,0.0,0,0.0,0.0,11,1,False,2025-11-01,0.2758620689655169,0.9999999999999999,0.0,0.24999999999999978,0.9330127018922192,0.03449597546952856,0.03996311097448509,14,0.0,0.0,0.0,0.0,0.0,0.0,0.0,0.0,0.0,0.0,0.0,0.0,0.0,0.0,1.0,0.0,0.0,0.0,0.0,0.0,0.0,0.0,0.0,0.0,0.0,0.0,test
925,2025,Desember,KTG,Kentang,2,0,0,0,0,2,0.0,0,0,0.0,0,0.0,0.0,12,1,False,2025-12-01,0.1724137931034484,0.9690980955803089,0.0,0.4999999999999999,1.0,0.0,0.0261297264063941,14,0.0,0.0,0.0,0.0,0.0,0.0,0.0,0.0,0.0,0.0,0.0,0.0,0.0,0.0,1.0,0.0,0.0,0.0,0.0,0.0,0.0,0.0,0.0,0.0,0.0,0.0,test
952,2026,Januari,KTG,Kentang,2,2,0,0,0,0,400.0,0,8000,40000.0,0,0.15331544653123802,0.13333333333333333,1,0,False,2026-01-01,-0.1724137931034475,0.6015091627739849,0.0,0.75,0.9330127018922194,0.0,0.013833384568090993,14,0.0,0.0,0.0,0.0,0.0,0.0,0.0,0.0,0.0,0.0,0.0,0.0,0.0,0.0,1.0,0.0,0.0,0.0,0.0,0.0,0.0,0.0,0.0,0.0,0.0,0.0,test
980,2026,Februari,KTG,Kentang,0,0,0,0,0,0,0.0,0,0,0.0,0,0.0,0.0,2,1,False,2026-02-01,-0.068965517241379,0.6884656845131153,0.0,0.9330127018922193,0.75,0.15331544653123802,0.06148170919151553,14,0.0,0.0,0.0,0.0,0.0,0.0,0.0,0.0,0.0,0.0,0.0,0.0,0.0,0.0,1.0,0.0,0.0,0.0,0.0,0.0,0.0,0.0,0.0,0.0,0.0,0.0,test
1008,2026,Maret,KTG,Kentang,0,0,0,0,0,0,0.0,0,0,0.0,0,0.0,0.0,3,1,False,2026-03-01,0.1034482758620694,0.7226015091627739,0.0,1.0,0.5,0.0,0.06148170919151553,14,0.0,0.0,0.0,0.0,0.0,0.0,0.0,0.0,0.0,0.0,0.0,0.0,0.0,0.0,1.0,0.0,0.0,0.0,0.0,0.0,0.0,0.0,0.0,0.0,0.0,0.0,test
94,2023,April,KBS,Kubis,9,0,0,0,0,9,0.0,0,2437,0.0,0,0.0,0.0,4,1,False,2023-04-01,0.2068965517241379,0.6981674452030183,0.0,0.9330127018922194,0.2500000000000001,0.0,0.13173061090070806,15,0.0,0.0,0.0,0.0,0.0,0.0,0.0,0.0,0.0,0.0,0.0,0.0,0.0,0.0,0.0,1.0,0.0,0.0,0.0,0.0,0.0,0.0,0.0,0.0,0.0,0.0,train
120,2023,Mei,KBS,Kubis,9,0,0,0,0,9,0.0,0,2437,0.0,0,0.0,0.0,5,1,False,2023-05-01,0.3103448275862073,0.6126482213438734,0.0,0.75,0.06698729810778065,0.0,0.039519183270212414,15,0.0,0.0,0.0,0.0,0.0,0.0,0.0,0.0,0.0,0.0,0.0,0.0,0.0,0.0,0.0,1.0,0.0,0.0,0.0,0.0,0.0,0.0,0.0,0.0,0.0,0.0,train
146,2023,Juni,KBS,Kubis,9,0,0,0,0,9,0.0,0,2437,0.0,0,0.0,0.0,6,1,False,2023-06-01,0.2068965517241379,0.6658282429033416,0.0,0.5000000000000001,0.0,0.0,0.0,15,0.0,0.0,0.0,0.0,0.0,0.0,0.0,0.0,0.0,0.0,0.0,0.0,0.0,0.0,0.0,1.0,0.0,0.0,0.0,0.0,0.0,0.0,0.0,0.0,0.0,0.0,train
172,2023,Juli,KBS,Kubis,9,2,0,0,2,9,130.0,0,4000,13000.0,0,0.05450733752620545,0.11764705882352941,7,0,False,2023-07-01,0.1034482758620694,0.02227811713977723,0.0,0.2500000000000001,0.06698729810778059,0.0,0.0,15,0.0,0.0,0.0,0.0,0.0,0.0,0.0,0.0,0.0,0.0,0.0,0.0,0.0,0.0,0.0,1.0,0.0,0.0,0.0,0.0,0.0,0.0,0.0,0.0,0.0,0.0,train
198,2023,Agustus,KBS,Kubis,9,1,0,0,1,9,80.0,0,2500,8000.0,0,0.033542976939203356,0.058823529411764705,8,0,False,2023-08-01,0.4137931034482749,0.0,0.0,0.06698729810778081,0.24999999999999978,0.05450733752620545,0.021406224271365057,15,0.0,0.0,0.0,0.0,0.0,0.0,0.0,0.0,0.0,0.0,0.0,0.0,0.0,0.0,0.0,1.0,0.0,0.0,0.0,0.0,0.0,0.0,0.0,0.0,0.0,0.0,train
224,2023,September,KBS,Kubis,9,2,0,0,2,9,140.0,0,2000,14000.0,0,0.058700209643605866,0.11764705882352941,9,0,False,2023-09-01,0.7241379310344831,0.22385914480776137,0.0,0.0,0.4999999999999999,0.033542976939203356,0.03457928536143586,15,0.0,0.0,0.0,0.0,0.0,0.0,0.0,0.0,0.0,0.0,0.0,0.0,0.0,0.0,0.0,1.0,0.0,0.0,0.0,0.0,0.0,0.0,0.0,0.0,0.0,0.0,train
250,2023,Oktober,KBS,Kubis,9,1,0,0,1,9,70.0,0,2500,7000.0,0,0.029350104821802933,0.058823529411764705,10,0,False,2023-10-01,1.0000000000000009,0.6572044556234279,0.0,0.0669872981077807,0.75,0.058700209643605866,0.057632142269059765,15,0.0,0.0,0.0,0.0,0.0,0.0,0.0,0.0,0.0,0.0,0.0,0.0,0.0,0.0,0.0,1.0,0.0,0.0,0.0,0.0,0.0,0.0,0.0,0.0,0.0,0.0,train
276,2023,November,KBS,Kubis,9,2,0,0,2,9,150.0,0,2000,15000.0,0,0.06289308176100629,0.11764705882352941,11,0,False,2023-11-01,0.4827586206896557,0.9999999999999999,0.0,0.24999999999999978,0.9330127018922192,0.029350104821802933,0.047752346451506666,15,0.0,0.0,0.0,0.0,0.0,0.0,0.0,0.0,0.0,0.0,0.0,0.0,0.0,0.0,0.0,1.0,0.0,0.0,0.0,0.0,0.0,0.0,0.0,0.0,0.0,0.0,train
302,2023,Desember,KBS,Kubis,9,2,0,0,2,9,160.0,0,2000,16000.0,0,0.06708595387840671,0.11764705882352941,12,0,False,2023-12-01,0.4137931034482749,0.9690980955803089,0.0,0.4999999999999999,1.0,0.06289308176100629,0.05927877490531862,15,0.0,0.0,0.0,0.0,0.0,0.0,0.0,0.0,0.0,0.0,0.0,0.0,0.0,0.0,0.0,1.0,0.0,0.0,0.0,0.0,0.0,0.0,0.0,0.0,0.0,0.0,train
328,2024,Januari,KBS,Kubis,9,3,0,0,5,11,600.0,0,4000,60000.0,0,0.25157232704402516,0.1764705882352941,1,0,False,2024-01-01,0.2413793103448283,0.6015091627739849,0.0,0.75,0.9330127018922194,0.06708595387840671,0.06257204017783632,15,0.0,0.0,0.0,0.0,0.0,0.0,0.0,0.0,0.0,0.0,0.0,0.0,0.0,0.0,0.0,1.0,0.0,0.0,0.0,0.0,0.0,0.0,0.0,0.0,0.0,0.0,train
354,2024,Februari,KBS,Kubis,11,3,0,0,5,13,600.0,0,4000,60000.0,0,0.25157232704402516,0.1764705882352941,2,0,False,2024-02-01,0.2758620689655169,0.7236794825727632,0.0,0.9330127018922193,0.75,0.25157232704402516,0.14984356989955538,15,0.0,0.0,0.0,0.0,0.0,0.0,0.0,0.0,0.0,0.0,0.0,0.0,0.0,0.0,0.0,1.0,0.0,0.0,0.0,0.0,0.0,0.0,0.0,0.0,0.0,0.0,train
380,2024,Maret,KBS,Kubis,13,5,0,0,3,11,1000.0,0,5000,100000.0,0,0.4192872117400419,0.29411764705882354,3,0,False,2024-03-01,0.2413793103448283,0.7240388070427596,0.0,1.0,0.5,0.25157232704402516,0.2239420385312037,15,0.0,0.0,0.0,0.0,0.0,0.0,0.0,0.0,0.0,0.0,0.0,0.0,0.0,0.0,0.0,1.0,0.0,0.0,0.0,0.0,0.0,0.0,0.0,0.0,0.0,0.0,train
406,2024,April,KBS,Kubis,9,8,3,0,15,18,1461.0,320,2000,146100.0,32000,0.7467505241090147,0.6470588235294118,4,0,False,2024-04-01,0.4482758620689653,0.6981674452030183,0.0,0.9330127018922194,0.2500000000000001,0.4192872117400419,0.3622591799769471,15,0.0,0.0,0.0,0.0,0.0,0.0,0.0,0.0,0.0,0.0,0.0,0.0,0.0,0.0,0.0,1.0,0.0,0.0,0.0,0.0,0.0,0.0,0.0,0.0,0.0,0.0,train
432,2024,Mei,KBS,Kubis,5,1,14,0,13,11,597.0,1351,2000,59700.0,135100,0.8167714884696017,0.8823529411764706,5,0,False,2024-05-01,0.5172413793103443,0.6126482213438734,0.0,0.75,0.06698729810778065,0.7467505241090147,0.5567264943191174,15,0.0,0.0,0.0,0.0,0.0,0.0,0.0,0.0,0.0,0.0,0.0,0.0,0.0,0.0,0.0,1.0,0.0,0.0,0.0,0.0,0.0,0.0,0.0,0.0,0.0,0.0,train
458,2024,Juni,KBS,Kubis,9,6,1,0,9,0,937.0,982,2000,93700.0,98200,0.8046121593291404,0.4117647058823529,6,0,False,2024-06-01,0.2068965517241379,0.6658282429033416,0.0,0.5000000000000001,0.0,0.8167714884696017,0.7786925736868104,15,0.0,0.0,0.0,0.0,0.0,0.0,0.0,0.0,0.0,0.0,0.0,0.0,0.0,0.0,0.0,1.0,0.0,0.0,0.0,0.0,0.0,0.0,0.0,0.0,0.0,0.0,train
484,2024,Juli,KBS,Kubis,14,3,3,0,4,7,1545.0,224,2000,154500.0,22400,0.7417190775681342,0.3529411764705882,7,0,False,2024-07-01,0.068965517241379,0.02227811713977723,0.0,0.2500000000000001,0.06698729810778059,0.8046121593291404,0.9300181129589987,15,0.0,0.0,0.0,0.0,0.0,0.0,0.0,0.0,0.0,0.0,0.0,0.0,0.0,0.0,0.0,1.0,0.0,0.0,0.0,0.0,0.0,0.0,0.0,0.0,0.0,0.0,train
510,2024,Agustus,KBS,Kubis,7,7,10,0,10,17,1076.0,1309,2000,107600.0,130900,1.0,1.0,8,0,False,2024-08-01,0.3793103448275863,0.0,0.0,0.06698729810778081,0.24999999999999978,0.7417190775681342,0.9280421537954882,15,0.0,0.0,0.0,0.0,0.0,0.0,0.0,0.0,0.0,0.0,0.0,0.0,0.0,0.0,0.0,1.0,0.0,0.0,0.0,0.0,0.0,0.0,0.0,0.0,0.0,0.0,train
536,2024,September,KBS,Kubis,10,5,10,0,3,0,964.0,405,2000,96400.0,40500,0.5740041928721173,0.8823529411764706,9,0,False,2024-09-01,0.3793103448275863,0.22385914480776137,0.0,0.0,0.4999999999999999,1.0,1.0,15,0.0,0.0,0.0,0.0,0.0,0.0,0.0,0.0,0.0,0.0,0.0,0.0,0.0,0.0,0.0,1.0,0.0,0.0,0.0,0.0,0.0,0.0,0.0,0.0,0.0,0.0,train
562,2024,Oktober,KBS,Kubis,4,6,8,0,9,14,38.0,151,2000,3800.0,15100,0.07924528301886792,0.8235294117647058,10,0,False,2024-10-01,0.5517241379310347,0.6572044556234279,0.0,0.0669872981077807,0.75,0.5740041928721173,0.9094352050057631,15,0.0,0.0,0.0,0.0,0.0,0.0,0.0,0.0,0.0,0.0,0.0,0.0,0.0,0.0,0.0,1.0,0.0,0.0,0.0,0.0,0.0,0.0,0.0,0.0,0.0,0.0,train
588,2024,November,KBS,Kubis,10,1,13,0,6,1,571.0,1398,2000,57100.0,139800,0.8255765199161426,0.8235294117647058,11,0,False,2024-11-01,0.2413793103448283,0.9999999999999999,0.0,0.24999999999999978,0.9330127018922192,0.07924528301886792,0.6492672484768648,15,0.0,0.0,0.0,0.0,0.0,0.0,0.0,0.0,0.0,0.0,0.0,0.0,0.0,0.0,0.0,1.0,0.0,0.0,0.0,0.0,0.0,0.0,0.0,0.0,0.0,0.0,train
614,2024,Desember,KBS,Kubis,8,4,13,0,11,10,642.0,1066,2000,64200.0,106600,0.7161425576519916,1.0,12,0,False,2024-12-01,0.1724137931034484,0.9690980955803089,0.0,0.4999999999999999,1.0,0.8255765199161426,0.5807673308084966,15,0.0,0.0,0.0,0.0,0.0,0.0,0.0,0.0,0.0,0.0,0.0,0.0,0.0,0.0,0.0,1.0,0.0,0.0,0.0,0.0,0.0,0.0,0.0,0.0,0.0,0.0,train
640,2025,Januari,KBS,Kubis,10,7,0,0,5,8,560.0,0,2000,56000.0,0,0.23480083857442346,0.4117647058823529,1,0,False,2025-01-01,0.03448275862069039,0.6015091627739849,0.0,0.75,0.9330127018922194,0.7161425576519916,0.6365881771776717,15,0.0,0.0,0.0,0.0,0.0,0.0,0.0,0.0,0.0,0.0,0.0,0.0,0.0,0.0,0.0,1.0,0.0,0.0,0.0,0.0,0.0,0.0,0.0,0.0,0.0,0.0,train
666,2025,Februari,KBS,Kubis,8,3,0,0,2,7,240.0,0,2500,24000.0,0,0.10062893081761007,0.1764705882352941,2,0,False,2025-02-01,0.0,0.6845131153431548,0.0,0.9330127018922193,0.75,0.23480083857442346,0.697678247982875,15,0.0,0.0,0.0,0.0,0.0,0.0,0.0,0.0,0.0,0.0,0.0,0.0,0.0,0.0,0.0,1.0,0.0,0.0,0.0,0.0,0.0,0.0,0.0,0.0,0.0,0.0,train
692,2025,Maret,KBS,Kubis,7,0,0,0,2,9,0.0,0,0,0.0,0,0.0,0.0,3,1,False,2025-03-01,0.1724137931034484,0.7240388070427596,0.0,1.0,0.5,0.10062893081761007,0.41297546517371975,15,0.0,0.0,0.0,0.0,0.0,0.0,0.0,0.0,0.0,0.0,0.0,0.0,0.0,0.0,0.0,1.0,0.0,0.0,0.0,0.0,0.0,0.0,0.0,0.0,0.0,0.0,train
718,2025,April,KBS,Kubis,9,0,0,0,0,9,0.0,0,0,0.0,0,0.0,0.0,4,1,False,2025-04-01,0.13793103448275978,0.6981674452030183,0.0,0.9330127018922194,0.2500000000000001,0.0,0.13173061090070806,15,0.0,0.0,0.0,0.0,0.0,0.0,0.0,0.0,0.0,0.0,0.0,0.0,0.0,0.0,0.0,1.0,0.0,0.0,0.0,0.0,0.0,0.0,0.0,0.0,0.0,0.0,train
744,2025,Mei,KBS,Kubis,9,0,0,0,0,9,0.0,0,0,0.0,0,0.0,0.0,5,1,False,2025-05-01,0.2413793103448283,0.6126482213438734,0.0,0.75,0.06698729810778065,0.0,0.039519183270212414,15,0.0,0.0,0.0,0.0,0.0,0.0,0.0,0.0,0.0,0.0,0.0,0.0,0.0,0.0,0.0,1.0,0.0,0.0,0.0,0.0,0.0,0.0,0.0,0.0,0.0,0.0,val
770,2025,Juni,KBS,Kubis,9,0,0,0,0,9,0.0,0,0,0.0,0,0.0,0.0,6,1,False,2025-06-01,0.068965517241379,0.6658282429033416,0.0,0.5000000000000001,0.0,0.0,0.0,15,0.0,0.0,0.0,0.0,0.0,0.0,0.0,0.0,0.0,0.0,0.0,0.0,0.0,0.0,0.0,1.0,0.0,0.0,0.0,0.0,0.0,0.0,0.0,0.0,0.0,0.0,val
796,2025,Juli,KBS,Kubis,9,2,0,0,2,9,130.0,0,4000,13000.0,0,0.05450733752620545,0.11764705882352941,7,0,False,2025-07-01,0.068965517241379,0.02227811713977723,0.0,0.2500000000000001,0.06698729810778059,0.0,0.0,15,0.0,0.0,0.0,0.0,0.0,0.0,0.0,0.0,0.0,0.0,0.0,0.0,0.0,0.0,0.0,1.0,0.0,0.0,0.0,0.0,0.0,0.0,0.0,0.0,0.0,0.0,val
822,2025,Agustus,KBS,Kubis,9,1,0,0,1,9,80.0,0,2500,8000.0,0,0.033542976939203356,0.058823529411764705,8,0,False,2025-08-01,0.068965517241379,0.0,0.0,0.06698729810778081,0.24999999999999978,0.05450733752620545,0.021406224271365057,15,0.0,0.0,0.0,0.0,0.0,0.0,0.0,0.0,0.0,0.0,0.0,0.0,0.0,0.0,0.0,1.0,0.0,0.0,0.0,0.0,0.0,0.0,0.0,0.0,0.0,0.0,val
848,2025,September,KBS,Kubis,9,2,0,0,2,9,140.0,0,2000,14000.0,0,0.058700209643605866,0.11764705882352941,9,0,False,2025-09-01,0.2758620689655169,0.22385914480776137,0.0,0.0,0.4999999999999999,0.033542976939203356,0.03457928536143586,15,0.0,0.0,0.0,0.0,0.0,0.0,0.0,0.0,0.0,0.0,0.0,0.0,0.0,0.0,0.0,1.0,0.0,0.0,0.0,0.0,0.0,0.0,0.0,0.0,0.0,0.0,val
874,2025,Oktober,KBS,Kubis,9,1,0,0,1,9,70.0,0,2500,7000.0,0,0.029350104821802933,0.058823529411764705,10,0,False,2025-10-01,0.4137931034482749,0.6572044556234279,0.0,0.0669872981077807,0.75,0.058700209643605866,0.057632142269059765,15,0.0,0.0,0.0,0.0,0.0,0.0,0.0,0.0,0.0,0.0,0.0,0.0,0.0,0.0,0.0,1.0,0.0,0.0,0.0,0.0,0.0,0.0,0.0,0.0,0.0,0.0,test
900,2025,November,KBS,Kubis,9,2,0,0,2,9,150.0,0,2000,15000.0,0,0.06289308176100629,0.11764705882352941,11,0,False,2025-11-01,0.2758620689655169,0.9999999999999999,0.0,0.24999999999999978,0.9330127018922192,0.029350104821802933,0.047752346451506666,15,0.0,0.0,0.0,0.0,0.0,0.0,0.0,0.0,0.0,0.0,0.0,0.0,0.0,0.0,0.0,1.0,0.0,0.0,0.0,0.0,0.0,0.0,0.0,0.0,0.0,0.0,test
926,2025,Desember,KBS,Kubis,9,2,0,0,2,9,160.0,0,2000,16000.0,0,0.06708595387840671,0.11764705882352941,12,0,False,2025-12-01,0.1724137931034484,0.9690980955803089,0.0,0.4999999999999999,1.0,0.06289308176100629,0.05927877490531862,15,0.0,0.0,0.0,0.0,0.0,0.0,0.0,0.0,0.0,0.0,0.0,0.0,0.0,0.0,0.0,1.0,0.0,0.0,0.0,0.0,0.0,0.0,0.0,0.0,0.0,0.0,test
953,2026,Januari,KBS,Kubis,9,3,0,0,5,11,600.0,0,4000,60000.0,0,0.25157232704402516,0.1764705882352941,1,0,False,2026-01-01,-0.1724137931034475,0.6015091627739849,0.0,0.75,0.9330127018922194,0.06708595387840671,0.06257204017783632,15,0.0,0.0,0.0,0.0,0.0,0.0,0.0,0.0,0.0,0.0,0.0,0.0,0.0,0.0,0.0,1.0,0.0,0.0,0.0,0.0,0.0,0.0,0.0,0.0,0.0,0.0,test
981,2026,Februari,KBS,Kubis,11,3,0,0,5,13,600.0,0,4000,60000.0,0,0.25157232704402516,0.1764705882352941,2,0,False,2026-02-01,-0.068965517241379,0.6884656845131153,0.0,0.9330127018922193,0.75,0.25157232704402516,0.14984356989955538,15,0.0,0.0,0.0,0.0,0.0,0.0,0.0,0.0,0.0,0.0,0.0,0.0,0.0,0.0,0.0,1.0,0.0,0.0,0.0,0.0,0.0,0.0,0.0,0.0,0.0,0.0,test
1009,2026,Maret,KBS,Kubis,13,5,0,0,3,11,1000.0,0,5000,100000.0,0,0.4192872117400419,0.29411764705882354,3,0,False,2026-03-01,0.1034482758620694,0.7226015091627739,0.0,1.0,0.5,0.25157232704402516,0.2239420385312037,15,0.0,0.0,0.0,0.0,0.0,0.0,0.0,0.0,0.0,0.0,0.0,0.0,0.0,0.0,0.0,1.0,0.0,0.0,0.0,0.0,0.0,0.0,0.0,0.0,0.0,0.0,test
95,2023,April,LBUSI,Labu Siam,16,2,14,0,2,16,160.0,2240,5500,16000.0,224000,0.75,0.8421052631578947,4,0,False,2023-04-01,0.2068965517241379,0.6981674452030183,0.0,0.9330127018922194,0.2500000000000001,0.6,0.663888888888889,16,0.0,0.0,0.0,0.0,0.0,0.0,0.0,0.0,0.0,0.0,0.0,0.0,0.0,0.0,0.0,0.0,1.0,0.0,0.0,0.0,0.0,0.0,0.0,0.0,0.0,0.0,train
121,2023,Mei,LBUSI,Labu Siam,16,2,14,0,2,16,160.0,2240,5500,16000.0,224000,0.75,0.8421052631578947,5,0,False,2023-05-01,0.3103448275862073,0.6126482213438734,0.0,0.75,0.06698729810778065,0.75,0.788888888888889,16,0.0,0.0,0.0,0.0,0.0,0.0,0.0,0.0,0.0,0.0,0.0,0.0,0.0,0.0,0.0,0.0,1.0,0.0,0.0,0.0,0.0,0.0,0.0,0.0,0.0,0.0,train
147,2023,Juni,LBUSI,Labu Siam,16,3,13,0,2,15,250.0,1040,5500,25000.0,104000,0.403125,0.8421052631578947,6,0,False,2023-06-01,0.2068965517241379,0.6658282429033416,0.0,0.5000000000000001,0.0,0.75,0.9333333333333333,16,0.0,0.0,0.0,0.0,0.0,0.0,0.0,0.0,0.0,0.0,0.0,0.0,0.0,0.0,0.0,0.0,1.0,0.0,0.0,0.0,0.0,0.0,0.0,0.0,0.0,0.0,train
173,2023,Juli,LBUSI,Labu Siam,15,2,0,0,2,15,120.0,0,5500,12000.0,0,0.0375,0.10526315789473684,7,0,False,2023-07-01,0.1034482758620694,0.02227811713977723,0.0,0.2500000000000001,0.06698729810778059,0.403125,0.8458333333333333,16,0.0,0.0,0.0,0.0,0.0,0.0,0.0,0.0,0.0,0.0,0.0,0.0,0.0,0.0,0.0,0.0,1.0,0.0,0.0,0.0,0.0,0.0,0.0,0.0,0.0,0.0,train
199,2023,Agustus,LBUSI,Labu Siam,15,2,0,0,2,15,150.0,0,3000,15000.0,0,0.046875,0.10526315789473684,8,0,False,2023-08-01,0.4137931034482749,0.0,0.0,0.06698729810778081,0.24999999999999978,0.0375,0.5291666666666667,16,0.0,0.0,0.0,0.0,0.0,0.0,0.0,0.0,0.0,0.0,0.0,0.0,0.0,0.0,0.0,0.0,1.0,0.0,0.0,0.0,0.0,0.0,0.0,0.0,0.0,0.0,train
225,2023,September,LBUSI,Labu Siam,15,3,0,0,3,15,210.0,0,2000,21000.0,0,0.065625,0.15789473684210525,9,0,False,2023-09-01,0.7241379310344831,0.22385914480776137,0.0,0.0,0.4999999999999999,0.046875,0.21666666666666667,16,0.0,0.0,0.0,0.0,0.0,0.0,0.0,0.0,0.0,0.0,0.0,0.0,0.0,0.0,0.0,0.0,1.0,0.0,0.0,0.0,0.0,0.0,0.0,0.0,0.0,0.0,train
251,2023,Oktober,LBUSI,Labu Siam,15,3,0,0,3,15,210.0,0,2000,21000.0,0,0.065625,0.15789473684210525,10,0,False,2023-10-01,1.0000000000000009,0.6572044556234279,0.0,0.0669872981077807,0.75,0.065625,0.06666666666666667,16,0.0,0.0,0.0,0.0,0.0,0.0,0.0,0.0,0.0,0.0,0.0,0.0,0.0,0.0,0.0,0.0,1.0,0.0,0.0,0.0,0.0,0.0,0.0,0.0,0.0,0.0,train
277,2023,November,LBUSI,Labu Siam,15,8,7,0,8,15,600.0,525,2000,60000.0,52500,0.3515625,0.7894736842105263,11,0,False,2023-11-01,0.4827586206896557,0.9999999999999999,0.0,0.24999999999999978,0.9330127018922192,0.065625,0.07916666666666668,16,0.0,0.0,0.0,0.0,0.0,0.0,0.0,0.0,0.0,0.0,0.0,0.0,0.0,0.0,0.0,0.0,1.0,0.0,0.0,0.0,0.0,0.0,0.0,0.0,0.0,0.0,train
303,2023,Desember,LBUSI,Labu Siam,15,1,0,0,1,15,80.0,0,3000,8000.0,0,0.025,0.05263157894736842,12,0,False,2023-12-01,0.4137931034482749,0.9690980955803089,0.0,0.4999999999999999,1.0,0.3515625,0.21458333333333335,16,0.0,0.0,0.0,0.0,0.0,0.0,0.0,0.0,0.0,0.0,0.0,0.0,0.0,0.0,0.0,0.0,1.0,0.0,0.0,0.0,0.0,0.0,0.0,0.0,0.0,0.0,train
329,2024,Januari,LBUSI,Labu Siam,15,6,9,0,9,18,1200.0,1800,3000,120000.0,180000,0.9375,0.7894736842105263,1,0,False,2024-01-01,0.2413793103448283,0.6015091627739849,0.0,0.75,0.9330127018922194,0.025,0.19652777777777777,16,0.0,0.0,0.0,0.0,0.0,0.0,0.0,0.0,0.0,0.0,0.0,0.0,0.0,0.0,0.0,0.0,1.0,0.0,0.0,0.0,0.0,0.0,0.0,0.0,0.0,0.0,train
355,2024,Februari,LBUSI,Labu Siam,18,5,0,0,4,17,1000.0,0,3000,100000.0,0,0.3125,0.2631578947368421,2,0,False,2024-02-01,0.2758620689655169,0.7236794825727632,0.0,0.9330127018922193,0.75,0.9375,0.5840277777777778,16,0.0,0.0,0.0,0.0,0.0,0.0,0.0,0.0,0.0,0.0,0.0,0.0,0.0,0.0,0.0,0.0,1.0,0.0,0.0,0.0,0.0,0.0,0.0,0.0,0.0,0.0,train
381,2024,Maret,LBUSI,Labu Siam,17,5,12,0,3,15,1000.0,2200,3000,100000.0,220000,1.0,0.894736842105263,3,0,False,2024-03-01,0.2413793103448283,0.7240388070427596,0.0,1.0,0.5,0.3125,0.5666666666666667,16,0.0,0.0,0.0,0.0,0.0,0.0,0.0,0.0,0.0,0.0,0.0,0.0,0.0,0.0,0.0,0.0,1.0,0.0,0.0,0.0,0.0,0.0,0.0,0.0,0.0,0.0,train
407,2024,April,LBUSI,Labu Siam,0,0,0,0,0,0,0.0,0,3000,0.0,0,0.0,0.0,4,1,False,2024-04-01,0.4482758620689653,0.6981674452030183,0.0,0.9330127018922194,0.2500000000000001,1.0,1.0,16,0.0,0.0,0.0,0.0,0.0,0.0,0.0,0.0,0.0,0.0,0.0,0.0,0.0,0.0,0.0,0.0,1.0,0.0,0.0,0.0,0.0,0.0,0.0,0.0,0.0,0.0,train
433,2024,Mei,LBUSI,Labu Siam,0,0,0,0,0,0,0.0,0,3000,0.0,0,0.0,0.0,5,1,False,2024-05-01,0.5172413793103443,0.6126482213438734,0.0,0.75,0.06698729810778065,0.0,0.5833333333333334,16,0.0,0.0,0.0,0.0,0.0,0.0,0.0,0.0,0.0,0.0,0.0,0.0,0.0,0.0,0.0,0.0,1.0,0.0,0.0,0.0,0.0,0.0,0.0,0.0,0.0,0.0,train
459,2024,Juni,LBUSI,Labu Siam,0,0,0,0,0,0,0.0,0,3000,0.0,0,0.0,0.0,6,1,False,2024-06-01,0.2068965517241379,0.6658282429033416,0.0,0.5000000000000001,0.0,0.0,0.4444444444444445,16,0.0,0.0,0.0,0.0,0.0,0.0,0.0,0.0,0.0,0.0,0.0,0.0,0.0,0.0,0.0,0.0,1.0,0.0,0.0,0.0,0.0,0.0,0.0,0.0,0.0,0.0,train
485,2024,Juli,LBUSI,Labu Siam,0,0,0,0,0,0,0.0,0,3000,0.0,0,0.0,0.0,7,1,False,2024-07-01,0.068965517241379,0.02227811713977723,0.0,0.2500000000000001,0.06698729810778059,0.0,0.0,16,0.0,0.0,0.0,0.0,0.0,0.0,0.0,0.0,0.0,0.0,0.0,0.0,0.0,0.0,0.0,0.0,1.0,0.0,0.0,0.0,0.0,0.0,0.0,0.0,0.0,0.0,train
511,2024,Agustus,LBUSI,Labu Siam,0,0,0,0,0,0,0.0,0,3000,0.0,0,0.0,0.0,8,1,False,2024-08-01,0.3793103448275863,0.0,0.0,0.06698729810778081,0.24999999999999978,0.0,0.0,16,0.0,0.0,0.0,0.0,0.0,0.0,0.0,0.0,0.0,0.0,0.0,0.0,0.0,0.0,0.0,0.0,1.0,0.0,0.0,0.0,0.0,0.0,0.0,0.0,0.0,0.0,train
537,2024,September,LBUSI,Labu Siam,0,0,0,0,0,0,0.0,0,3000,0.0,0,0.0,0.0,9,1,False,2024-09-01,0.3793103448275863,0.22385914480776137,0.0,0.0,0.4999999999999999,0.0,0.0,16,0.0,0.0,0.0,0.0,0.0,0.0,0.0,0.0,0.0,0.0,0.0,0.0,0.0,0.0,0.0,0.0,1.0,0.0,0.0,0.0,0.0,0.0,0.0,0.0,0.0,0.0,train
563,2024,Oktober,LBUSI,Labu Siam,0,0,0,0,0,0,0.0,0,3000,0.0,0,0.0,0.0,10,1,False,2024-10-01,0.5517241379310347,0.6572044556234279,0.0,0.0669872981077807,0.75,0.0,0.0,16,0.0,0.0,0.0,0.0,0.0,0.0,0.0,0.0,0.0,0.0,0.0,0.0,0.0,0.0,0.0,0.0,1.0,0.0,0.0,0.0,0.0,0.0,0.0,0.0,0.0,0.0,train
589,2024,November,LBUSI,Labu Siam,0,0,0,0,0,0,0.0,0,3000,0.0,0,0.0,0.0,11,1,False,2024-11-01,0.2413793103448283,0.9999999999999999,0.0,0.24999999999999978,0.9330127018922192,0.0,0.0,16,0.0,0.0,0.0,0.0,0.0,0.0,0.0,0.0,0.0,0.0,0.0,0.0,0.0,0.0,0.0,0.0,1.0,0.0,0.0,0.0,0.0,0.0,0.0,0.0,0.0,0.0,train
615,2024,Desember,LBUSI,Labu Siam,0,0,0,0,0,0,0.0,0,3000,0.0,0,0.0,0.0,12,1,False,2024-12-01,0.1724137931034484,0.9690980955803089,0.0,0.4999999999999999,1.0,0.0,0.0,16,0.0,0.0,0.0,0.0,0.0,0.0,0.0,0.0,0.0,0.0,0.0,0.0,0.0,0.0,0.0,0.0,1.0,0.0,0.0,0.0,0.0,0.0,0.0,0.0,0.0,0.0,train
641,2025,Januari,LBUSI,Labu Siam,15,0,15,0,2,17,0.0,1500,6000,0.0,150000,0.46875,0.7894736842105263,1,0,False,2025-01-01,0.03448275862069039,0.6015091627739849,0.0,0.75,0.9330127018922194,0.0,0.0,16,0.0,0.0,0.0,0.0,0.0,0.0,0.0,0.0,0.0,0.0,0.0,0.0,0.0,0.0,0.0,0.0,1.0,0.0,0.0,0.0,0.0,0.0,0.0,0.0,0.0,0.0,train
667,2025,Februari,LBUSI,Labu Siam,17,3,14,0,5,19,240.0,1120,5500,24000.0,112000,0.42500000000000004,0.894736842105263,2,0,False,2025-02-01,0.0,0.6845131153431548,0.0,0.9330127018922193,0.75,0.46875,0.20833333333333334,16,0.0,0.0,0.0,0.0,0.0,0.0,0.0,0.0,0.0,0.0,0.0,0.0,0.0,0.0,0.0,0.0,1.0,0.0,0.0,0.0,0.0,0.0,0.0,0.0,0.0,0.0,train
693,2025,Maret,LBUSI,Labu Siam,19,5,14,0,2,16,800.0,1120,5500,80000.0,112000,0.6,1.0,3,0,False,2025-03-01,0.1724137931034484,0.7240388070427596,0.0,1.0,0.5,0.42500000000000004,0.3972222222222222,16,0.0,0.0,0.0,0.0,0.0,0.0,0.0,0.0,0.0,0.0,0.0,0.0,0.0,0.0,0.0,0.0,1.0,0.0,0.0,0.0,0.0,0.0,0.0,0.0,0.0,0.0,train
719,2025,April,LBUSI,Labu Siam,16,2,14,0,2,16,160.0,2240,5500,16000.0,224000,0.75,0.8421052631578947,4,0,False,2025-04-01,0.13793103448275978,0.6981674452030183,0.0,0.9330127018922194,0.2500000000000001,0.6,0.663888888888889,16,0.0,0.0,0.0,0.0,0.0,0.0,0.0,0.0,0.0,0.0,0.0,0.0,0.0,0.0,0.0,0.0,1.0,0.0,0.0,0.0,0.0,0.0,0.0,0.0,0.0,0.0,train
745,2025,Mei,LBUSI,Labu Siam,16,2,14,0,2,16,160.0,2240,5500,16000.0,224000,0.75,0.8421052631578947,5,0,False,2025-05-01,0.2413793103448283,0.6126482213438734,0.0,0.75,0.06698729810778065,0.75,0.788888888888889,16,0.0,0.0,0.0,0.0,0.0,0.0,0.0,0.0,0.0,0.0,0.0,0.0,0.0,0.0,0.0,0.0,1.0,0.0,0.0,0.0,0.0,0.0,0.0,0.0,0.0,0.0,val
771,2025,Juni,LBUSI,Labu Siam,16,3,13,0,2,15,250.0,1040,5500,25000.0,104000,0.403125,0.8421052631578947,6,0,False,2025-06-01,0.068965517241379,0.6658282429033416,0.0,0.5000000000000001,0.0,0.75,0.9333333333333333,16,0.0,0.0,0.0,0.0,0.0,0.0,0.0,0.0,0.0,0.0,0.0,0.0,0.0,0.0,0.0,0.0,1.0,0.0,0.0,0.0,0.0,0.0,0.0,0.0,0.0,0.0,val
797,2025,Juli,LBUSI,Labu Siam,15,2,0,0,2,15,120.0,0,5500,12000.0,0,0.0375,0.10526315789473684,7,0,False,2025-07-01,0.068965517241379,0.02227811713977723,0.0,0.2500000000000001,0.06698729810778059,0.403125,0.8458333333333333,16,0.0,0.0,0.0,0.0,0.0,0.0,0.0,0.0,0.0,0.0,0.0,0.0,0.0,0.0,0.0,0.0,1.0,0.0,0.0,0.0,0.0,0.0,0.0,0.0,0.0,0.0,val
823,2025,Agustus,LBUSI,Labu Siam,15,2,0,0,2,15,150.0,0,3000,15000.0,0,0.046875,0.10526315789473684,8,0,False,2025-08-01,0.068965517241379,0.0,0.0,0.06698729810778081,0.24999999999999978,0.0375,0.5291666666666667,16,0.0,0.0,0.0,0.0,0.0,0.0,0.0,0.0,0.0,0.0,0.0,0.0,0.0,0.0,0.0,0.0,1.0,0.0,0.0,0.0,0.0,0.0,0.0,0.0,0.0,0.0,val
849,2025,September,LBUSI,Labu Siam,15,3,0,0,3,15,210.0,0,2000,21000.0,0,0.065625,0.15789473684210525,9,0,False,2025-09-01,0.2758620689655169,0.22385914480776137,0.0,0.0,0.4999999999999999,0.046875,0.21666666666666667,16,0.0,0.0,0.0,0.0,0.0,0.0,0.0,0.0,0.0,0.0,0.0,0.0,0.0,0.0,0.0,0.0,1.0,0.0,0.0,0.0,0.0,0.0,0.0,0.0,0.0,0.0,val
875,2025,Oktober,LBUSI,Labu Siam,15,3,0,0,3,15,210.0,0,2000,21000.0,0,0.065625,0.15789473684210525,10,0,False,2025-10-01,0.4137931034482749,0.6572044556234279,0.0,0.0669872981077807,0.75,0.065625,0.06666666666666667,16,0.0,0.0,0.0,0.0,0.0,0.0,0.0,0.0,0.0,0.0,0.0,0.0,0.0,0.0,0.0,0.0,1.0,0.0,0.0,0.0,0.0,0.0,0.0,0.0,0.0,0.0,test
901,2025,November,LBUSI,Labu Siam,15,8,7,0,8,15,600.0,525,2000,60000.0,52500,0.3515625,0.7894736842105263,11,0,False,2025-11-01,0.2758620689655169,0.9999999999999999,0.0,0.24999999999999978,0.9330127018922192,0.065625,0.07916666666666668,16,0.0,0.0,0.0,0.0,0.0,0.0,0.0,0.0,0.0,0.0,0.0,0.0,0.0,0.0,0.0,0.0,1.0,0.0,0.0,0.0,0.0,0.0,0.0,0.0,0.0,0.0,test
927,2025,Desember,LBUSI,Labu Siam,15,1,0,0,1,15,80.0,0,3000,8000.0,0,0.025,0.05263157894736842,12,0,False,2025-12-01,0.1724137931034484,0.9690980955803089,0.0,0.4999999999999999,1.0,0.3515625,0.21458333333333335,16,0.0,0.0,0.0,0.0,0.0,0.0,0.0,0.0,0.0,0.0,0.0,0.0,0.0,0.0,0.0,0.0,1.0,0.0,0.0,0.0,0.0,0.0,0.0,0.0,0.0,0.0,test
954,2026,Januari,LBUSI,Labu Siam,15,6,9,0,9,18,1200.0,1800,3000,120000.0,180000,0.9375,0.7894736842105263,1,0,False,2026-01-01,-0.1724137931034475,0.6015091627739849,0.0,0.75,0.9330127018922194,0.025,0.19652777777777777,16,0.0,0.0,0.0,0.0,0.0,0.0,0.0,0.0,0.0,0.0,0.0,0.0,0.0,0.0,0.0,0.0,1.0,0.0,0.0,0.0,0.0,0.0,0.0,0.0,0.0,0.0,test
982,2026,Februari,LBUSI,Labu Siam,18,5,0,0,4,17,1000.0,0,3000,100000.0,0,0.3125,0.2631578947368421,2,0,False,2026-02-01,-0.068965517241379,0.6884656845131153,0.0,0.9330127018922193,0.75,0.9375,0.5840277777777778,16,0.0,0.0,0.0,0.0,0.0,0.0,0.0,0.0,0.0,0.0,0.0,0.0,0.0,0.0,0.0,0.0,1.0,0.0,0.0,0.0,0.0,0.0,0.0,0.0,0.0,0.0,test
1010,2026,Maret,LBUSI,Labu Siam,17,5,12,0,3,15,1000.0,2200,3000,100000.0,220000,1.0,0.894736842105263,3,0,False,2026-03-01,0.1034482758620694,0.7226015091627739,0.0,1.0,0.5,0.3125,0.5666666666666667,16,0.0,0.0,0.0,0.0,0.0,0.0,0.0,0.0,0.0,0.0,0.0,0.0,0.0,0.0,0.0,0.0,1.0,0.0,0.0,0.0,0.0,0.0,0.0,0.0,0.0,0.0,test
96,2023,April,MLN,Melon,0,0,0,0,0,0,0.0,0,0,0.0,0,0.0,0.0,4,1,False,2023-04-01,0.2068965517241379,0.6981674452030183,0.0,0.9330127018922194,0.2500000000000001,0.0,0.0,17,0.0,0.0,0.0,0.0,0.0,0.0,0.0,0.0,0.0,0.0,0.0,0.0,0.0,0.0,0.0,0.0,0.0,1.0,0.0,0.0,0.0,0.0,0.0,0.0,0.0,0.0,train
122,2023,Mei,MLN,Melon,0,0,0,0,0,0,0.0,0,0,0.0,0,0.0,0.0,5,1,False,2023-05-01,0.3103448275862073,0.6126482213438734,0.0,0.75,0.06698729810778065,0.0,0.0,17,0.0,0.0,0.0,0.0,0.0,0.0,0.0,0.0,0.0,0.0,0.0,0.0,0.0,0.0,0.0,0.0,0.0,1.0,0.0,0.0,0.0,0.0,0.0,0.0,0.0,0.0,train
148,2023,Juni,MLN,Melon,0,0,0,0,0,0,0.0,0,0,0.0,0,0.0,0.0,6,1,False,2023-06-01,0.2068965517241379,0.6658282429033416,0.0,0.5000000000000001,0.0,0.0,0.0,17,0.0,0.0,0.0,0.0,0.0,0.0,0.0,0.0,0.0,0.0,0.0,0.0,0.0,0.0,0.0,0.0,0.0,1.0,0.0,0.0,0.0,0.0,0.0,0.0,0.0,0.0,train
174,2023,Juli,MLN,Melon,0,0,0,0,0,0,0.0,0,0,0.0,0,0.0,0.0,7,1,False,2023-07-01,0.1034482758620694,0.02227811713977723,0.0,0.2500000000000001,0.06698729810778059,0.0,0.0,17,0.0,0.0,0.0,0.0,0.0,0.0,0.0,0.0,0.0,0.0,0.0,0.0,0.0,0.0,0.0,0.0,0.0,1.0,0.0,0.0,0.0,0.0,0.0,0.0,0.0,0.0,train
200,2023,Agustus,MLN,Melon,0,0,0,0,0,0,0.0,0,0,0.0,0,0.0,0.0,8,1,False,2023-08-01,0.4137931034482749,0.0,0.0,0.06698729810778081,0.24999999999999978,0.0,0.0,17,0.0,0.0,0.0,0.0,0.0,0.0,0.0,0.0,0.0,0.0,0.0,0.0,0.0,0.0,0.0,0.0,0.0,1.0,0.0,0.0,0.0,0.0,0.0,0.0,0.0,0.0,train
226,2023,September,MLN,Melon,0,0,0,0,0,0,0.0,0,0,0.0,0,0.0,0.0,9,1,False,2023-09-01,0.7241379310344831,0.22385914480776137,0.0,0.0,0.4999999999999999,0.0,0.0,17,0.0,0.0,0.0,0.0,0.0,0.0,0.0,0.0,0.0,0.0,0.0,0.0,0.0,0.0,0.0,0.0,0.0,1.0,0.0,0.0,0.0,0.0,0.0,0.0,0.0,0.0,train
252,2023,Oktober,MLN,Melon,0,0,0,0,0,0,0.0,0,0,0.0,0,0.0,0.0,10,1,False,2023-10-01,1.0000000000000009,0.6572044556234279,0.0,0.0669872981077807,0.75,0.0,0.0,17,0.0,0.0,0.0,0.0,0.0,0.0,0.0,0.0,0.0,0.0,0.0,0.0,0.0,0.0,0.0,0.0,0.0,1.0,0.0,0.0,0.0,0.0,0.0,0.0,0.0,0.0,train
278,2023,November,MLN,Melon,0,0,0,0,0,0,0.0,0,0,0.0,0,0.0,0.0,11,1,False,2023-11-01,0.4827586206896557,0.9999999999999999,0.0,0.24999999999999978,0.9330127018922192,0.0,0.0,17,0.0,0.0,0.0,0.0,0.0,0.0,0.0,0.0,0.0,0.0,0.0,0.0,0.0,0.0,0.0,0.0,0.0,1.0,0.0,0.0,0.0,0.0,0.0,0.0,0.0,0.0,train
304,2023,Desember,MLN,Melon,0,0,0,0,0,0,0.0,0,0,0.0,0,0.0,0.0,12,1,False,2023-12-01,0.4137931034482749,0.9690980955803089,0.0,0.4999999999999999,1.0,0.0,0.0,17,0.0,0.0,0.0,0.0,0.0,0.0,0.0,0.0,0.0,0.0,0.0,0.0,0.0,0.0,0.0,0.0,0.0,1.0,0.0,0.0,0.0,0.0,0.0,0.0,0.0,0.0,train
330,2024,Januari,MLN,Melon,0,0,0,0,0,0,0.0,0,0,0.0,0,0.0,0.0,1,1,False,2024-01-01,0.2413793103448283,0.6015091627739849,0.0,0.75,0.9330127018922194,0.0,0.0,17,0.0,0.0,0.0,0.0,0.0,0.0,0.0,0.0,0.0,0.0,0.0,0.0,0.0,0.0,0.0,0.0,0.0,1.0,0.0,0.0,0.0,0.0,0.0,0.0,0.0,0.0,train
356,2024,Februari,MLN,Melon,0,0,0,0,0,0,0.0,0,0,0.0,0,0.0,0.0,2,1,False,2024-02-01,0.2758620689655169,0.7236794825727632,0.0,0.9330127018922193,0.75,0.0,0.0,17,0.0,0.0,0.0,0.0,0.0,0.0,0.0,0.0,0.0,0.0,0.0,0.0,0.0,0.0,0.0,0.0,0.0,1.0,0.0,0.0,0.0,0.0,0.0,0.0,0.0,0.0,train
382,2024,Maret,MLN,Melon,0,0,0,0,0,0,0.0,0,0,0.0,0,0.0,0.0,3,1,False,2024-03-01,0.2413793103448283,0.7240388070427596,0.0,1.0,0.5,0.0,0.0,17,0.0,0.0,0.0,0.0,0.0,0.0,0.0,0.0,0.0,0.0,0.0,0.0,0.0,0.0,0.0,0.0,0.0,1.0,0.0,0.0,0.0,0.0,0.0,0.0,0.0,0.0,train
408,2024,April,MLN,Melon,0,0,0,0,0,0,0.0,0,0,0.0,0,0.0,0.0,4,1,False,2024-04-01,0.4482758620689653,0.6981674452030183,0.0,0.9330127018922194,0.2500000000000001,0.0,0.0,17,0.0,0.0,0.0,0.0,0.0,0.0,0.0,0.0,0.0,0.0,0.0,0.0,0.0,0.0,0.0,0.0,0.0,1.0,0.0,0.0,0.0,0.0,0.0,0.0,0.0,0.0,train
434,2024,Mei,MLN,Melon,0,0,0,0,0,0,0.0,0,0,0.0,0,0.0,0.0,5,1,False,2024-05-01,0.5172413793103443,0.6126482213438734,0.0,0.75,0.06698729810778065,0.0,0.0,17,0.0,0.0,0.0,0.0,0.0,0.0,0.0,0.0,0.0,0.0,0.0,0.0,0.0,0.0,0.0,0.0,0.0,1.0,0.0,0.0,0.0,0.0,0.0,0.0,0.0,0.0,train
460,2024,Juni,MLN,Melon,0,0,0,0,0,0,0.0,0,0,0.0,0,0.0,0.0,6,1,False,2024-06-01,0.2068965517241379,0.6658282429033416,0.0,0.5000000000000001,0.0,0.0,0.0,17,0.0,0.0,0.0,0.0,0.0,0.0,0.0,0.0,0.0,0.0,0.0,0.0,0.0,0.0,0.0,0.0,0.0,1.0,0.0,0.0,0.0,0.0,0.0,0.0,0.0,0.0,train
486,2024,Juli,MLN,Melon,0,0,0,0,0,0,0.0,0,0,0.0,0,0.0,0.0,7,1,False,2024-07-01,0.068965517241379,0.02227811713977723,0.0,0.2500000000000001,0.06698729810778059,0.0,0.0,17,0.0,0.0,0.0,0.0,0.0,0.0,0.0,0.0,0.0,0.0,0.0,0.0,0.0,0.0,0.0,0.0,0.0,1.0,0.0,0.0,0.0,0.0,0.0,0.0,0.0,0.0,train
512,2024,Agustus,MLN,Melon,0,0,0,0,0,0,0.0,0,0,0.0,0,0.0,0.0,8,1,False,2024-08-01,0.3793103448275863,0.0,0.0,0.06698729810778081,0.24999999999999978,0.0,0.0,17,0.0,0.0,0.0,0.0,0.0,0.0,0.0,0.0,0.0,0.0,0.0,0.0,0.0,0.0,0.0,0.0,0.0,1.0,0.0,0.0,0.0,0.0,0.0,0.0,0.0,0.0,train
538,2024,September,MLN,Melon,0,0,0,0,0,0,0.0,0,0,0.0,0,0.0,0.0,9,1,False,2024-09-01,0.3793103448275863,0.22385914480776137,0.0,0.0,0.4999999999999999,0.0,0.0,17,0.0,0.0,0.0,0.0,0.0,0.0,0.0,0.0,0.0,0.0,0.0,0.0,0.0,0.0,0.0,0.0,0.0,1.0,0.0,0.0,0.0,0.0,0.0,0.0,0.0,0.0,train
564,2024,Oktober,MLN,Melon,0,0,0,0,0,0,0.0,0,0,0.0,0,0.0,0.0,10,1,False,2024-10-01,0.5517241379310347,0.6572044556234279,0.0,0.0669872981077807,0.75,0.0,0.0,17,0.0,0.0,0.0,0.0,0.0,0.0,0.0,0.0,0.0,0.0,0.0,0.0,0.0,0.0,0.0,0.0,0.0,1.0,0.0,0.0,0.0,0.0,0.0,0.0,0.0,0.0,train
590,2024,November,MLN,Melon,0,0,0,0,0,0,0.0,0,0,0.0,0,0.0,0.0,11,1,False,2024-11-01,0.2413793103448283,0.9999999999999999,0.0,0.24999999999999978,0.9330127018922192,0.0,0.0,17,0.0,0.0,0.0,0.0,0.0,0.0,0.0,0.0,0.0,0.0,0.0,0.0,0.0,0.0,0.0,0.0,0.0,1.0,0.0,0.0,0.0,0.0,0.0,0.0,0.0,0.0,train
616,2024,Desember,MLN,Melon,0,0,0,0,0,0,0.0,0,0,0.0,0,0.0,0.0,12,1,False,2024-12-01,0.1724137931034484,0.9690980955803089,0.0,0.4999999999999999,1.0,0.0,0.0,17,0.0,0.0,0.0,0.0,0.0,0.0,0.0,0.0,0.0,0.0,0.0,0.0,0.0,0.0,0.0,0.0,0.0,1.0,0.0,0.0,0.0,0.0,0.0,0.0,0.0,0.0,train
642,2025,Januari,MLN,Melon,0,0,0,0,0,0,0.0,0,0,0.0,0,0.0,0.0,1,1,False,2025-01-01,0.03448275862069039,0.6015091627739849,0.0,0.75,0.9330127018922194,0.0,0.0,17,0.0,0.0,0.0,0.0,0.0,0.0,0.0,0.0,0.0,0.0,0.0,0.0,0.0,0.0,0.0,0.0,0.0,1.0,0.0,0.0,0.0,0.0,0.0,0.0,0.0,0.0,train
668,2025,Februari,MLN,Melon,0,0,0,0,0,0,0.0,0,0,0.0,0,0.0,0.0,2,1,False,2025-02-01,0.0,0.6845131153431548,0.0,0.9330127018922193,0.75,0.0,0.0,17,0.0,0.0,0.0,0.0,0.0,0.0,0.0,0.0,0.0,0.0,0.0,0.0,0.0,0.0,0.0,0.0,0.0,1.0,0.0,0.0,0.0,0.0,0.0,0.0,0.0,0.0,train
694,2025,Maret,MLN,Melon,0,0,0,0,0,0,0.0,0,0,0.0,0,0.0,0.0,3,1,False,2025-03-01,0.1724137931034484,0.7240388070427596,0.0,1.0,0.5,0.0,0.0,17,0.0,0.0,0.0,0.0,0.0,0.0,0.0,0.0,0.0,0.0,0.0,0.0,0.0,0.0,0.0,0.0,0.0,1.0,0.0,0.0,0.0,0.0,0.0,0.0,0.0,0.0,train
720,2025,April,MLN,Melon,0,0,0,0,0,0,0.0,0,0,0.0,0,0.0,0.0,4,1,False,2025-04-01,0.13793103448275978,0.6981674452030183,0.0,0.9330127018922194,0.2500000000000001,0.0,0.0,17,0.0,0.0,0.0,0.0,0.0,0.0,0.0,0.0,0.0,0.0,0.0,0.0,0.0,0.0,0.0,0.0,0.0,1.0,0.0,0.0,0.0,0.0,0.0,0.0,0.0,0.0,train
746,2025,Mei,MLN,Melon,0,0,0,0,0,0,0.0,0,0,0.0,0,0.0,0.0,5,1,False,2025-05-01,0.2413793103448283,0.6126482213438734,0.0,0.75,0.06698729810778065,0.0,0.0,17,0.0,0.0,0.0,0.0,0.0,0.0,0.0,0.0,0.0,0.0,0.0,0.0,0.0,0.0,0.0,0.0,0.0,1.0,0.0,0.0,0.0,0.0,0.0,0.0,0.0,0.0,val
772,2025,Juni,MLN,Melon,0,0,0,0,0,0,0.0,0,0,0.0,0,0.0,0.0,6,1,False,2025-06-01,0.068965517241379,0.6658282429033416,0.0,0.5000000000000001,0.0,0.0,0.0,17,0.0,0.0,0.0,0.0,0.0,0.0,0.0,0.0,0.0,0.0,0.0,0.0,0.0,0.0,0.0,0.0,0.0,1.0,0.0,0.0,0.0,0.0,0.0,0.0,0.0,0.0,val
798,2025,Juli,MLN,Melon,0,0,0,0,0,0,0.0,0,0,0.0,0,0.0,0.0,7,1,False,2025-07-01,0.068965517241379,0.02227811713977723,0.0,0.2500000000000001,0.06698729810778059,0.0,0.0,17,0.0,0.0,0.0,0.0,0.0,0.0,0.0,0.0,0.0,0.0,0.0,0.0,0.0,0.0,0.0,0.0,0.0,1.0,0.0,0.0,0.0,0.0,0.0,0.0,0.0,0.0,val
824,2025,Agustus,MLN,Melon,0,0,0,0,0,0,0.0,0,0,0.0,0,0.0,0.0,8,1,False,2025-08-01,0.068965517241379,0.0,0.0,0.06698729810778081,0.24999999999999978,0.0,0.0,17,0.0,0.0,0.0,0.0,0.0,0.0,0.0,0.0,0.0,0.0,0.0,0.0,0.0,0.0,0.0,0.0,0.0,1.0,0.0,0.0,0.0,0.0,0.0,0.0,0.0,0.0,val
850,2025,September,MLN,Melon,0,0,0,0,0,0,0.0,0,0,0.0,0,0.0,0.0,9,1,False,2025-09-01,0.2758620689655169,0.22385914480776137,0.0,0.0,0.4999999999999999,0.0,0.0,17,0.0,0.0,0.0,0.0,0.0,0.0,0.0,0.0,0.0,0.0,0.0,0.0,0.0,0.0,0.0,0.0,0.0,1.0,0.0,0.0,0.0,0.0,0.0,0.0,0.0,0.0,val
876,2025,Oktober,MLN,Melon,0,0,0,0,0,0,0.0,0,0,0.0,0,0.0,0.0,10,1,False,2025-10-01,0.4137931034482749,0.6572044556234279,0.0,0.0669872981077807,0.75,0.0,0.0,17,0.0,0.0,0.0,0.0,0.0,0.0,0.0,0.0,0.0,0.0,0.0,0.0,0.0,0.0,0.0,0.0,0.0,1.0,0.0,0.0,0.0,0.0,0.0,0.0,0.0,0.0,test
902,2025,November,MLN,Melon,0,0,0,0,0,0,0.0,0,0,0.0,0,0.0,0.0,11,1,False,2025-11-01,0.2758620689655169,0.9999999999999999,0.0,0.24999999999999978,0.9330127018922192,0.0,0.0,17,0.0,0.0,0.0,0.0,0.0,0.0,0.0,0.0,0.0,0.0,0.0,0.0,0.0,0.0,0.0,0.0,0.0,1.0,0.0,0.0,0.0,0.0,0.0,0.0,0.0,0.0,test
928,2025,Desember,MLN,Melon,0,0,0,0,0,0,0.0,0,0,0.0,0,0.0,0.0,12,1,False,2025-12-01,0.1724137931034484,0.9690980955803089,0.0,0.4999999999999999,1.0,0.0,0.0,17,0.0,0.0,0.0,0.0,0.0,0.0,0.0,0.0,0.0,0.0,0.0,0.0,0.0,0.0,0.0,0.0,0.0,1.0,0.0,0.0,0.0,0.0,0.0,0.0,0.0,0.0,test
956,2026,Januari,MLN,Melon,0,0,0,0,0,0,0.0,0,0,0.0,0,0.0,0.0,1,1,False,2026-01-01,-0.1724137931034475,0.6015091627739849,0.0,0.75,0.9330127018922194,0.0,0.0,17,0.0,0.0,0.0,0.0,0.0,0.0,0.0,0.0,0.0,0.0,0.0,0.0,0.0,0.0,0.0,0.0,0.0,1.0,0.0,0.0,0.0,0.0,0.0,0.0,0.0,0.0,test
984,2026,Februari,MLN,Melon,0,0,0,0,0,0,0.0,0,0,0.0,0,0.0,0.0,2,1,False,2026-02-01,-0.068965517241379,0.6884656845131153,0.0,0.9330127018922193,0.75,0.0,0.0,17,0.0,0.0,0.0,0.0,0.0,0.0,0.0,0.0,0.0,0.0,0.0,0.0,0.0,0.0,0.0,0.0,0.0,1.0,0.0,0.0,0.0,0.0,0.0,0.0,0.0,0.0,test
1012,2026,Maret,MLN,Melon,0,0,0,0,0,0,0.0,0,0,0.0,0,0.0,0.0,3,1,False,2026-03-01,0.1034482758620694,0.7226015091627739,0.0,1.0,0.5,0.0,0.0,17,0.0,0.0,0.0,0.0,0.0,0.0,0.0,0.0,0.0,0.0,0.0,0.0,0.0,0.0,0.0,0.0,0.0,1.0,0.0,0.0,0.0,0.0,0.0,0.0,0.0,0.0,test
97,2023,April,TMN,Mentimun,3,2,1,0,2,3,160.0,80,3000,16000.0,8000,0.3,0.5,4,0,False,2023-04-01,0.2068965517241379,0.6981674452030183,0.0,0.9330127018922194,0.2500000000000001,0.5,0.8000000000000002,18,0.0,0.0,0.0,0.0,0.0,0.0,0.0,0.0,0.0,0.0,0.0,0.0,0.0,0.0,0.0,0.0,0.0,0.0,1.0,0.0,0.0,0.0,0.0,0.0,0.0,0.0,train
123,2023,Mei,TMN,Mentimun,3,2,1,0,2,3,160.0,80,3000,16000.0,8000,0.3,0.5,5,0,False,2023-05-01,0.3103448275862073,0.6126482213438734,0.0,0.75,0.06698729810778065,0.3,0.6588235294117648,18,0.0,0.0,0.0,0.0,0.0,0.0,0.0,0.0,0.0,0.0,0.0,0.0,0.0,0.0,0.0,0.0,0.0,0.0,1.0,0.0,0.0,0.0,0.0,0.0,0.0,0.0,train
149,2023,Juni,TMN,Mentimun,3,1,2,0,2,4,70.0,140,3000,7000.0,14000,0.2625,0.5,6,0,False,2023-06-01,0.2068965517241379,0.6658282429033416,0.0,0.5000000000000001,0.0,0.3,0.5176470588235295,18,0.0,0.0,0.0,0.0,0.0,0.0,0.0,0.0,0.0,0.0,0.0,0.0,0.0,0.0,0.0,0.0,0.0,0.0,1.0,0.0,0.0,0.0,0.0,0.0,0.0,0.0,train
175,2023,Juli,TMN,Mentimun,4,0,0,0,0,4,0.0,0,3500,0.0,0,0.0,0.0,7,1,False,2023-07-01,0.1034482758620694,0.02227811713977723,0.0,0.2500000000000001,0.06698729810778059,0.2625,0.4058823529411765,18,0.0,0.0,0.0,0.0,0.0,0.0,0.0,0.0,0.0,0.0,0.0,0.0,0.0,0.0,0.0,0.0,0.0,0.0,1.0,0.0,0.0,0.0,0.0,0.0,0.0,0.0,train
201,2023,Agustus,TMN,Mentimun,4,1,0,0,1,4,70.0,0,5000,7000.0,0,0.08750000000000001,0.16666666666666666,8,0,False,2023-08-01,0.4137931034482749,0.0,0.0,0.06698729810778081,0.24999999999999978,0.0,0.2647058823529412,18,0.0,0.0,0.0,0.0,0.0,0.0,0.0,0.0,0.0,0.0,0.0,0.0,0.0,0.0,0.0,0.0,0.0,0.0,1.0,0.0,0.0,0.0,0.0,0.0,0.0,0.0,train
227,2023,September,TMN,Mentimun,4,2,0,0,2,4,145.0,0,4000,14500.0,0,0.18125000000000002,0.3333333333333333,9,0,False,2023-09-01,0.7241379310344831,0.22385914480776137,0.0,0.0,0.4999999999999999,0.08750000000000001,0.1647058823529412,18,0.0,0.0,0.0,0.0,0.0,0.0,0.0,0.0,0.0,0.0,0.0,0.0,0.0,0.0,0.0,0.0,0.0,0.0,1.0,0.0,0.0,0.0,0.0,0.0,0.0,0.0,train
253,2023,Oktober,TMN,Mentimun,4,0,0,0,0,4,0.0,0,3500,0.0,0,0.0,0.0,10,1,False,2023-10-01,1.0000000000000009,0.6572044556234279,0.0,0.0669872981077807,0.75,0.18125000000000002,0.12647058823529414,18,0.0,0.0,0.0,0.0,0.0,0.0,0.0,0.0,0.0,0.0,0.0,0.0,0.0,0.0,0.0,0.0,0.0,0.0,1.0,0.0,0.0,0.0,0.0,0.0,0.0,0.0,train
279,2023,November,TMN,Mentimun,4,2,2,0,2,4,150.0,150,5000,15000.0,15000,0.375,0.6666666666666666,11,0,False,2023-11-01,0.4827586206896557,0.9999999999999999,0.0,0.24999999999999978,0.9330127018922192,0.0,0.12647058823529414,18,0.0,0.0,0.0,0.0,0.0,0.0,0.0,0.0,0.0,0.0,0.0,0.0,0.0,0.0,0.0,0.0,0.0,0.0,1.0,0.0,0.0,0.0,0.0,0.0,0.0,0.0,train
305,2023,Desember,TMN,Mentimun,4,0,0,0,0,4,0.0,0,3500,0.0,0,0.0,0.0,12,1,False,2023-12-01,0.4137931034482749,0.9690980955803089,0.0,0.4999999999999999,1.0,0.375,0.26176470588235295,18,0.0,0.0,0.0,0.0,0.0,0.0,0.0,0.0,0.0,0.0,0.0,0.0,0.0,0.0,0.0,0.0,0.0,0.0,1.0,0.0,0.0,0.0,0.0,0.0,0.0,0.0,train
331,2024,Januari,TMN,Mentimun,4,2,2,0,3,5,400.0,400,2000,40000.0,40000,1.0,0.6666666666666666,1,0,False,2024-01-01,0.2413793103448283,0.6015091627739849,0.0,0.75,0.9330127018922194,0.0,0.17647058823529413,18,0.0,0.0,0.0,0.0,0.0,0.0,0.0,0.0,0.0,0.0,0.0,0.0,0.0,0.0,0.0,0.0,0.0,0.0,1.0,0.0,0.0,0.0,0.0,0.0,0.0,0.0,train
357,2024,Februari,TMN,Mentimun,5,2,0,0,1,4,300.0,0,2000,30000.0,0,0.375,0.3333333333333333,2,0,False,2024-02-01,0.2758620689655169,0.7236794825727632,0.0,0.9330127018922193,0.75,1.0,0.6470588235294118,18,0.0,0.0,0.0,0.0,0.0,0.0,0.0,0.0,0.0,0.0,0.0,0.0,0.0,0.0,0.0,0.0,0.0,0.0,1.0,0.0,0.0,0.0,0.0,0.0,0.0,0.0,train
383,2024,Maret,TMN,Mentimun,4,2,2,0,1,3,300.0,300,3000,30000.0,30000,0.75,0.6666666666666666,3,0,False,2024-03-01,0.2413793103448283,0.7240388070427596,0.0,1.0,0.5,0.375,0.6470588235294118,18,0.0,0.0,0.0,0.0,0.0,0.0,0.0,0.0,0.0,0.0,0.0,0.0,0.0,0.0,0.0,0.0,0.0,0.0,1.0,0.0,0.0,0.0,0.0,0.0,0.0,0.0,train
409,2024,April,TMN,Mentimun,0,0,0,0,0,0,0.0,0,2333,0.0,0,0.0,0.0,4,1,False,2024-04-01,0.4482758620689653,0.6981674452030183,0.0,0.9330127018922194,0.2500000000000001,0.75,1.0,18,0.0,0.0,0.0,0.0,0.0,0.0,0.0,0.0,0.0,0.0,0.0,0.0,0.0,0.0,0.0,0.0,0.0,0.0,1.0,0.0,0.0,0.0,0.0,0.0,0.0,0.0,train
435,2024,Mei,TMN,Mentimun,0,0,0,0,0,0,0.0,0,2333,0.0,0,0.0,0.0,5,1,False,2024-05-01,0.5172413793103443,0.6126482213438734,0.0,0.75,0.06698729810778065,0.0,0.5294117647058824,18,0.0,0.0,0.0,0.0,0.0,0.0,0.0,0.0,0.0,0.0,0.0,0.0,0.0,0.0,0.0,0.0,0.0,0.0,1.0,0.0,0.0,0.0,0.0,0.0,0.0,0.0,train
461,2024,Juni,TMN,Mentimun,0,0,0,0,0,0,0.0,0,2333,0.0,0,0.0,0.0,6,1,False,2024-06-01,0.2068965517241379,0.6658282429033416,0.0,0.5000000000000001,0.0,0.0,0.35294117647058826,18,0.0,0.0,0.0,0.0,0.0,0.0,0.0,0.0,0.0,0.0,0.0,0.0,0.0,0.0,0.0,0.0,0.0,0.0,1.0,0.0,0.0,0.0,0.0,0.0,0.0,0.0,train
487,2024,Juli,TMN,Mentimun,0,0,0,0,0,0,0.0,0,2333,0.0,0,0.0,0.0,7,1,False,2024-07-01,0.068965517241379,0.02227811713977723,0.0,0.2500000000000001,0.06698729810778059,0.0,0.0,18,0.0,0.0,0.0,0.0,0.0,0.0,0.0,0.0,0.0,0.0,0.0,0.0,0.0,0.0,0.0,0.0,0.0,0.0,1.0,0.0,0.0,0.0,0.0,0.0,0.0,0.0,train
513,2024,Agustus,TMN,Mentimun,0,0,0,0,0,0,0.0,0,2333,0.0,0,0.0,0.0,8,1,False,2024-08-01,0.3793103448275863,0.0,0.0,0.06698729810778081,0.24999999999999978,0.0,0.0,18,0.0,0.0,0.0,0.0,0.0,0.0,0.0,0.0,0.0,0.0,0.0,0.0,0.0,0.0,0.0,0.0,0.0,0.0,1.0,0.0,0.0,0.0,0.0,0.0,0.0,0.0,train
539,2024,September,TMN,Mentimun,0,0,0,0,0,0,0.0,0,2333,0.0,0,0.0,0.0,9,1,False,2024-09-01,0.3793103448275863,0.22385914480776137,0.0,0.0,0.4999999999999999,0.0,0.0,18,0.0,0.0,0.0,0.0,0.0,0.0,0.0,0.0,0.0,0.0,0.0,0.0,0.0,0.0,0.0,0.0,0.0,0.0,1.0,0.0,0.0,0.0,0.0,0.0,0.0,0.0,train
565,2024,Oktober,TMN,Mentimun,0,0,0,0,0,0,0.0,0,2333,0.0,0,0.0,0.0,10,1,False,2024-10-01,0.5517241379310347,0.6572044556234279,0.0,0.0669872981077807,0.75,0.0,0.0,18,0.0,0.0,0.0,0.0,0.0,0.0,0.0,0.0,0.0,0.0,0.0,0.0,0.0,0.0,0.0,0.0,0.0,0.0,1.0,0.0,0.0,0.0,0.0,0.0,0.0,0.0,train
591,2024,November,TMN,Mentimun,0,0,0,0,0,0,0.0,0,2333,0.0,0,0.0,0.0,11,1,False,2024-11-01,0.2413793103448283,0.9999999999999999,0.0,0.24999999999999978,0.9330127018922192,0.0,0.0,18,0.0,0.0,0.0,0.0,0.0,0.0,0.0,0.0,0.0,0.0,0.0,0.0,0.0,0.0,0.0,0.0,0.0,0.0,1.0,0.0,0.0,0.0,0.0,0.0,0.0,0.0,train
617,2024,Desember,TMN,Mentimun,0,0,0,0,0,0,0.0,0,2333,0.0,0,0.0,0.0,12,1,False,2024-12-01,0.1724137931034484,0.9690980955803089,0.0,0.4999999999999999,1.0,0.0,0.0,18,0.0,0.0,0.0,0.0,0.0,0.0,0.0,0.0,0.0,0.0,0.0,0.0,0.0,0.0,0.0,0.0,0.0,0.0,1.0,0.0,0.0,0.0,0.0,0.0,0.0,0.0,train
643,2025,Januari,TMN,Mentimun,6,1,5,0,1,6,80.0,400,2500,8000.0,40000,0.6,1.0,1,0,False,2025-01-01,0.03448275862069039,0.6015091627739849,0.0,0.75,0.9330127018922194,0.0,0.0,18,0.0,0.0,0.0,0.0,0.0,0.0,0.0,0.0,0.0,0.0,0.0,0.0,0.0,0.0,0.0,0.0,0.0,0.0,1.0,0.0,0.0,0.0,0.0,0.0,0.0,0.0,train
669,2025,Februari,TMN,Mentimun,6,2,4,0,1,5,160.0,320,3000,16000.0,32000,0.6,1.0,2,0,False,2025-02-01,0.0,0.6845131153431548,0.0,0.9330127018922193,0.75,0.6,0.28235294117647064,18,0.0,0.0,0.0,0.0,0.0,0.0,0.0,0.0,0.0,0.0,0.0,0.0,0.0,0.0,0.0,0.0,0.0,0.0,1.0,0.0,0.0,0.0,0.0,0.0,0.0,0.0,train
695,2025,Maret,TMN,Mentimun,5,2,3,0,0,3,160.0,240,3000,16000.0,24000,0.5,0.8333333333333333,3,0,False,2025-03-01,0.1724137931034484,0.7240388070427596,0.0,1.0,0.5,0.6,0.5647058823529413,18,0.0,0.0,0.0,0.0,0.0,0.0,0.0,0.0,0.0,0.0,0.0,0.0,0.0,0.0,0.0,0.0,0.0,0.0,1.0,0.0,0.0,0.0,0.0,0.0,0.0,0.0,train
721,2025,April,TMN,Mentimun,3,2,1,0,2,3,160.0,80,3000,16000.0,8000,0.3,0.5,4,0,False,2025-04-01,0.13793103448275978,0.6981674452030183,0.0,0.9330127018922194,0.2500000000000001,0.5,0.8000000000000002,18,0.0,0.0,0.0,0.0,0.0,0.0,0.0,0.0,0.0,0.0,0.0,0.0,0.0,0.0,0.0,0.0,0.0,0.0,1.0,0.0,0.0,0.0,0.0,0.0,0.0,0.0,train
747,2025,Mei,TMN,Mentimun,3,2,1,0,2,3,160.0,80,3000,16000.0,8000,0.3,0.5,5,0,False,2025-05-01,0.2413793103448283,0.6126482213438734,0.0,0.75,0.06698729810778065,0.3,0.6588235294117648,18,0.0,0.0,0.0,0.0,0.0,0.0,0.0,0.0,0.0,0.0,0.0,0.0,0.0,0.0,0.0,0.0,0.0,0.0,1.0,0.0,0.0,0.0,0.0,0.0,0.0,0.0,val
773,2025,Juni,TMN,Mentimun,3,1,2,0,2,4,70.0,140,3000,7000.0,14000,0.2625,0.5,6,0,False,2025-06-01,0.068965517241379,0.6658282429033416,0.0,0.5000000000000001,0.0,0.3,0.5176470588235295,18,0.0,0.0,0.0,0.0,0.0,0.0,0.0,0.0,0.0,0.0,0.0,0.0,0.0,0.0,0.0,0.0,0.0,0.0,1.0,0.0,0.0,0.0,0.0,0.0,0.0,0.0,val
799,2025,Juli,TMN,Mentimun,4,0,0,0,0,4,0.0,0,0,0.0,0,0.0,0.0,7,1,False,2025-07-01,0.068965517241379,0.02227811713977723,0.0,0.2500000000000001,0.06698729810778059,0.2625,0.4058823529411765,18,0.0,0.0,0.0,0.0,0.0,0.0,0.0,0.0,0.0,0.0,0.0,0.0,0.0,0.0,0.0,0.0,0.0,0.0,1.0,0.0,0.0,0.0,0.0,0.0,0.0,0.0,val
825,2025,Agustus,TMN,Mentimun,4,1,0,0,1,4,70.0,0,5000,7000.0,0,0.08750000000000001,0.16666666666666666,8,0,False,2025-08-01,0.068965517241379,0.0,0.0,0.06698729810778081,0.24999999999999978,0.0,0.2647058823529412,18,0.0,0.0,0.0,0.0,0.0,0.0,0.0,0.0,0.0,0.0,0.0,0.0,0.0,0.0,0.0,0.0,0.0,0.0,1.0,0.0,0.0,0.0,0.0,0.0,0.0,0.0,val
851,2025,September,TMN,Mentimun,4,2,0,0,2,4,145.0,0,4000,14500.0,0,0.18125000000000002,0.3333333333333333,9,0,False,2025-09-01,0.2758620689655169,0.22385914480776137,0.0,0.0,0.4999999999999999,0.08750000000000001,0.1647058823529412,18,0.0,0.0,0.0,0.0,0.0,0.0,0.0,0.0,0.0,0.0,0.0,0.0,0.0,0.0,0.0,0.0,0.0,0.0,1.0,0.0,0.0,0.0,0.0,0.0,0.0,0.0,val
877,2025,Oktober,TMN,Mentimun,4,0,0,0,0,4,0.0,0,0,0.0,0,0.0,0.0,10,1,False,2025-10-01,0.4137931034482749,0.6572044556234279,0.0,0.0669872981077807,0.75,0.18125000000000002,0.12647058823529414,18,0.0,0.0,0.0,0.0,0.0,0.0,0.0,0.0,0.0,0.0,0.0,0.0,0.0,0.0,0.0,0.0,0.0,0.0,1.0,0.0,0.0,0.0,0.0,0.0,0.0,0.0,test
903,2025,November,TMN,Mentimun,4,2,2,0,2,4,150.0,150,5000,15000.0,15000,0.375,0.6666666666666666,11,0,False,2025-11-01,0.2758620689655169,0.9999999999999999,0.0,0.24999999999999978,0.9330127018922192,0.0,0.12647058823529414,18,0.0,0.0,0.0,0.0,0.0,0.0,0.0,0.0,0.0,0.0,0.0,0.0,0.0,0.0,0.0,0.0,0.0,0.0,1.0,0.0,0.0,0.0,0.0,0.0,0.0,0.0,test
929,2025,Desember,TMN,Mentimun,4,0,0,0,0,4,0.0,0,0,0.0,0,0.0,0.0,12,1,False,2025-12-01,0.1724137931034484,0.9690980955803089,0.0,0.4999999999999999,1.0,0.375,0.26176470588235295,18,0.0,0.0,0.0,0.0,0.0,0.0,0.0,0.0,0.0,0.0,0.0,0.0,0.0,0.0,0.0,0.0,0.0,0.0,1.0,0.0,0.0,0.0,0.0,0.0,0.0,0.0,test
957,2026,Januari,TMN,Mentimun,4,2,2,0,3,5,400.0,400,2000,40000.0,40000,1.0,0.6666666666666666,1,0,False,2026-01-01,-0.1724137931034475,0.6015091627739849,0.0,0.75,0.9330127018922194,0.0,0.17647058823529413,18,0.0,0.0,0.0,0.0,0.0,0.0,0.0,0.0,0.0,0.0,0.0,0.0,0.0,0.0,0.0,0.0,0.0,0.0,1.0,0.0,0.0,0.0,0.0,0.0,0.0,0.0,test
985,2026,Februari,TMN,Mentimun,5,2,0,0,1,4,300.0,0,2000,30000.0,0,0.375,0.3333333333333333,2,0,False,2026-02-01,-0.068965517241379,0.6884656845131153,0.0,0.9330127018922193,0.75,1.0,0.6470588235294118,18,0.0,0.0,0.0,0.0,0.0,0.0,0.0,0.0,0.0,0.0,0.0,0.0,0.0,0.0,0.0,0.0,0.0,0.0,1.0,0.0,0.0,0.0,0.0,0.0,0.0,0.0,test
1013,2026,Maret,TMN,Mentimun,4,2,2,0,1,3,300.0,300,3000,30000.0,30000,0.75,0.6666666666666666,3,0,False,2026-03-01,0.1034482758620694,0.7226015091627739,0.0,1.0,0.5,0.375,0.6470588235294118,18,0.0,0.0,0.0,0.0,0.0,0.0,0.0,0.0,0.0,0.0,0.0,0.0,0.0,0.0,0.0,0.0,0.0,0.0,1.0,0.0,0.0,0.0,0.0,0.0,0.0,0.0,test
98,2023,April,PPR,Paprika,17,3,14,0,3,17,480.0,2240,27000,48000.0,224000,0.7555555555555556,0.9444444444444444,4,0,False,2023-04-01,0.2068965517241379,0.6981674452030183,0.0,0.9330127018922194,0.2500000000000001,0.10416666666666667,0.41428571428571426,19,0.0,0.0,0.0,0.0,0.0,0.0,0.0,0.0,0.0,0.0,0.0,0.0,0.0,0.0,0.0,0.0,0.0,0.0,0.0,1.0,0.0,0.0,0.0,0.0,0.0,0.0,train
124,2023,Mei,PPR,Paprika,17,1,0,0,1,17,75.0,0,27000,7500.0,0,0.020833333333333336,0.05555555555555555,5,0,False,2023-05-01,0.3103448275862073,0.6126482213438734,0.0,0.75,0.06698729810778065,0.7555555555555556,0.7113095238095237,19,0.0,0.0,0.0,0.0,0.0,0.0,0.0,0.0,0.0,0.0,0.0,0.0,0.0,0.0,0.0,0.0,0.0,0.0,0.0,1.0,0.0,0.0,0.0,0.0,0.0,0.0,train
150,2023,Juni,PPR,Paprika,17,1,16,0,1,17,85.0,1280,27000,8500.0,128000,0.3791666666666667,0.9444444444444444,6,0,False,2023-06-01,0.2068965517241379,0.6658282429033416,0.0,0.5000000000000001,0.0,0.020833333333333336,0.3773809523809524,19,0.0,0.0,0.0,0.0,0.0,0.0,0.0,0.0,0.0,0.0,0.0,0.0,0.0,0.0,0.0,0.0,0.0,0.0,0.0,1.0,0.0,0.0,0.0,0.0,0.0,0.0,train
176,2023,Juli,PPR,Paprika,17,2,0,0,2,17,120.0,0,24000,12000.0,0,0.03333333333333333,0.1111111111111111,7,0,False,2023-07-01,0.1034482758620694,0.02227811713977723,0.0,0.2500000000000001,0.06698729810778059,0.3791666666666667,0.4952380952380952,19,0.0,0.0,0.0,0.0,0.0,0.0,0.0,0.0,0.0,0.0,0.0,0.0,0.0,0.0,0.0,0.0,0.0,0.0,0.0,1.0,0.0,0.0,0.0,0.0,0.0,0.0,train
202,2023,Agustus,PPR,Paprika,17,2,0,0,2,17,160.0,0,35000,16000.0,0,0.044444444444444446,0.1111111111111111,8,0,False,2023-08-01,0.4137931034482749,0.0,0.0,0.06698729810778081,0.24999999999999978,0.03333333333333333,0.18571428571428572,19,0.0,0.0,0.0,0.0,0.0,0.0,0.0,0.0,0.0,0.0,0.0,0.0,0.0,0.0,0.0,0.0,0.0,0.0,0.0,1.0,0.0,0.0,0.0,0.0,0.0,0.0,train
228,2023,September,PPR,Paprika,17,2,0,0,2,17,145.0,0,15000,14500.0,0,0.04027777777777778,0.1111111111111111,9,0,False,2023-09-01,0.7241379310344831,0.22385914480776137,0.0,0.0,0.4999999999999999,0.044444444444444446,0.19583333333333333,19,0.0,0.0,0.0,0.0,0.0,0.0,0.0,0.0,0.0,0.0,0.0,0.0,0.0,0.0,0.0,0.0,0.0,0.0,0.0,1.0,0.0,0.0,0.0,0.0,0.0,0.0,train
254,2023,Oktober,PPR,Paprika,17,3,0,0,3,17,210.0,0,15000,21000.0,0,0.058333333333333334,0.16666666666666666,10,0,False,2023-10-01,1.0000000000000009,0.6572044556234279,0.0,0.0669872981077807,0.75,0.04027777777777778,0.05059523809523809,19,0.0,0.0,0.0,0.0,0.0,0.0,0.0,0.0,0.0,0.0,0.0,0.0,0.0,0.0,0.0,0.0,0.0,0.0,0.0,1.0,0.0,0.0,0.0,0.0,0.0,0.0,train
280,2023,November,PPR,Paprika,17,4,13,0,4,17,300.0,1040,15000,30000.0,104000,0.37222222222222223,0.9444444444444444,11,0,False,2023-11-01,0.4827586206896557,0.9999999999999999,0.0,0.24999999999999978,0.9330127018922192,0.058333333333333334,0.061309523809523814,19,0.0,0.0,0.0,0.0,0.0,0.0,0.0,0.0,0.0,0.0,0.0,0.0,0.0,0.0,0.0,0.0,0.0,0.0,0.0,1.0,0.0,0.0,0.0,0.0,0.0,0.0,train
306,2023,Desember,PPR,Paprika,17,0,0,0,0,17,0.0,0,23545,0.0,0,0.0,0.0,12,1,False,2023-12-01,0.4137931034482749,0.9690980955803089,0.0,0.4999999999999999,1.0,0.37222222222222223,0.2017857142857143,19,0.0,0.0,0.0,0.0,0.0,0.0,0.0,0.0,0.0,0.0,0.0,0.0,0.0,0.0,0.0,0.0,0.0,0.0,0.0,1.0,0.0,0.0,0.0,0.0,0.0,0.0,train
332,2024,Januari,PPR,Paprika,17,5,12,0,8,20,1000.0,2400,30000,100000.0,240000,0.9444444444444445,0.9444444444444444,1,0,False,2024-01-01,0.2413793103448283,0.6015091627739849,0.0,0.75,0.9330127018922194,0.0,0.1845238095238095,19,0.0,0.0,0.0,0.0,0.0,0.0,0.0,0.0,0.0,0.0,0.0,0.0,0.0,0.0,0.0,0.0,0.0,0.0,0.0,1.0,0.0,0.0,0.0,0.0,0.0,0.0,train
358,2024,Februari,PPR,Paprika,20,7,0,0,5,18,1400.0,0,25000,140000.0,0,0.3888888888888889,0.38888888888888884,2,0,False,2024-02-01,0.2758620689655169,0.7236794825727632,0.0,0.9330127018922193,0.75,0.9444444444444445,0.5642857142857143,19,0.0,0.0,0.0,0.0,0.0,0.0,0.0,0.0,0.0,0.0,0.0,0.0,0.0,0.0,0.0,0.0,0.0,0.0,0.0,1.0,0.0,0.0,0.0,0.0,0.0,0.0,train
384,2024,Maret,PPR,Paprika,18,6,12,0,3,15,1200.0,2400,30000,120000.0,240000,1.0,1.0,3,0,False,2024-03-01,0.2413793103448283,0.7240388070427596,0.0,1.0,0.5,0.3888888888888889,0.5714285714285714,19,0.0,0.0,0.0,0.0,0.0,0.0,0.0,0.0,0.0,0.0,0.0,0.0,0.0,0.0,0.0,0.0,0.0,0.0,0.0,1.0,0.0,0.0,0.0,0.0,0.0,0.0,train
410,2024,April,PPR,Paprika,0,0,0,0,0,0,0.0,0,28333,0.0,0,0.0,0.0,4,1,False,2024-04-01,0.4482758620689653,0.6981674452030183,0.0,0.9330127018922194,0.2500000000000001,1.0,1.0,19,0.0,0.0,0.0,0.0,0.0,0.0,0.0,0.0,0.0,0.0,0.0,0.0,0.0,0.0,0.0,0.0,0.0,0.0,0.0,1.0,0.0,0.0,0.0,0.0,0.0,0.0,train
436,2024,Mei,PPR,Paprika,0,0,0,0,0,0,0.0,0,28333,0.0,0,0.0,0.0,5,1,False,2024-05-01,0.5172413793103443,0.6126482213438734,0.0,0.75,0.06698729810778065,0.0,0.5952380952380952,19,0.0,0.0,0.0,0.0,0.0,0.0,0.0,0.0,0.0,0.0,0.0,0.0,0.0,0.0,0.0,0.0,0.0,0.0,0.0,1.0,0.0,0.0,0.0,0.0,0.0,0.0,train
462,2024,Juni,PPR,Paprika,0,0,0,0,0,0,0.0,0,28333,0.0,0,0.0,0.0,6,1,False,2024-06-01,0.2068965517241379,0.6658282429033416,0.0,0.5000000000000001,0.0,0.0,0.42857142857142855,19,0.0,0.0,0.0,0.0,0.0,0.0,0.0,0.0,0.0,0.0,0.0,0.0,0.0,0.0,0.0,0.0,0.0,0.0,0.0,1.0,0.0,0.0,0.0,0.0,0.0,0.0,train
488,2024,Juli,PPR,Paprika,0,0,0,0,0,0,0.0,0,28333,0.0,0,0.0,0.0,7,1,False,2024-07-01,0.068965517241379,0.02227811713977723,0.0,0.2500000000000001,0.06698729810778059,0.0,0.0,19,0.0,0.0,0.0,0.0,0.0,0.0,0.0,0.0,0.0,0.0,0.0,0.0,0.0,0.0,0.0,0.0,0.0,0.0,0.0,1.0,0.0,0.0,0.0,0.0,0.0,0.0,train
514,2024,Agustus,PPR,Paprika,0,0,0,0,0,0,0.0,0,28333,0.0,0,0.0,0.0,8,1,False,2024-08-01,0.3793103448275863,0.0,0.0,0.06698729810778081,0.24999999999999978,0.0,0.0,19,0.0,0.0,0.0,0.0,0.0,0.0,0.0,0.0,0.0,0.0,0.0,0.0,0.0,0.0,0.0,0.0,0.0,0.0,0.0,1.0,0.0,0.0,0.0,0.0,0.0,0.0,train
540,2024,September,PPR,Paprika,0,0,0,0,0,0,0.0,0,28333,0.0,0,0.0,0.0,9,1,False,2024-09-01,0.3793103448275863,0.22385914480776137,0.0,0.0,0.4999999999999999,0.0,0.0,19,0.0,0.0,0.0,0.0,0.0,0.0,0.0,0.0,0.0,0.0,0.0,0.0,0.0,0.0,0.0,0.0,0.0,0.0,0.0,1.0,0.0,0.0,0.0,0.0,0.0,0.0,train
566,2024,Oktober,PPR,Paprika,0,0,0,0,0,0,0.0,0,28333,0.0,0,0.0,0.0,10,1,False,2024-10-01,0.5517241379310347,0.6572044556234279,0.0,0.0669872981077807,0.75,0.0,0.0,19,0.0,0.0,0.0,0.0,0.0,0.0,0.0,0.0,0.0,0.0,0.0,0.0,0.0,0.0,0.0,0.0,0.0,0.0,0.0,1.0,0.0,0.0,0.0,0.0,0.0,0.0,train
592,2024,November,PPR,Paprika,0,0,0,0,0,0,0.0,0,28333,0.0,0,0.0,0.0,11,1,False,2024-11-01,0.2413793103448283,0.9999999999999999,0.0,0.24999999999999978,0.9330127018922192,0.0,0.0,19,0.0,0.0,0.0,0.0,0.0,0.0,0.0,0.0,0.0,0.0,0.0,0.0,0.0,0.0,0.0,0.0,0.0,0.0,0.0,1.0,0.0,0.0,0.0,0.0,0.0,0.0,train
618,2024,Desember,PPR,Paprika,0,0,0,0,0,0,0.0,0,28333,0.0,0,0.0,0.0,12,1,False,2024-12-01,0.1724137931034484,0.9690980955803089,0.0,0.4999999999999999,1.0,0.0,0.0,19,0.0,0.0,0.0,0.0,0.0,0.0,0.0,0.0,0.0,0.0,0.0,0.0,0.0,0.0,0.0,0.0,0.0,0.0,0.0,1.0,0.0,0.0,0.0,0.0,0.0,0.0,train
644,2025,Januari,PPR,Paprika,19,3,0,0,2,18,225.0,0,20000,22500.0,0,0.0625,0.16666666666666666,1,0,False,2025-01-01,0.03448275862069039,0.6015091627739849,0.0,0.75,0.9330127018922194,0.0,0.0,19,0.0,0.0,0.0,0.0,0.0,0.0,0.0,0.0,0.0,0.0,0.0,0.0,0.0,0.0,0.0,0.0,0.0,0.0,0.0,1.0,0.0,0.0,0.0,0.0,0.0,0.0,train
670,2025,Februari,PPR,Paprika,18,5,13,0,5,18,800.0,2080,27000,80000.0,208000,0.8,1.0,2,0,False,2025-02-01,0.0,0.6845131153431548,0.0,0.9330127018922193,0.75,0.0625,0.026785714285714284,19,0.0,0.0,0.0,0.0,0.0,0.0,0.0,0.0,0.0,0.0,0.0,0.0,0.0,0.0,0.0,0.0,0.0,0.0,0.0,1.0,0.0,0.0,0.0,0.0,0.0,0.0,train
696,2025,Maret,PPR,Paprika,18,5,0,0,4,17,375.0,0,27000,37500.0,0,0.10416666666666667,0.2777777777777778,3,0,False,2025-03-01,0.1724137931034484,0.7240388070427596,0.0,1.0,0.5,0.8,0.36964285714285716,19,0.0,0.0,0.0,0.0,0.0,0.0,0.0,0.0,0.0,0.0,0.0,0.0,0.0,0.0,0.0,0.0,0.0,0.0,0.0,1.0,0.0,0.0,0.0,0.0,0.0,0.0,train
722,2025,April,PPR,Paprika,17,3,14,0,3,17,480.0,2240,27000,48000.0,224000,0.7555555555555556,0.9444444444444444,4,0,False,2025-04-01,0.13793103448275978,0.6981674452030183,0.0,0.9330127018922194,0.2500000000000001,0.10416666666666667,0.41428571428571426,19,0.0,0.0,0.0,0.0,0.0,0.0,0.0,0.0,0.0,0.0,0.0,0.0,0.0,0.0,0.0,0.0,0.0,0.0,0.0,1.0,0.0,0.0,0.0,0.0,0.0,0.0,train
748,2025,Mei,PPR,Paprika,17,1,0,0,1,17,75.0,0,27000,7500.0,0,0.020833333333333336,0.05555555555555555,5,0,False,2025-05-01,0.2413793103448283,0.6126482213438734,0.0,0.75,0.06698729810778065,0.7555555555555556,0.7113095238095237,19,0.0,0.0,0.0,0.0,0.0,0.0,0.0,0.0,0.0,0.0,0.0,0.0,0.0,0.0,0.0,0.0,0.0,0.0,0.0,1.0,0.0,0.0,0.0,0.0,0.0,0.0,val
774,2025,Juni,PPR,Paprika,17,1,16,0,1,17,85.0,1280,27000,8500.0,128000,0.3791666666666667,0.9444444444444444,6,0,False,2025-06-01,0.068965517241379,0.6658282429033416,0.0,0.5000000000000001,0.0,0.020833333333333336,0.3773809523809524,19,0.0,0.0,0.0,0.0,0.0,0.0,0.0,0.0,0.0,0.0,0.0,0.0,0.0,0.0,0.0,0.0,0.0,0.0,0.0,1.0,0.0,0.0,0.0,0.0,0.0,0.0,val
800,2025,Juli,PPR,Paprika,17,2,0,0,2,17,120.0,0,24000,12000.0,0,0.03333333333333333,0.1111111111111111,7,0,False,2025-07-01,0.068965517241379,0.02227811713977723,0.0,0.2500000000000001,0.06698729810778059,0.3791666666666667,0.4952380952380952,19,0.0,0.0,0.0,0.0,0.0,0.0,0.0,0.0,0.0,0.0,0.0,0.0,0.0,0.0,0.0,0.0,0.0,0.0,0.0,1.0,0.0,0.0,0.0,0.0,0.0,0.0,val
826,2025,Agustus,PPR,Paprika,17,2,0,0,2,17,160.0,0,35000,16000.0,0,0.044444444444444446,0.1111111111111111,8,0,False,2025-08-01,0.068965517241379,0.0,0.0,0.06698729810778081,0.24999999999999978,0.03333333333333333,0.18571428571428572,19,0.0,0.0,0.0,0.0,0.0,0.0,0.0,0.0,0.0,0.0,0.0,0.0,0.0,0.0,0.0,0.0,0.0,0.0,0.0,1.0,0.0,0.0,0.0,0.0,0.0,0.0,val
852,2025,September,PPR,Paprika,17,2,0,0,2,17,145.0,0,15000,14500.0,0,0.04027777777777778,0.1111111111111111,9,0,False,2025-09-01,0.2758620689655169,0.22385914480776137,0.0,0.0,0.4999999999999999,0.044444444444444446,0.19583333333333333,19,0.0,0.0,0.0,0.0,0.0,0.0,0.0,0.0,0.0,0.0,0.0,0.0,0.0,0.0,0.0,0.0,0.0,0.0,0.0,1.0,0.0,0.0,0.0,0.0,0.0,0.0,val
878,2025,Oktober,PPR,Paprika,17,3,0,0,3,17,210.0,0,15000,21000.0,0,0.058333333333333334,0.16666666666666666,10,0,False,2025-10-01,0.4137931034482749,0.6572044556234279,0.0,0.0669872981077807,0.75,0.04027777777777778,0.05059523809523809,19,0.0,0.0,0.0,0.0,0.0,0.0,0.0,0.0,0.0,0.0,0.0,0.0,0.0,0.0,0.0,0.0,0.0,0.0,0.0,1.0,0.0,0.0,0.0,0.0,0.0,0.0,test
904,2025,November,PPR,Paprika,17,4,13,0,4,17,300.0,1040,15000,30000.0,104000,0.37222222222222223,0.9444444444444444,11,0,False,2025-11-01,0.2758620689655169,0.9999999999999999,0.0,0.24999999999999978,0.9330127018922192,0.058333333333333334,0.061309523809523814,19,0.0,0.0,0.0,0.0,0.0,0.0,0.0,0.0,0.0,0.0,0.0,0.0,0.0,0.0,0.0,0.0,0.0,0.0,0.0,1.0,0.0,0.0,0.0,0.0,0.0,0.0,test
930,2025,Desember,PPR,Paprika,17,0,0,0,0,17,0.0,0,0,0.0,0,0.0,0.0,12,1,False,2025-12-01,0.1724137931034484,0.9690980955803089,0.0,0.4999999999999999,1.0,0.37222222222222223,0.2017857142857143,19,0.0,0.0,0.0,0.0,0.0,0.0,0.0,0.0,0.0,0.0,0.0,0.0,0.0,0.0,0.0,0.0,0.0,0.0,0.0,1.0,0.0,0.0,0.0,0.0,0.0,0.0,test
958,2026,Januari,PPR,Paprika,17,5,12,0,8,20,1000.0,2400,30000,100000.0,240000,0.9444444444444445,0.9444444444444444,1,0,False,2026-01-01,-0.1724137931034475,0.6015091627739849,0.0,0.75,0.9330127018922194,0.0,0.1845238095238095,19,0.0,0.0,0.0,0.0,0.0,0.0,0.0,0.0,0.0,0.0,0.0,0.0,0.0,0.0,0.0,0.0,0.0,0.0,0.0,1.0,0.0,0.0,0.0,0.0,0.0,0.0,test
986,2026,Februari,PPR,Paprika,20,7,0,0,5,18,1400.0,0,25000,140000.0,0,0.3888888888888889,0.38888888888888884,2,0,False,2026-02-01,-0.068965517241379,0.6884656845131153,0.0,0.9330127018922193,0.75,0.9444444444444445,0.5642857142857143,19,0.0,0.0,0.0,0.0,0.0,0.0,0.0,0.0,0.0,0.0,0.0,0.0,0.0,0.0,0.0,0.0,0.0,0.0,0.0,1.0,0.0,0.0,0.0,0.0,0.0,0.0,test
1014,2026,Maret,PPR,Paprika,18,6,12,0,3,15,1200.0,2400,30000,120000.0,240000,1.0,1.0,3,0,False,2026-03-01,0.1034482758620694,0.7226015091627739,0.0,1.0,0.5,0.3888888888888889,0.5714285714285714,19,0.0,0.0,0.0,0.0,0.0,0.0,0.0,0.0,0.0,0.0,0.0,0.0,0.0,0.0,0.0,0.0,0.0,0.0,0.0,1.0,0.0,0.0,0.0,0.0,0.0,0.0,test
99,2023,April,SWI,Petsai/Sawi,3,0,0,0,0,3,0.0,0,4500,0.0,0,0.0,0.0,4,1,False,2023-04-01,0.2068965517241379,0.6981674452030183,0.0,0.9330127018922194,0.2500000000000001,1.0,1.0,20,0.0,0.0,0.0,0.0,0.0,0.0,0.0,0.0,0.0,0.0,0.0,0.0,0.0,0.0,0.0,0.0,0.0,0.0,0.0,0.0,1.0,0.0,0.0,0.0,0.0,0.0,train
125,2023,Mei,SWI,Petsai/Sawi,3,2,0,0,2,3,160.0,0,1500,16000.0,0,0.25,0.25,5,0,False,2023-05-01,0.3103448275862073,0.6126482213438734,0.0,0.75,0.06698729810778065,0.0,0.5789473684210527,20,0.0,0.0,0.0,0.0,0.0,0.0,0.0,0.0,0.0,0.0,0.0,0.0,0.0,0.0,0.0,0.0,0.0,0.0,0.0,0.0,1.0,0.0,0.0,0.0,0.0,0.0,train
151,2023,Juni,SWI,Petsai/Sawi,3,2,0,0,2,3,160.0,0,1500,16000.0,0,0.25,0.25,6,0,False,2023-06-01,0.2068965517241379,0.6658282429033416,0.0,0.5000000000000001,0.0,0.25,0.5263157894736843,20,0.0,0.0,0.0,0.0,0.0,0.0,0.0,0.0,0.0,0.0,0.0,0.0,0.0,0.0,0.0,0.0,0.0,0.0,0.0,0.0,1.0,0.0,0.0,0.0,0.0,0.0,train
177,2023,Juli,SWI,Petsai/Sawi,3,0,0,0,0,3,0.0,0,4500,0.0,0,0.0,0.0,7,1,False,2023-07-01,0.1034482758620694,0.02227811713977723,0.0,0.2500000000000001,0.06698729810778059,0.25,0.21052631578947367,20,0.0,0.0,0.0,0.0,0.0,0.0,0.0,0.0,0.0,0.0,0.0,0.0,0.0,0.0,0.0,0.0,0.0,0.0,0.0,0.0,1.0,0.0,0.0,0.0,0.0,0.0,train
203,2023,Agustus,SWI,Petsai/Sawi,3,0,0,0,0,3,0.0,0,4500,0.0,0,0.0,0.0,8,1,False,2023-08-01,0.4137931034482749,0.0,0.0,0.06698729810778081,0.24999999999999978,0.0,0.21052631578947367,20,0.0,0.0,0.0,0.0,0.0,0.0,0.0,0.0,0.0,0.0,0.0,0.0,0.0,0.0,0.0,0.0,0.0,0.0,0.0,0.0,1.0,0.0,0.0,0.0,0.0,0.0,train
229,2023,September,SWI,Petsai/Sawi,3,1,0,0,1,3,75.0,0,6000,7500.0,0,0.1171875,0.125,9,0,False,2023-09-01,0.7241379310344831,0.22385914480776137,0.0,0.0,0.4999999999999999,0.0,0.10526315789473684,20,0.0,0.0,0.0,0.0,0.0,0.0,0.0,0.0,0.0,0.0,0.0,0.0,0.0,0.0,0.0,0.0,0.0,0.0,0.0,0.0,1.0,0.0,0.0,0.0,0.0,0.0,train
255,2023,Oktober,SWI,Petsai/Sawi,3,0,0,0,0,3,0.0,0,4500,0.0,0,0.0,0.0,10,1,False,2023-10-01,1.0000000000000009,0.6572044556234279,0.0,0.0669872981077807,0.75,0.1171875,0.049342105263157895,20,0.0,0.0,0.0,0.0,0.0,0.0,0.0,0.0,0.0,0.0,0.0,0.0,0.0,0.0,0.0,0.0,0.0,0.0,0.0,0.0,1.0,0.0,0.0,0.0,0.0,0.0,train
281,2023,November,SWI,Petsai/Sawi,3,0,0,0,0,3,0.0,0,4500,0.0,0,0.0,0.0,11,1,False,2023-11-01,0.4827586206896557,0.9999999999999999,0.0,0.24999999999999978,0.9330127018922192,0.0,0.049342105263157895,20,0.0,0.0,0.0,0.0,0.0,0.0,0.0,0.0,0.0,0.0,0.0,0.0,0.0,0.0,0.0,0.0,0.0,0.0,0.0,0.0,1.0,0.0,0.0,0.0,0.0,0.0,train
307,2023,Desember,SWI,Petsai/Sawi,3,0,0,0,0,3,0.0,0,4500,0.0,0,0.0,0.0,12,1,False,2023-12-01,0.4137931034482749,0.9690980955803089,0.0,0.4999999999999999,1.0,0.0,0.049342105263157895,20,0.0,0.0,0.0,0.0,0.0,0.0,0.0,0.0,0.0,0.0,0.0,0.0,0.0,0.0,0.0,0.0,0.0,0.0,0.0,0.0,1.0,0.0,0.0,0.0,0.0,0.0,train
333,2024,Januari,SWI,Petsai/Sawi,3,1,0,0,6,8,200.0,0,4000,20000.0,0,0.3125,0.125,1,0,False,2024-01-01,0.2413793103448283,0.6015091627739849,0.0,0.75,0.9330127018922194,0.0,0.0,20,0.0,0.0,0.0,0.0,0.0,0.0,0.0,0.0,0.0,0.0,0.0,0.0,0.0,0.0,0.0,0.0,0.0,0.0,0.0,0.0,1.0,0.0,0.0,0.0,0.0,0.0,train
359,2024,Februari,SWI,Petsai/Sawi,8,2,0,0,3,9,400.0,0,3000,40000.0,0,0.625,0.25,2,0,False,2024-02-01,0.2758620689655169,0.7236794825727632,0.0,0.9330127018922193,0.75,0.3125,0.13157894736842107,20,0.0,0.0,0.0,0.0,0.0,0.0,0.0,0.0,0.0,0.0,0.0,0.0,0.0,0.0,0.0,0.0,0.0,0.0,0.0,0.0,1.0,0.0,0.0,0.0,0.0,0.0,train
385,2024,Maret,SWI,Petsai/Sawi,9,3,0,0,2,8,600.0,0,6000,60000.0,0,0.9375,0.375,3,0,False,2024-03-01,0.2413793103448283,0.7240388070427596,0.0,1.0,0.5,0.625,0.39473684210526316,20,0.0,0.0,0.0,0.0,0.0,0.0,0.0,0.0,0.0,0.0,0.0,0.0,0.0,0.0,0.0,0.0,0.0,0.0,0.0,0.0,1.0,0.0,0.0,0.0,0.0,0.0,train
411,2024,April,SWI,Petsai/Sawi,0,0,0,0,0,0,0.0,0,4333,0.0,0,0.0,0.0,4,1,False,2024-04-01,0.4482758620689653,0.6981674452030183,0.0,0.9330127018922194,0.2500000000000001,0.9375,0.7894736842105263,20,0.0,0.0,0.0,0.0,0.0,0.0,0.0,0.0,0.0,0.0,0.0,0.0,0.0,0.0,0.0,0.0,0.0,0.0,0.0,0.0,1.0,0.0,0.0,0.0,0.0,0.0,train
437,2024,Mei,SWI,Petsai/Sawi,0,0,0,0,0,0,0.0,0,4333,0.0,0,0.0,0.0,5,1,False,2024-05-01,0.5172413793103443,0.6126482213438734,0.0,0.75,0.06698729810778065,0.0,0.6578947368421053,20,0.0,0.0,0.0,0.0,0.0,0.0,0.0,0.0,0.0,0.0,0.0,0.0,0.0,0.0,0.0,0.0,0.0,0.0,0.0,0.0,1.0,0.0,0.0,0.0,0.0,0.0,train
463,2024,Juni,SWI,Petsai/Sawi,0,0,0,0,0,0,0.0,0,4333,0.0,0,0.0,0.0,6,1,False,2024-06-01,0.2068965517241379,0.6658282429033416,0.0,0.5000000000000001,0.0,0.0,0.39473684210526316,20,0.0,0.0,0.0,0.0,0.0,0.0,0.0,0.0,0.0,0.0,0.0,0.0,0.0,0.0,0.0,0.0,0.0,0.0,0.0,0.0,1.0,0.0,0.0,0.0,0.0,0.0,train
489,2024,Juli,SWI,Petsai/Sawi,0,0,0,0,0,0,0.0,0,4333,0.0,0,0.0,0.0,7,1,False,2024-07-01,0.068965517241379,0.02227811713977723,0.0,0.2500000000000001,0.06698729810778059,0.0,0.0,20,0.0,0.0,0.0,0.0,0.0,0.0,0.0,0.0,0.0,0.0,0.0,0.0,0.0,0.0,0.0,0.0,0.0,0.0,0.0,0.0,1.0,0.0,0.0,0.0,0.0,0.0,train
515,2024,Agustus,SWI,Petsai/Sawi,0,0,0,0,0,0,0.0,0,4333,0.0,0,0.0,0.0,8,1,False,2024-08-01,0.3793103448275863,0.0,0.0,0.06698729810778081,0.24999999999999978,0.0,0.0,20,0.0,0.0,0.0,0.0,0.0,0.0,0.0,0.0,0.0,0.0,0.0,0.0,0.0,0.0,0.0,0.0,0.0,0.0,0.0,0.0,1.0,0.0,0.0,0.0,0.0,0.0,train
541,2024,September,SWI,Petsai/Sawi,0,0,0,0,0,0,0.0,0,4333,0.0,0,0.0,0.0,9,1,False,2024-09-01,0.3793103448275863,0.22385914480776137,0.0,0.0,0.4999999999999999,0.0,0.0,20,0.0,0.0,0.0,0.0,0.0,0.0,0.0,0.0,0.0,0.0,0.0,0.0,0.0,0.0,0.0,0.0,0.0,0.0,0.0,0.0,1.0,0.0,0.0,0.0,0.0,0.0,train
567,2024,Oktober,SWI,Petsai/Sawi,0,0,0,0,0,0,0.0,0,4333,0.0,0,0.0,0.0,10,1,False,2024-10-01,0.5517241379310347,0.6572044556234279,0.0,0.0669872981077807,0.75,0.0,0.0,20,0.0,0.0,0.0,0.0,0.0,0.0,0.0,0.0,0.0,0.0,0.0,0.0,0.0,0.0,0.0,0.0,0.0,0.0,0.0,0.0,1.0,0.0,0.0,0.0,0.0,0.0,train
593,2024,November,SWI,Petsai/Sawi,0,0,0,0,0,0,0.0,0,4333,0.0,0,0.0,0.0,11,1,False,2024-11-01,0.2413793103448283,0.9999999999999999,0.0,0.24999999999999978,0.9330127018922192,0.0,0.0,20,0.0,0.0,0.0,0.0,0.0,0.0,0.0,0.0,0.0,0.0,0.0,0.0,0.0,0.0,0.0,0.0,0.0,0.0,0.0,0.0,1.0,0.0,0.0,0.0,0.0,0.0,train
619,2024,Desember,SWI,Petsai/Sawi,0,0,0,0,0,0,0.0,0,4333,0.0,0,0.0,0.0,12,1,False,2024-12-01,0.1724137931034484,0.9690980955803089,0.0,0.4999999999999999,1.0,0.0,0.0,20,0.0,0.0,0.0,0.0,0.0,0.0,0.0,0.0,0.0,0.0,0.0,0.0,0.0,0.0,0.0,0.0,0.0,0.0,0.0,0.0,1.0,0.0,0.0,0.0,0.0,0.0,train
645,2025,Januari,SWI,Petsai/Sawi,8,8,0,0,8,8,640.0,0,15000,64000.0,0,1.0,1.0,1,0,False,2025-01-01,0.03448275862069039,0.6015091627739849,0.0,0.75,0.9330127018922194,0.0,0.0,20,0.0,0.0,0.0,0.0,0.0,0.0,0.0,0.0,0.0,0.0,0.0,0.0,0.0,0.0,0.0,0.0,0.0,0.0,0.0,0.0,1.0,0.0,0.0,0.0,0.0,0.0,train
671,2025,Februari,SWI,Petsai/Sawi,8,3,0,0,3,8,240.0,0,1500,24000.0,0,0.375,0.375,2,0,False,2025-02-01,0.0,0.6845131153431548,0.0,0.9330127018922193,0.75,1.0,0.42105263157894735,20,0.0,0.0,0.0,0.0,0.0,0.0,0.0,0.0,0.0,0.0,0.0,0.0,0.0,0.0,0.0,0.0,0.0,0.0,0.0,0.0,1.0,0.0,0.0,0.0,0.0,0.0,train
697,2025,Maret,SWI,Petsai/Sawi,8,8,0,0,3,3,640.0,0,1500,64000.0,0,1.0,1.0,3,0,False,2025-03-01,0.1724137931034484,0.7240388070427596,0.0,1.0,0.5,0.375,0.5789473684210527,20,0.0,0.0,0.0,0.0,0.0,0.0,0.0,0.0,0.0,0.0,0.0,0.0,0.0,0.0,0.0,0.0,0.0,0.0,0.0,0.0,1.0,0.0,0.0,0.0,0.0,0.0,train
723,2025,April,SWI,Petsai/Sawi,3,0,0,0,0,3,0.0,0,0,0.0,0,0.0,0.0,4,1,False,2025-04-01,0.13793103448275978,0.6981674452030183,0.0,0.9330127018922194,0.2500000000000001,1.0,1.0,20,0.0,0.0,0.0,0.0,0.0,0.0,0.0,0.0,0.0,0.0,0.0,0.0,0.0,0.0,0.0,0.0,0.0,0.0,0.0,0.0,1.0,0.0,0.0,0.0,0.0,0.0,train
749,2025,Mei,SWI,Petsai/Sawi,3,2,0,0,2,3,160.0,0,1500,16000.0,0,0.25,0.25,5,0,False,2025-05-01,0.2413793103448283,0.6126482213438734,0.0,0.75,0.06698729810778065,0.0,0.5789473684210527,20,0.0,0.0,0.0,0.0,0.0,0.0,0.0,0.0,0.0,0.0,0.0,0.0,0.0,0.0,0.0,0.0,0.0,0.0,0.0,0.0,1.0,0.0,0.0,0.0,0.0,0.0,val
775,2025,Juni,SWI,Petsai/Sawi,3,2,0,0,2,3,160.0,0,1500,16000.0,0,0.25,0.25,6,0,False,2025-06-01,0.068965517241379,0.6658282429033416,0.0,0.5000000000000001,0.0,0.25,0.5263157894736843,20,0.0,0.0,0.0,0.0,0.0,0.0,0.0,0.0,0.0,0.0,0.0,0.0,0.0,0.0,0.0,0.0,0.0,0.0,0.0,0.0,1.0,0.0,0.0,0.0,0.0,0.0,val
801,2025,Juli,SWI,Petsai/Sawi,3,0,0,0,0,3,0.0,0,0,0.0,0,0.0,0.0,7,1,False,2025-07-01,0.068965517241379,0.02227811713977723,0.0,0.2500000000000001,0.06698729810778059,0.25,0.21052631578947367,20,0.0,0.0,0.0,0.0,0.0,0.0,0.0,0.0,0.0,0.0,0.0,0.0,0.0,0.0,0.0,0.0,0.0,0.0,0.0,0.0,1.0,0.0,0.0,0.0,0.0,0.0,val
827,2025,Agustus,SWI,Petsai/Sawi,3,0,0,0,0,3,0.0,0,0,0.0,0,0.0,0.0,8,1,False,2025-08-01,0.068965517241379,0.0,0.0,0.06698729810778081,0.24999999999999978,0.0,0.21052631578947367,20,0.0,0.0,0.0,0.0,0.0,0.0,0.0,0.0,0.0,0.0,0.0,0.0,0.0,0.0,0.0,0.0,0.0,0.0,0.0,0.0,1.0,0.0,0.0,0.0,0.0,0.0,val
853,2025,September,SWI,Petsai/Sawi,3,1,0,0,1,3,75.0,0,6000,7500.0,0,0.1171875,0.125,9,0,False,2025-09-01,0.2758620689655169,0.22385914480776137,0.0,0.0,0.4999999999999999,0.0,0.10526315789473684,20,0.0,0.0,0.0,0.0,0.0,0.0,0.0,0.0,0.0,0.0,0.0,0.0,0.0,0.0,0.0,0.0,0.0,0.0,0.0,0.0,1.0,0.0,0.0,0.0,0.0,0.0,val
879,2025,Oktober,SWI,Petsai/Sawi,3,0,0,0,0,3,0.0,0,0,0.0,0,0.0,0.0,10,1,False,2025-10-01,0.4137931034482749,0.6572044556234279,0.0,0.0669872981077807,0.75,0.1171875,0.049342105263157895,20,0.0,0.0,0.0,0.0,0.0,0.0,0.0,0.0,0.0,0.0,0.0,0.0,0.0,0.0,0.0,0.0,0.0,0.0,0.0,0.0,1.0,0.0,0.0,0.0,0.0,0.0,test
905,2025,November,SWI,Petsai/Sawi,3,0,0,0,0,3,0.0,0,0,0.0,0,0.0,0.0,11,1,False,2025-11-01,0.2758620689655169,0.9999999999999999,0.0,0.24999999999999978,0.9330127018922192,0.0,0.049342105263157895,20,0.0,0.0,0.0,0.0,0.0,0.0,0.0,0.0,0.0,0.0,0.0,0.0,0.0,0.0,0.0,0.0,0.0,0.0,0.0,0.0,1.0,0.0,0.0,0.0,0.0,0.0,test
931,2025,Desember,SWI,Petsai/Sawi,3,0,0,0,0,3,0.0,0,0,0.0,0,0.0,0.0,12,1,False,2025-12-01,0.1724137931034484,0.9690980955803089,0.0,0.4999999999999999,1.0,0.0,0.049342105263157895,20,0.0,0.0,0.0,0.0,0.0,0.0,0.0,0.0,0.0,0.0,0.0,0.0,0.0,0.0,0.0,0.0,0.0,0.0,0.0,0.0,1.0,0.0,0.0,0.0,0.0,0.0,test
959,2026,Januari,SWI,Petsai/Sawi,3,1,0,0,6,8,200.0,0,4000,20000.0,0,0.3125,0.125,1,0,False,2026-01-01,-0.1724137931034475,0.6015091627739849,0.0,0.75,0.9330127018922194,0.0,0.0,20,0.0,0.0,0.0,0.0,0.0,0.0,0.0,0.0,0.0,0.0,0.0,0.0,0.0,0.0,0.0,0.0,0.0,0.0,0.0,0.0,1.0,0.0,0.0,0.0,0.0,0.0,test
987,2026,Februari,SWI,Petsai/Sawi,8,2,0,0,3,9,400.0,0,3000,40000.0,0,0.625,0.25,2,0,False,2026-02-01,-0.068965517241379,0.6884656845131153,0.0,0.9330127018922193,0.75,0.3125,0.13157894736842107,20,0.0,0.0,0.0,0.0,0.0,0.0,0.0,0.0,0.0,0.0,0.0,0.0,0.0,0.0,0.0,0.0,0.0,0.0,0.0,0.0,1.0,0.0,0.0,0.0,0.0,0.0,test
1015,2026,Maret,SWI,Petsai/Sawi,9,3,0,0,2,8,600.0,0,6000,60000.0,0,0.9375,0.375,3,0,False,2026-03-01,0.1034482758620694,0.7226015091627739,0.0,1.0,0.5,0.625,0.39473684210526316,20,0.0,0.0,0.0,0.0,0.0,0.0,0.0,0.0,0.0,0.0,0.0,0.0,0.0,0.0,0.0,0.0,0.0,0.0,0.0,0.0,1.0,0.0,0.0,0.0,0.0,0.0,test
100,2023,April,SMK,Semangka,0,0,0,0,0,0,0.0,0,0,0.0,0,0.0,0.0,4,1,False,2023-04-01,0.2068965517241379,0.6981674452030183,0.0,0.9330127018922194,0.2500000000000001,0.0,0.0,21,0.0,0.0,0.0,0.0,0.0,0.0,0.0,0.0,0.0,0.0,0.0,0.0,0.0,0.0,0.0,0.0,0.0,0.0,0.0,0.0,0.0,1.0,0.0,0.0,0.0,0.0,train
126,2023,Mei,SMK,Semangka,0,0,0,0,0,0,0.0,0,0,0.0,0,0.0,0.0,5,1,False,2023-05-01,0.3103448275862073,0.6126482213438734,0.0,0.75,0.06698729810778065,0.0,0.0,21,0.0,0.0,0.0,0.0,0.0,0.0,0.0,0.0,0.0,0.0,0.0,0.0,0.0,0.0,0.0,0.0,0.0,0.0,0.0,0.0,0.0,1.0,0.0,0.0,0.0,0.0,train
152,2023,Juni,SMK,Semangka,0,0,0,0,0,0,0.0,0,0,0.0,0,0.0,0.0,6,1,False,2023-06-01,0.2068965517241379,0.6658282429033416,0.0,0.5000000000000001,0.0,0.0,0.0,21,0.0,0.0,0.0,0.0,0.0,0.0,0.0,0.0,0.0,0.0,0.0,0.0,0.0,0.0,0.0,0.0,0.0,0.0,0.0,0.0,0.0,1.0,0.0,0.0,0.0,0.0,train
178,2023,Juli,SMK,Semangka,0,0,0,0,0,0,0.0,0,0,0.0,0,0.0,0.0,7,1,False,2023-07-01,0.1034482758620694,0.02227811713977723,0.0,0.2500000000000001,0.06698729810778059,0.0,0.0,21,0.0,0.0,0.0,0.0,0.0,0.0,0.0,0.0,0.0,0.0,0.0,0.0,0.0,0.0,0.0,0.0,0.0,0.0,0.0,0.0,0.0,1.0,0.0,0.0,0.0,0.0,train
204,2023,Agustus,SMK,Semangka,0,0,0,0,0,0,0.0,0,0,0.0,0,0.0,0.0,8,1,False,2023-08-01,0.4137931034482749,0.0,0.0,0.06698729810778081,0.24999999999999978,0.0,0.0,21,0.0,0.0,0.0,0.0,0.0,0.0,0.0,0.0,0.0,0.0,0.0,0.0,0.0,0.0,0.0,0.0,0.0,0.0,0.0,0.0,0.0,1.0,0.0,0.0,0.0,0.0,train
230,2023,September,SMK,Semangka,0,0,0,0,0,0,0.0,0,0,0.0,0,0.0,0.0,9,1,False,2023-09-01,0.7241379310344831,0.22385914480776137,0.0,0.0,0.4999999999999999,0.0,0.0,21,0.0,0.0,0.0,0.0,0.0,0.0,0.0,0.0,0.0,0.0,0.0,0.0,0.0,0.0,0.0,0.0,0.0,0.0,0.0,0.0,0.0,1.0,0.0,0.0,0.0,0.0,train
256,2023,Oktober,SMK,Semangka,0,0,0,0,0,0,0.0,0,0,0.0,0,0.0,0.0,10,1,False,2023-10-01,1.0000000000000009,0.6572044556234279,0.0,0.0669872981077807,0.75,0.0,0.0,21,0.0,0.0,0.0,0.0,0.0,0.0,0.0,0.0,0.0,0.0,0.0,0.0,0.0,0.0,0.0,0.0,0.0,0.0,0.0,0.0,0.0,1.0,0.0,0.0,0.0,0.0,train
282,2023,November,SMK,Semangka,0,0,0,0,0,0,0.0,0,0,0.0,0,0.0,0.0,11,1,False,2023-11-01,0.4827586206896557,0.9999999999999999,0.0,0.24999999999999978,0.9330127018922192,0.0,0.0,21,0.0,0.0,0.0,0.0,0.0,0.0,0.0,0.0,0.0,0.0,0.0,0.0,0.0,0.0,0.0,0.0,0.0,0.0,0.0,0.0,0.0,1.0,0.0,0.0,0.0,0.0,train
308,2023,Desember,SMK,Semangka,0,0,0,0,0,0,0.0,0,0,0.0,0,0.0,0.0,12,1,False,2023-12-01,0.4137931034482749,0.9690980955803089,0.0,0.4999999999999999,1.0,0.0,0.0,21,0.0,0.0,0.0,0.0,0.0,0.0,0.0,0.0,0.0,0.0,0.0,0.0,0.0,0.0,0.0,0.0,0.0,0.0,0.0,0.0,0.0,1.0,0.0,0.0,0.0,0.0,train
334,2024,Januari,SMK,Semangka,0,0,0,0,0,0,0.0,0,0,0.0,0,0.0,0.0,1,1,False,2024-01-01,0.2413793103448283,0.6015091627739849,0.0,0.75,0.9330127018922194,0.0,0.0,21,0.0,0.0,0.0,0.0,0.0,0.0,0.0,0.0,0.0,0.0,0.0,0.0,0.0,0.0,0.0,0.0,0.0,0.0,0.0,0.0,0.0,1.0,0.0,0.0,0.0,0.0,train
360,2024,Februari,SMK,Semangka,0,0,0,0,0,0,0.0,0,0,0.0,0,0.0,0.0,2,1,False,2024-02-01,0.2758620689655169,0.7236794825727632,0.0,0.9330127018922193,0.75,0.0,0.0,21,0.0,0.0,0.0,0.0,0.0,0.0,0.0,0.0,0.0,0.0,0.0,0.0,0.0,0.0,0.0,0.0,0.0,0.0,0.0,0.0,0.0,1.0,0.0,0.0,0.0,0.0,train
386,2024,Maret,SMK,Semangka,0,0,0,0,0,0,0.0,0,0,0.0,0,0.0,0.0,3,1,False,2024-03-01,0.2413793103448283,0.7240388070427596,0.0,1.0,0.5,0.0,0.0,21,0.0,0.0,0.0,0.0,0.0,0.0,0.0,0.0,0.0,0.0,0.0,0.0,0.0,0.0,0.0,0.0,0.0,0.0,0.0,0.0,0.0,1.0,0.0,0.0,0.0,0.0,train
412,2024,April,SMK,Semangka,0,0,0,0,0,0,0.0,0,0,0.0,0,0.0,0.0,4,1,False,2024-04-01,0.4482758620689653,0.6981674452030183,0.0,0.9330127018922194,0.2500000000000001,0.0,0.0,21,0.0,0.0,0.0,0.0,0.0,0.0,0.0,0.0,0.0,0.0,0.0,0.0,0.0,0.0,0.0,0.0,0.0,0.0,0.0,0.0,0.0,1.0,0.0,0.0,0.0,0.0,train
438,2024,Mei,SMK,Semangka,0,0,0,0,0,0,0.0,0,0,0.0,0,0.0,0.0,5,1,False,2024-05-01,0.5172413793103443,0.6126482213438734,0.0,0.75,0.06698729810778065,0.0,0.0,21,0.0,0.0,0.0,0.0,0.0,0.0,0.0,0.0,0.0,0.0,0.0,0.0,0.0,0.0,0.0,0.0,0.0,0.0,0.0,0.0,0.0,1.0,0.0,0.0,0.0,0.0,train
464,2024,Juni,SMK,Semangka,0,0,0,0,0,0,0.0,0,0,0.0,0,0.0,0.0,6,1,False,2024-06-01,0.2068965517241379,0.6658282429033416,0.0,0.5000000000000001,0.0,0.0,0.0,21,0.0,0.0,0.0,0.0,0.0,0.0,0.0,0.0,0.0,0.0,0.0,0.0,0.0,0.0,0.0,0.0,0.0,0.0,0.0,0.0,0.0,1.0,0.0,0.0,0.0,0.0,train
490,2024,Juli,SMK,Semangka,0,0,0,0,0,0,0.0,0,0,0.0,0,0.0,0.0,7,1,False,2024-07-01,0.068965517241379,0.02227811713977723,0.0,0.2500000000000001,0.06698729810778059,0.0,0.0,21,0.0,0.0,0.0,0.0,0.0,0.0,0.0,0.0,0.0,0.0,0.0,0.0,0.0,0.0,0.0,0.0,0.0,0.0,0.0,0.0,0.0,1.0,0.0,0.0,0.0,0.0,train
516,2024,Agustus,SMK,Semangka,0,0,0,0,0,0,0.0,0,0,0.0,0,0.0,0.0,8,1,False,2024-08-01,0.3793103448275863,0.0,0.0,0.06698729810778081,0.24999999999999978,0.0,0.0,21,0.0,0.0,0.0,0.0,0.0,0.0,0.0,0.0,0.0,0.0,0.0,0.0,0.0,0.0,0.0,0.0,0.0,0.0,0.0,0.0,0.0,1.0,0.0,0.0,0.0,0.0,train
542,2024,September,SMK,Semangka,0,0,0,0,0,0,0.0,0,0,0.0,0,0.0,0.0,9,1,False,2024-09-01,0.3793103448275863,0.22385914480776137,0.0,0.0,0.4999999999999999,0.0,0.0,21,0.0,0.0,0.0,0.0,0.0,0.0,0.0,0.0,0.0,0.0,0.0,0.0,0.0,0.0,0.0,0.0,0.0,0.0,0.0,0.0,0.0,1.0,0.0,0.0,0.0,0.0,train
568,2024,Oktober,SMK,Semangka,0,0,0,0,0,0,0.0,0,0,0.0,0,0.0,0.0,10,1,False,2024-10-01,0.5517241379310347,0.6572044556234279,0.0,0.0669872981077807,0.75,0.0,0.0,21,0.0,0.0,0.0,0.0,0.0,0.0,0.0,0.0,0.0,0.0,0.0,0.0,0.0,0.0,0.0,0.0,0.0,0.0,0.0,0.0,0.0,1.0,0.0,0.0,0.0,0.0,train
594,2024,November,SMK,Semangka,0,0,0,0,0,0,0.0,0,0,0.0,0,0.0,0.0,11,1,False,2024-11-01,0.2413793103448283,0.9999999999999999,0.0,0.24999999999999978,0.9330127018922192,0.0,0.0,21,0.0,0.0,0.0,0.0,0.0,0.0,0.0,0.0,0.0,0.0,0.0,0.0,0.0,0.0,0.0,0.0,0.0,0.0,0.0,0.0,0.0,1.0,0.0,0.0,0.0,0.0,train
620,2024,Desember,SMK,Semangka,0,0,0,0,0,0,0.0,0,0,0.0,0,0.0,0.0,12,1,False,2024-12-01,0.1724137931034484,0.9690980955803089,0.0,0.4999999999999999,1.0,0.0,0.0,21,0.0,0.0,0.0,0.0,0.0,0.0,0.0,0.0,0.0,0.0,0.0,0.0,0.0,0.0,0.0,0.0,0.0,0.0,0.0,0.0,0.0,1.0,0.0,0.0,0.0,0.0,train
646,2025,Januari,SMK,Semangka,0,0,0,0,0,0,0.0,0,0,0.0,0,0.0,0.0,1,1,False,2025-01-01,0.03448275862069039,0.6015091627739849,0.0,0.75,0.9330127018922194,0.0,0.0,21,0.0,0.0,0.0,0.0,0.0,0.0,0.0,0.0,0.0,0.0,0.0,0.0,0.0,0.0,0.0,0.0,0.0,0.0,0.0,0.0,0.0,1.0,0.0,0.0,0.0,0.0,train
672,2025,Februari,SMK,Semangka,0,0,0,0,0,0,0.0,0,0,0.0,0,0.0,0.0,2,1,False,2025-02-01,0.0,0.6845131153431548,0.0,0.9330127018922193,0.75,0.0,0.0,21,0.0,0.0,0.0,0.0,0.0,0.0,0.0,0.0,0.0,0.0,0.0,0.0,0.0,0.0,0.0,0.0,0.0,0.0,0.0,0.0,0.0,1.0,0.0,0.0,0.0,0.0,train
698,2025,Maret,SMK,Semangka,0,0,0,0,0,0,0.0,0,0,0.0,0,0.0,0.0,3,1,False,2025-03-01,0.1724137931034484,0.7240388070427596,0.0,1.0,0.5,0.0,0.0,21,0.0,0.0,0.0,0.0,0.0,0.0,0.0,0.0,0.0,0.0,0.0,0.0,0.0,0.0,0.0,0.0,0.0,0.0,0.0,0.0,0.0,1.0,0.0,0.0,0.0,0.0,train
724,2025,April,SMK,Semangka,0,0,0,0,0,0,0.0,0,0,0.0,0,0.0,0.0,4,1,False,2025-04-01,0.13793103448275978,0.6981674452030183,0.0,0.9330127018922194,0.2500000000000001,0.0,0.0,21,0.0,0.0,0.0,0.0,0.0,0.0,0.0,0.0,0.0,0.0,0.0,0.0,0.0,0.0,0.0,0.0,0.0,0.0,0.0,0.0,0.0,1.0,0.0,0.0,0.0,0.0,train
750,2025,Mei,SMK,Semangka,0,0,0,0,0,0,0.0,0,0,0.0,0,0.0,0.0,5,1,False,2025-05-01,0.2413793103448283,0.6126482213438734,0.0,0.75,0.06698729810778065,0.0,0.0,21,0.0,0.0,0.0,0.0,0.0,0.0,0.0,0.0,0.0,0.0,0.0,0.0,0.0,0.0,0.0,0.0,0.0,0.0,0.0,0.0,0.0,1.0,0.0,0.0,0.0,0.0,val
776,2025,Juni,SMK,Semangka,0,0,0,0,0,0,0.0,0,0,0.0,0,0.0,0.0,6,1,False,2025-06-01,0.068965517241379,0.6658282429033416,0.0,0.5000000000000001,0.0,0.0,0.0,21,0.0,0.0,0.0,0.0,0.0,0.0,0.0,0.0,0.0,0.0,0.0,0.0,0.0,0.0,0.0,0.0,0.0,0.0,0.0,0.0,0.0,1.0,0.0,0.0,0.0,0.0,val
802,2025,Juli,SMK,Semangka,0,0,0,0,0,0,0.0,0,0,0.0,0,0.0,0.0,7,1,False,2025-07-01,0.068965517241379,0.02227811713977723,0.0,0.2500000000000001,0.06698729810778059,0.0,0.0,21,0.0,0.0,0.0,0.0,0.0,0.0,0.0,0.0,0.0,0.0,0.0,0.0,0.0,0.0,0.0,0.0,0.0,0.0,0.0,0.0,0.0,1.0,0.0,0.0,0.0,0.0,val
828,2025,Agustus,SMK,Semangka,0,0,0,0,0,0,0.0,0,0,0.0,0,0.0,0.0,8,1,False,2025-08-01,0.068965517241379,0.0,0.0,0.06698729810778081,0.24999999999999978,0.0,0.0,21,0.0,0.0,0.0,0.0,0.0,0.0,0.0,0.0,0.0,0.0,0.0,0.0,0.0,0.0,0.0,0.0,0.0,0.0,0.0,0.0,0.0,1.0,0.0,0.0,0.0,0.0,val
854,2025,September,SMK,Semangka,0,0,0,0,0,0,0.0,0,0,0.0,0,0.0,0.0,9,1,False,2025-09-01,0.2758620689655169,0.22385914480776137,0.0,0.0,0.4999999999999999,0.0,0.0,21,0.0,0.0,0.0,0.0,0.0,0.0,0.0,0.0,0.0,0.0,0.0,0.0,0.0,0.0,0.0,0.0,0.0,0.0,0.0,0.0,0.0,1.0,0.0,0.0,0.0,0.0,val
880,2025,Oktober,SMK,Semangka,0,0,0,0,0,0,0.0,0,0,0.0,0,0.0,0.0,10,1,False,2025-10-01,0.4137931034482749,0.6572044556234279,0.0,0.0669872981077807,0.75,0.0,0.0,21,0.0,0.0,0.0,0.0,0.0,0.0,0.0,0.0,0.0,0.0,0.0,0.0,0.0,0.0,0.0,0.0,0.0,0.0,0.0,0.0,0.0,1.0,0.0,0.0,0.0,0.0,test
906,2025,November,SMK,Semangka,0,0,0,0,0,0,0.0,0,0,0.0,0,0.0,0.0,11,1,False,2025-11-01,0.2758620689655169,0.9999999999999999,0.0,0.24999999999999978,0.9330127018922192,0.0,0.0,21,0.0,0.0,0.0,0.0,0.0,0.0,0.0,0.0,0.0,0.0,0.0,0.0,0.0,0.0,0.0,0.0,0.0,0.0,0.0,0.0,0.0,1.0,0.0,0.0,0.0,0.0,test
932,2025,Desember,SMK,Semangka,0,0,0,0,0,0,0.0,0,0,0.0,0,0.0,0.0,12,1,False,2025-12-01,0.1724137931034484,0.9690980955803089,0.0,0.4999999999999999,1.0,0.0,0.0,21,0.0,0.0,0.0,0.0,0.0,0.0,0.0,0.0,0.0,0.0,0.0,0.0,0.0,0.0,0.0,0.0,0.0,0.0,0.0,0.0,0.0,1.0,0.0,0.0,0.0,0.0,test
960,2026,Januari,SMK,Semangka,0,0,0,0,0,0,0.0,0,0,0.0,0,0.0,0.0,1,1,False,2026-01-01,-0.1724137931034475,0.6015091627739849,0.0,0.75,0.9330127018922194,0.0,0.0,21,0.0,0.0,0.0,0.0,0.0,0.0,0.0,0.0,0.0,0.0,0.0,0.0,0.0,0.0,0.0,0.0,0.0,0.0,0.0,0.0,0.0,1.0,0.0,0.0,0.0,0.0,test
988,2026,Februari,SMK,Semangka,0,0,0,0,0,0,0.0,0,0,0.0,0,0.0,0.0,2,1,False,2026-02-01,-0.068965517241379,0.6884656845131153,0.0,0.9330127018922193,0.75,0.0,0.0,21,0.0,0.0,0.0,0.0,0.0,0.0,0.0,0.0,0.0,0.0,0.0,0.0,0.0,0.0,0.0,0.0,0.0,0.0,0.0,0.0,0.0,1.0,0.0,0.0,0.0,0.0,test
1016,2026,Maret,SMK,Semangka,0,0,0,0,0,0,0.0,0,0,0.0,0,0.0,0.0,3,1,False,2026-03-01,0.1034482758620694,0.7226015091627739,0.0,1.0,0.5,0.0,0.0,21,0.0,0.0,0.0,0.0,0.0,0.0,0.0,0.0,0.0,0.0,0.0,0.0,0.0,0.0,0.0,0.0,0.0,0.0,0.0,0.0,0.0,1.0,0.0,0.0,0.0,0.0,test
101,2023,April,SBR,Stroberi,0,0,0,0,0,0,0.0,0,0,0.0,0,0.0,0.0,4,1,False,2023-04-01,0.2068965517241379,0.6981674452030183,0.0,0.9330127018922194,0.2500000000000001,0.0,0.0,22,0.0,0.0,0.0,0.0,0.0,0.0,0.0,0.0,0.0,0.0,0.0,0.0,0.0,0.0,0.0,0.0,0.0,0.0,0.0,0.0,0.0,0.0,1.0,0.0,0.0,0.0,train
127,2023,Mei,SBR,Stroberi,0,0,0,0,0,0,0.0,0,0,0.0,0,0.0,0.0,5,1,False,2023-05-01,0.3103448275862073,0.6126482213438734,0.0,0.75,0.06698729810778065,0.0,0.0,22,0.0,0.0,0.0,0.0,0.0,0.0,0.0,0.0,0.0,0.0,0.0,0.0,0.0,0.0,0.0,0.0,0.0,0.0,0.0,0.0,0.0,0.0,1.0,0.0,0.0,0.0,train
153,2023,Juni,SBR,Stroberi,0,0,0,0,0,0,0.0,0,0,0.0,0,0.0,0.0,6,1,False,2023-06-01,0.2068965517241379,0.6658282429033416,0.0,0.5000000000000001,0.0,0.0,0.0,22,0.0,0.0,0.0,0.0,0.0,0.0,0.0,0.0,0.0,0.0,0.0,0.0,0.0,0.0,0.0,0.0,0.0,0.0,0.0,0.0,0.0,0.0,1.0,0.0,0.0,0.0,train
179,2023,Juli,SBR,Stroberi,0,0,0,0,0,0,0.0,0,0,0.0,0,0.0,0.0,7,1,False,2023-07-01,0.1034482758620694,0.02227811713977723,0.0,0.2500000000000001,0.06698729810778059,0.0,0.0,22,0.0,0.0,0.0,0.0,0.0,0.0,0.0,0.0,0.0,0.0,0.0,0.0,0.0,0.0,0.0,0.0,0.0,0.0,0.0,0.0,0.0,0.0,1.0,0.0,0.0,0.0,train
205,2023,Agustus,SBR,Stroberi,0,0,0,0,0,0,0.0,0,0,0.0,0,0.0,0.0,8,1,False,2023-08-01,0.4137931034482749,0.0,0.0,0.06698729810778081,0.24999999999999978,0.0,0.0,22,0.0,0.0,0.0,0.0,0.0,0.0,0.0,0.0,0.0,0.0,0.0,0.0,0.0,0.0,0.0,0.0,0.0,0.0,0.0,0.0,0.0,0.0,1.0,0.0,0.0,0.0,train
231,2023,September,SBR,Stroberi,0,0,0,0,0,0,0.0,0,0,0.0,0,0.0,0.0,9,1,False,2023-09-01,0.7241379310344831,0.22385914480776137,0.0,0.0,0.4999999999999999,0.0,0.0,22,0.0,0.0,0.0,0.0,0.0,0.0,0.0,0.0,0.0,0.0,0.0,0.0,0.0,0.0,0.0,0.0,0.0,0.0,0.0,0.0,0.0,0.0,1.0,0.0,0.0,0.0,train
257,2023,Oktober,SBR,Stroberi,0,0,0,0,0,0,0.0,0,0,0.0,0,0.0,0.0,10,1,False,2023-10-01,1.0000000000000009,0.6572044556234279,0.0,0.0669872981077807,0.75,0.0,0.0,22,0.0,0.0,0.0,0.0,0.0,0.0,0.0,0.0,0.0,0.0,0.0,0.0,0.0,0.0,0.0,0.0,0.0,0.0,0.0,0.0,0.0,0.0,1.0,0.0,0.0,0.0,train
283,2023,November,SBR,Stroberi,0,0,0,0,0,0,0.0,0,0,0.0,0,0.0,0.0,11,1,False,2023-11-01,0.4827586206896557,0.9999999999999999,0.0,0.24999999999999978,0.9330127018922192,0.0,0.0,22,0.0,0.0,0.0,0.0,0.0,0.0,0.0,0.0,0.0,0.0,0.0,0.0,0.0,0.0,0.0,0.0,0.0,0.0,0.0,0.0,0.0,0.0,1.0,0.0,0.0,0.0,train
309,2023,Desember,SBR,Stroberi,0,0,0,0,0,0,0.0,0,0,0.0,0,0.0,0.0,12,1,False,2023-12-01,0.4137931034482749,0.9690980955803089,0.0,0.4999999999999999,1.0,0.0,0.0,22,0.0,0.0,0.0,0.0,0.0,0.0,0.0,0.0,0.0,0.0,0.0,0.0,0.0,0.0,0.0,0.0,0.0,0.0,0.0,0.0,0.0,0.0,1.0,0.0,0.0,0.0,train
335,2024,Januari,SBR,Stroberi,0,0,0,0,0,0,0.0,0,0,0.0,0,0.0,0.0,1,1,False,2024-01-01,0.2413793103448283,0.6015091627739849,0.0,0.75,0.9330127018922194,0.0,0.0,22,0.0,0.0,0.0,0.0,0.0,0.0,0.0,0.0,0.0,0.0,0.0,0.0,0.0,0.0,0.0,0.0,0.0,0.0,0.0,0.0,0.0,0.0,1.0,0.0,0.0,0.0,train
361,2024,Februari,SBR,Stroberi,0,0,0,0,0,0,0.0,0,0,0.0,0,0.0,0.0,2,1,False,2024-02-01,0.2758620689655169,0.7236794825727632,0.0,0.9330127018922193,0.75,0.0,0.0,22,0.0,0.0,0.0,0.0,0.0,0.0,0.0,0.0,0.0,0.0,0.0,0.0,0.0,0.0,0.0,0.0,0.0,0.0,0.0,0.0,0.0,0.0,1.0,0.0,0.0,0.0,train
387,2024,Maret,SBR,Stroberi,0,0,0,0,0,0,0.0,0,0,0.0,0,0.0,0.0,3,1,False,2024-03-01,0.2413793103448283,0.7240388070427596,0.0,1.0,0.5,0.0,0.0,22,0.0,0.0,0.0,0.0,0.0,0.0,0.0,0.0,0.0,0.0,0.0,0.0,0.0,0.0,0.0,0.0,0.0,0.0,0.0,0.0,0.0,0.0,1.0,0.0,0.0,0.0,train
413,2024,April,SBR,Stroberi,0,0,0,0,0,0,0.0,0,0,0.0,0,0.0,0.0,4,1,False,2024-04-01,0.4482758620689653,0.6981674452030183,0.0,0.9330127018922194,0.2500000000000001,0.0,0.0,22,0.0,0.0,0.0,0.0,0.0,0.0,0.0,0.0,0.0,0.0,0.0,0.0,0.0,0.0,0.0,0.0,0.0,0.0,0.0,0.0,0.0,0.0,1.0,0.0,0.0,0.0,train
439,2024,Mei,SBR,Stroberi,0,0,0,0,0,0,0.0,0,0,0.0,0,0.0,0.0,5,1,False,2024-05-01,0.5172413793103443,0.6126482213438734,0.0,0.75,0.06698729810778065,0.0,0.0,22,0.0,0.0,0.0,0.0,0.0,0.0,0.0,0.0,0.0,0.0,0.0,0.0,0.0,0.0,0.0,0.0,0.0,0.0,0.0,0.0,0.0,0.0,1.0,0.0,0.0,0.0,train
465,2024,Juni,SBR,Stroberi,0,0,0,0,0,0,0.0,0,0,0.0,0,0.0,0.0,6,1,False,2024-06-01,0.2068965517241379,0.6658282429033416,0.0,0.5000000000000001,0.0,0.0,0.0,22,0.0,0.0,0.0,0.0,0.0,0.0,0.0,0.0,0.0,0.0,0.0,0.0,0.0,0.0,0.0,0.0,0.0,0.0,0.0,0.0,0.0,0.0,1.0,0.0,0.0,0.0,train
491,2024,Juli,SBR,Stroberi,0,0,0,0,0,0,0.0,0,0,0.0,0,0.0,0.0,7,1,False,2024-07-01,0.068965517241379,0.02227811713977723,0.0,0.2500000000000001,0.06698729810778059,0.0,0.0,22,0.0,0.0,0.0,0.0,0.0,0.0,0.0,0.0,0.0,0.0,0.0,0.0,0.0,0.0,0.0,0.0,0.0,0.0,0.0,0.0,0.0,0.0,1.0,0.0,0.0,0.0,train
517,2024,Agustus,SBR,Stroberi,0,0,0,0,0,0,0.0,0,0,0.0,0,0.0,0.0,8,1,False,2024-08-01,0.3793103448275863,0.0,0.0,0.06698729810778081,0.24999999999999978,0.0,0.0,22,0.0,0.0,0.0,0.0,0.0,0.0,0.0,0.0,0.0,0.0,0.0,0.0,0.0,0.0,0.0,0.0,0.0,0.0,0.0,0.0,0.0,0.0,1.0,0.0,0.0,0.0,train
543,2024,September,SBR,Stroberi,0,0,0,0,0,0,0.0,0,0,0.0,0,0.0,0.0,9,1,False,2024-09-01,0.3793103448275863,0.22385914480776137,0.0,0.0,0.4999999999999999,0.0,0.0,22,0.0,0.0,0.0,0.0,0.0,0.0,0.0,0.0,0.0,0.0,0.0,0.0,0.0,0.0,0.0,0.0,0.0,0.0,0.0,0.0,0.0,0.0,1.0,0.0,0.0,0.0,train
569,2024,Oktober,SBR,Stroberi,0,0,0,0,0,0,0.0,0,0,0.0,0,0.0,0.0,10,1,False,2024-10-01,0.5517241379310347,0.6572044556234279,0.0,0.0669872981077807,0.75,0.0,0.0,22,0.0,0.0,0.0,0.0,0.0,0.0,0.0,0.0,0.0,0.0,0.0,0.0,0.0,0.0,0.0,0.0,0.0,0.0,0.0,0.0,0.0,0.0,1.0,0.0,0.0,0.0,train
595,2024,November,SBR,Stroberi,0,0,0,0,0,0,0.0,0,0,0.0,0,0.0,0.0,11,1,False,2024-11-01,0.2413793103448283,0.9999999999999999,0.0,0.24999999999999978,0.9330127018922192,0.0,0.0,22,0.0,0.0,0.0,0.0,0.0,0.0,0.0,0.0,0.0,0.0,0.0,0.0,0.0,0.0,0.0,0.0,0.0,0.0,0.0,0.0,0.0,0.0,1.0,0.0,0.0,0.0,train
621,2024,Desember,SBR,Stroberi,0,0,0,0,0,0,0.0,0,0,0.0,0,0.0,0.0,12,1,False,2024-12-01,0.1724137931034484,0.9690980955803089,0.0,0.4999999999999999,1.0,0.0,0.0,22,0.0,0.0,0.0,0.0,0.0,0.0,0.0,0.0,0.0,0.0,0.0,0.0,0.0,0.0,0.0,0.0,0.0,0.0,0.0,0.0,0.0,0.0,1.0,0.0,0.0,0.0,train
647,2025,Januari,SBR,Stroberi,0,0,0,0,0,0,0.0,0,0,0.0,0,0.0,0.0,1,1,False,2025-01-01,0.03448275862069039,0.6015091627739849,0.0,0.75,0.9330127018922194,0.0,0.0,22,0.0,0.0,0.0,0.0,0.0,0.0,0.0,0.0,0.0,0.0,0.0,0.0,0.0,0.0,0.0,0.0,0.0,0.0,0.0,0.0,0.0,0.0,1.0,0.0,0.0,0.0,train
673,2025,Februari,SBR,Stroberi,0,0,0,0,0,0,0.0,0,0,0.0,0,0.0,0.0,2,1,False,2025-02-01,0.0,0.6845131153431548,0.0,0.9330127018922193,0.75,0.0,0.0,22,0.0,0.0,0.0,0.0,0.0,0.0,0.0,0.0,0.0,0.0,0.0,0.0,0.0,0.0,0.0,0.0,0.0,0.0,0.0,0.0,0.0,0.0,1.0,0.0,0.0,0.0,train
699,2025,Maret,SBR,Stroberi,0,0,0,0,0,0,0.0,0,0,0.0,0,0.0,0.0,3,1,False,2025-03-01,0.1724137931034484,0.7240388070427596,0.0,1.0,0.5,0.0,0.0,22,0.0,0.0,0.0,0.0,0.0,0.0,0.0,0.0,0.0,0.0,0.0,0.0,0.0,0.0,0.0,0.0,0.0,0.0,0.0,0.0,0.0,0.0,1.0,0.0,0.0,0.0,train
725,2025,April,SBR,Stroberi,0,0,0,0,0,0,0.0,0,0,0.0,0,0.0,0.0,4,1,False,2025-04-01,0.13793103448275978,0.6981674452030183,0.0,0.9330127018922194,0.2500000000000001,0.0,0.0,22,0.0,0.0,0.0,0.0,0.0,0.0,0.0,0.0,0.0,0.0,0.0,0.0,0.0,0.0,0.0,0.0,0.0,0.0,0.0,0.0,0.0,0.0,1.0,0.0,0.0,0.0,train
751,2025,Mei,SBR,Stroberi,0,0,0,0,0,0,0.0,0,0,0.0,0,0.0,0.0,5,1,False,2025-05-01,0.2413793103448283,0.6126482213438734,0.0,0.75,0.06698729810778065,0.0,0.0,22,0.0,0.0,0.0,0.0,0.0,0.0,0.0,0.0,0.0,0.0,0.0,0.0,0.0,0.0,0.0,0.0,0.0,0.0,0.0,0.0,0.0,0.0,1.0,0.0,0.0,0.0,val
777,2025,Juni,SBR,Stroberi,0,0,0,0,0,0,0.0,0,0,0.0,0,0.0,0.0,6,1,False,2025-06-01,0.068965517241379,0.6658282429033416,0.0,0.5000000000000001,0.0,0.0,0.0,22,0.0,0.0,0.0,0.0,0.0,0.0,0.0,0.0,0.0,0.0,0.0,0.0,0.0,0.0,0.0,0.0,0.0,0.0,0.0,0.0,0.0,0.0,1.0,0.0,0.0,0.0,val
803,2025,Juli,SBR,Stroberi,0,0,0,0,0,0,0.0,0,0,0.0,0,0.0,0.0,7,1,False,2025-07-01,0.068965517241379,0.02227811713977723,0.0,0.2500000000000001,0.06698729810778059,0.0,0.0,22,0.0,0.0,0.0,0.0,0.0,0.0,0.0,0.0,0.0,0.0,0.0,0.0,0.0,0.0,0.0,0.0,0.0,0.0,0.0,0.0,0.0,0.0,1.0,0.0,0.0,0.0,val
829,2025,Agustus,SBR,Stroberi,0,0,0,0,0,0,0.0,0,0,0.0,0,0.0,0.0,8,1,False,2025-08-01,0.068965517241379,0.0,0.0,0.06698729810778081,0.24999999999999978,0.0,0.0,22,0.0,0.0,0.0,0.0,0.0,0.0,0.0,0.0,0.0,0.0,0.0,0.0,0.0,0.0,0.0,0.0,0.0,0.0,0.0,0.0,0.0,0.0,1.0,0.0,0.0,0.0,val
855,2025,September,SBR,Stroberi,0,0,0,0,0,0,0.0,0,0,0.0,0,0.0,0.0,9,1,False,2025-09-01,0.2758620689655169,0.22385914480776137,0.0,0.0,0.4999999999999999,0.0,0.0,22,0.0,0.0,0.0,0.0,0.0,0.0,0.0,0.0,0.0,0.0,0.0,0.0,0.0,0.0,0.0,0.0,0.0,0.0,0.0,0.0,0.0,0.0,1.0,0.0,0.0,0.0,val
881,2025,Oktober,SBR,Stroberi,0,0,0,0,0,0,0.0,0,0,0.0,0,0.0,0.0,10,1,False,2025-10-01,0.4137931034482749,0.6572044556234279,0.0,0.0669872981077807,0.75,0.0,0.0,22,0.0,0.0,0.0,0.0,0.0,0.0,0.0,0.0,0.0,0.0,0.0,0.0,0.0,0.0,0.0,0.0,0.0,0.0,0.0,0.0,0.0,0.0,1.0,0.0,0.0,0.0,test
907,2025,November,SBR,Stroberi,0,0,0,0,0,0,0.0,0,0,0.0,0,0.0,0.0,11,1,False,2025-11-01,0.2758620689655169,0.9999999999999999,0.0,0.24999999999999978,0.9330127018922192,0.0,0.0,22,0.0,0.0,0.0,0.0,0.0,0.0,0.0,0.0,0.0,0.0,0.0,0.0,0.0,0.0,0.0,0.0,0.0,0.0,0.0,0.0,0.0,0.0,1.0,0.0,0.0,0.0,test
933,2025,Desember,SBR,Stroberi,0,0,0,0,0,0,0.0,0,0,0.0,0,0.0,0.0,12,1,False,2025-12-01,0.1724137931034484,0.9690980955803089,0.0,0.4999999999999999,1.0,0.0,0.0,22,0.0,0.0,0.0,0.0,0.0,0.0,0.0,0.0,0.0,0.0,0.0,0.0,0.0,0.0,0.0,0.0,0.0,0.0,0.0,0.0,0.0,0.0,1.0,0.0,0.0,0.0,test
961,2026,Januari,SBR,Stroberi,0,0,0,0,0,0,0.0,0,0,0.0,0,0.0,0.0,1,1,False,2026-01-01,-0.1724137931034475,0.6015091627739849,0.0,0.75,0.9330127018922194,0.0,0.0,22,0.0,0.0,0.0,0.0,0.0,0.0,0.0,0.0,0.0,0.0,0.0,0.0,0.0,0.0,0.0,0.0,0.0,0.0,0.0,0.0,0.0,0.0,1.0,0.0,0.0,0.0,test
989,2026,Februari,SBR,Stroberi,0,0,0,0,0,0,0.0,0,0,0.0,0,0.0,0.0,2,1,False,2026-02-01,-0.068965517241379,0.6884656845131153,0.0,0.9330127018922193,0.75,0.0,0.0,22,0.0,0.0,0.0,0.0,0.0,0.0,0.0,0.0,0.0,0.0,0.0,0.0,0.0,0.0,0.0,0.0,0.0,0.0,0.0,0.0,0.0,0.0,1.0,0.0,0.0,0.0,test
1017,2026,Maret,SBR,Stroberi,0,0,0,0,0,0,0.0,0,0,0.0,0,0.0,0.0,3,1,False,2026-03-01,0.1034482758620694,0.7226015091627739,0.0,1.0,0.5,0.0,0.0,22,0.0,0.0,0.0,0.0,0.0,0.0,0.0,0.0,0.0,0.0,0.0,0.0,0.0,0.0,0.0,0.0,0.0,0.0,0.0,0.0,0.0,0.0,1.0,0.0,0.0,0.0,test
102,2023,April,TRG,Terung,15,4,11,0,4,15,320.0,880,4000,32000.0,88000,0.375,0.8823529411764706,4,0,False,2023-04-01,0.2068965517241379,0.6981674452030183,0.0,0.9330127018922194,0.2500000000000001,0.4,0.5289256198347108,23,0.0,0.0,0.0,0.0,0.0,0.0,0.0,0.0,0.0,0.0,0.0,0.0,0.0,0.0,0.0,0.0,0.0,0.0,0.0,0.0,0.0,0.0,0.0,1.0,0.0,0.0,train
128,2023,Mei,TRG,Terung,15,0,15,0,0,15,0.0,1200,4000,0.0,120000,0.375,0.8823529411764706,5,0,False,2023-05-01,0.3103448275862073,0.6126482213438734,0.0,0.75,0.06698729810778065,0.375,0.5818181818181818,23,0.0,0.0,0.0,0.0,0.0,0.0,0.0,0.0,0.0,0.0,0.0,0.0,0.0,0.0,0.0,0.0,0.0,0.0,0.0,0.0,0.0,0.0,0.0,1.0,0.0,0.0,train
154,2023,Juni,TRG,Terung,15,0,0,0,0,15,0.0,0,5345,0.0,0,0.0,0.0,6,1,False,2023-06-01,0.2068965517241379,0.6658282429033416,0.0,0.5000000000000001,0.0,0.375,0.6082644628099174,23,0.0,0.0,0.0,0.0,0.0,0.0,0.0,0.0,0.0,0.0,0.0,0.0,0.0,0.0,0.0,0.0,0.0,0.0,0.0,0.0,0.0,0.0,0.0,1.0,0.0,0.0,train
180,2023,Juli,TRG,Terung,15,2,0,0,2,15,120.0,0,4300,12000.0,0,0.0375,0.11764705882352941,7,0,False,2023-07-01,0.1034482758620694,0.02227811713977723,0.0,0.2500000000000001,0.06698729810778059,0.0,0.39669421487603307,23,0.0,0.0,0.0,0.0,0.0,0.0,0.0,0.0,0.0,0.0,0.0,0.0,0.0,0.0,0.0,0.0,0.0,0.0,0.0,0.0,0.0,0.0,0.0,1.0,0.0,0.0,train
206,2023,Agustus,TRG,Terung,15,1,0,0,1,15,70.0,0,4000,7000.0,0,0.021875000000000002,0.058823529411764705,8,0,False,2023-08-01,0.4137931034482749,0.0,0.0,0.06698729810778081,0.24999999999999978,0.0375,0.21818181818181817,23,0.0,0.0,0.0,0.0,0.0,0.0,0.0,0.0,0.0,0.0,0.0,0.0,0.0,0.0,0.0,0.0,0.0,0.0,0.0,0.0,0.0,0.0,0.0,1.0,0.0,0.0,train
232,2023,September,TRG,Terung,15,2,0,0,2,15,145.0,0,8000,14500.0,0,0.045312500000000006,0.11764705882352941,9,0,False,2023-09-01,0.7241379310344831,0.22385914480776137,0.0,0.0,0.4999999999999999,0.021875000000000002,0.031404958677685946,23,0.0,0.0,0.0,0.0,0.0,0.0,0.0,0.0,0.0,0.0,0.0,0.0,0.0,0.0,0.0,0.0,0.0,0.0,0.0,0.0,0.0,0.0,0.0,1.0,0.0,0.0,train
258,2023,Oktober,TRG,Terung,15,4,0,0,4,15,280.0,0,8000,28000.0,0,0.08750000000000001,0.23529411764705882,10,0,False,2023-10-01,1.0000000000000009,0.6572044556234279,0.0,0.0669872981077807,0.75,0.045312500000000006,0.05537190082644628,23,0.0,0.0,0.0,0.0,0.0,0.0,0.0,0.0,0.0,0.0,0.0,0.0,0.0,0.0,0.0,0.0,0.0,0.0,0.0,0.0,0.0,0.0,0.0,1.0,0.0,0.0,train
284,2023,November,TRG,Terung,15,7,8,0,7,15,525.0,600,7000,52500.0,60000,0.3515625,0.8823529411764706,11,0,False,2023-11-01,0.4827586206896557,0.9999999999999999,0.0,0.24999999999999978,0.9330127018922192,0.08750000000000001,0.08181818181818182,23,0.0,0.0,0.0,0.0,0.0,0.0,0.0,0.0,0.0,0.0,0.0,0.0,0.0,0.0,0.0,0.0,0.0,0.0,0.0,0.0,0.0,0.0,0.0,1.0,0.0,0.0,train
310,2023,Desember,TRG,Terung,15,5,0,0,5,15,400.0,0,7000,40000.0,0,0.125,0.29411764705882354,12,0,False,2023-12-01,0.4137931034482749,0.9690980955803089,0.0,0.4999999999999999,1.0,0.3515625,0.256198347107438,23,0.0,0.0,0.0,0.0,0.0,0.0,0.0,0.0,0.0,0.0,0.0,0.0,0.0,0.0,0.0,0.0,0.0,0.0,0.0,0.0,0.0,0.0,0.0,1.0,0.0,0.0,train
336,2024,Januari,TRG,Terung,15,5,10,0,8,18,750.0,1500,6000,75000.0,150000,0.703125,0.8823529411764706,1,0,False,2024-01-01,0.2413793103448283,0.6015091627739849,0.0,0.75,0.9330127018922194,0.125,0.2983471074380165,23,0.0,0.0,0.0,0.0,0.0,0.0,0.0,0.0,0.0,0.0,0.0,0.0,0.0,0.0,0.0,0.0,0.0,0.0,0.0,0.0,0.0,0.0,0.0,1.0,0.0,0.0,train
362,2024,Februari,TRG,Terung,18,4,0,0,3,17,600.0,0,6000,60000.0,0,0.1875,0.23529411764705882,2,0,False,2024-02-01,0.2758620689655169,0.7236794825727632,0.0,0.9330127018922193,0.75,0.703125,0.6239669421487603,23,0.0,0.0,0.0,0.0,0.0,0.0,0.0,0.0,0.0,0.0,0.0,0.0,0.0,0.0,0.0,0.0,0.0,0.0,0.0,0.0,0.0,0.0,0.0,1.0,0.0,0.0,train
388,2024,Maret,TRG,Terung,17,4,13,0,2,15,600.0,2600,4000,60000.0,260000,1.0,1.0,3,0,True,2024-03-01,0.2413793103448283,0.7240388070427596,0.0,1.0,0.5,0.1875,0.5371900826446281,23,0.0,0.0,0.0,0.0,0.0,0.0,0.0,0.0,0.0,0.0,0.0,0.0,0.0,0.0,0.0,0.0,0.0,0.0,0.0,0.0,0.0,0.0,0.0,1.0,0.0,0.0,train
414,2024,April,TRG,Terung,0,0,0,0,0,0,0.0,0,5333,0.0,0,0.0,0.0,4,1,False,2024-04-01,0.4482758620689653,0.6981674452030183,0.0,0.9330127018922194,0.2500000000000001,1.0,1.0,23,0.0,0.0,0.0,0.0,0.0,0.0,0.0,0.0,0.0,0.0,0.0,0.0,0.0,0.0,0.0,0.0,0.0,0.0,0.0,0.0,0.0,0.0,0.0,1.0,0.0,0.0,train
440,2024,Mei,TRG,Terung,0,0,0,0,0,0,0.0,0,5333,0.0,0,0.0,0.0,5,1,False,2024-05-01,0.5172413793103443,0.6126482213438734,0.0,0.75,0.06698729810778065,0.0,0.628099173553719,23,0.0,0.0,0.0,0.0,0.0,0.0,0.0,0.0,0.0,0.0,0.0,0.0,0.0,0.0,0.0,0.0,0.0,0.0,0.0,0.0,0.0,0.0,0.0,1.0,0.0,0.0,train
466,2024,Juni,TRG,Terung,0,0,0,0,0,0,0.0,0,5333,0.0,0,0.0,0.0,6,1,False,2024-06-01,0.2068965517241379,0.6658282429033416,0.0,0.5000000000000001,0.0,0.0,0.5289256198347108,23,0.0,0.0,0.0,0.0,0.0,0.0,0.0,0.0,0.0,0.0,0.0,0.0,0.0,0.0,0.0,0.0,0.0,0.0,0.0,0.0,0.0,0.0,0.0,1.0,0.0,0.0,train
492,2024,Juli,TRG,Terung,0,0,0,0,0,0,0.0,0,5333,0.0,0,0.0,0.0,7,1,False,2024-07-01,0.068965517241379,0.02227811713977723,0.0,0.2500000000000001,0.06698729810778059,0.0,0.0,23,0.0,0.0,0.0,0.0,0.0,0.0,0.0,0.0,0.0,0.0,0.0,0.0,0.0,0.0,0.0,0.0,0.0,0.0,0.0,0.0,0.0,0.0,0.0,1.0,0.0,0.0,train
518,2024,Agustus,TRG,Terung,0,0,0,0,0,0,0.0,0,5333,0.0,0,0.0,0.0,8,1,False,2024-08-01,0.3793103448275863,0.0,0.0,0.06698729810778081,0.24999999999999978,0.0,0.0,23,0.0,0.0,0.0,0.0,0.0,0.0,0.0,0.0,0.0,0.0,0.0,0.0,0.0,0.0,0.0,0.0,0.0,0.0,0.0,0.0,0.0,0.0,0.0,1.0,0.0,0.0,train
544,2024,September,TRG,Terung,0,0,0,0,0,0,0.0,0,5333,0.0,0,0.0,0.0,9,1,False,2024-09-01,0.3793103448275863,0.22385914480776137,0.0,0.0,0.4999999999999999,0.0,0.0,23,0.0,0.0,0.0,0.0,0.0,0.0,0.0,0.0,0.0,0.0,0.0,0.0,0.0,0.0,0.0,0.0,0.0,0.0,0.0,0.0,0.0,0.0,0.0,1.0,0.0,0.0,train
570,2024,Oktober,TRG,Terung,0,0,0,0,0,0,0.0,0,5333,0.0,0,0.0,0.0,10,1,False,2024-10-01,0.5517241379310347,0.6572044556234279,0.0,0.0669872981077807,0.75,0.0,0.0,23,0.0,0.0,0.0,0.0,0.0,0.0,0.0,0.0,0.0,0.0,0.0,0.0,0.0,0.0,0.0,0.0,0.0,0.0,0.0,0.0,0.0,0.0,0.0,1.0,0.0,0.0,train
596,2024,November,TRG,Terung,0,0,0,0,0,0,0.0,0,5333,0.0,0,0.0,0.0,11,1,False,2024-11-01,0.2413793103448283,0.9999999999999999,0.0,0.24999999999999978,0.9330127018922192,0.0,0.0,23,0.0,0.0,0.0,0.0,0.0,0.0,0.0,0.0,0.0,0.0,0.0,0.0,0.0,0.0,0.0,0.0,0.0,0.0,0.0,0.0,0.0,0.0,0.0,1.0,0.0,0.0,train
622,2024,Desember,TRG,Terung,0,0,0,0,0,0,0.0,0,5333,0.0,0,0.0,0.0,12,1,False,2024-12-01,0.1724137931034484,0.9690980955803089,0.0,0.4999999999999999,1.0,0.0,0.0,23,0.0,0.0,0.0,0.0,0.0,0.0,0.0,0.0,0.0,0.0,0.0,0.0,0.0,0.0,0.0,0.0,0.0,0.0,0.0,0.0,0.0,0.0,0.0,1.0,0.0,0.0,train
648,2025,Januari,TRG,Terung,11,0,11,0,2,13,0.0,880,4500,0.0,88000,0.275,0.6470588235294118,1,0,False,2025-01-01,0.03448275862069039,0.6015091627739849,0.0,0.75,0.9330127018922194,0.0,0.0,23,0.0,0.0,0.0,0.0,0.0,0.0,0.0,0.0,0.0,0.0,0.0,0.0,0.0,0.0,0.0,0.0,0.0,0.0,0.0,0.0,0.0,0.0,0.0,1.0,0.0,0.0,train
674,2025,Februari,TRG,Terung,13,3,10,0,6,16,240.0,800,4000,24000.0,80000,0.325,0.7647058823529411,2,0,False,2025-02-01,0.0,0.6845131153431548,0.0,0.9330127018922193,0.75,0.275,0.14545454545454545,23,0.0,0.0,0.0,0.0,0.0,0.0,0.0,0.0,0.0,0.0,0.0,0.0,0.0,0.0,0.0,0.0,0.0,0.0,0.0,0.0,0.0,0.0,0.0,1.0,0.0,0.0,train
700,2025,Maret,TRG,Terung,16,3,13,0,2,15,240.0,1040,4000,24000.0,104000,0.4,0.9411764705882353,3,0,False,2025-03-01,0.1724137931034484,0.7240388070427596,0.0,1.0,0.5,0.325,0.31735537190082647,23,0.0,0.0,0.0,0.0,0.0,0.0,0.0,0.0,0.0,0.0,0.0,0.0,0.0,0.0,0.0,0.0,0.0,0.0,0.0,0.0,0.0,0.0,0.0,1.0,0.0,0.0,train
726,2025,April,TRG,Terung,15,4,11,0,4,15,320.0,880,4000,32000.0,88000,0.375,0.8823529411764706,4,0,False,2025-04-01,0.13793103448275978,0.6981674452030183,0.0,0.9330127018922194,0.2500000000000001,0.4,0.5289256198347108,23,0.0,0.0,0.0,0.0,0.0,0.0,0.0,0.0,0.0,0.0,0.0,0.0,0.0,0.0,0.0,0.0,0.0,0.0,0.0,0.0,0.0,0.0,0.0,1.0,0.0,0.0,train
752,2025,Mei,TRG,Terung,15,0,15,0,0,15,0.0,1200,4000,0.0,120000,0.375,0.8823529411764706,5,0,False,2025-05-01,0.2413793103448283,0.6126482213438734,0.0,0.75,0.06698729810778065,0.375,0.5818181818181818,23,0.0,0.0,0.0,0.0,0.0,0.0,0.0,0.0,0.0,0.0,0.0,0.0,0.0,0.0,0.0,0.0,0.0,0.0,0.0,0.0,0.0,0.0,0.0,1.0,0.0,0.0,val
778,2025,Juni,TRG,Terung,15,0,0,0,0,15,0.0,0,0,0.0,0,0.0,0.0,6,1,False,2025-06-01,0.068965517241379,0.6658282429033416,0.0,0.5000000000000001,0.0,0.375,0.6082644628099174,23,0.0,0.0,0.0,0.0,0.0,0.0,0.0,0.0,0.0,0.0,0.0,0.0,0.0,0.0,0.0,0.0,0.0,0.0,0.0,0.0,0.0,0.0,0.0,1.0,0.0,0.0,val
804,2025,Juli,TRG,Terung,15,2,0,0,2,15,120.0,0,4300,12000.0,0,0.0375,0.11764705882352941,7,0,False,2025-07-01,0.068965517241379,0.02227811713977723,0.0,0.2500000000000001,0.06698729810778059,0.0,0.39669421487603307,23,0.0,0.0,0.0,0.0,0.0,0.0,0.0,0.0,0.0,0.0,0.0,0.0,0.0,0.0,0.0,0.0,0.0,0.0,0.0,0.0,0.0,0.0,0.0,1.0,0.0,0.0,val
830,2025,Agustus,TRG,Terung,15,1,0,0,1,15,70.0,0,4000,7000.0,0,0.021875000000000002,0.058823529411764705,8,0,False,2025-08-01,0.068965517241379,0.0,0.0,0.06698729810778081,0.24999999999999978,0.0375,0.21818181818181817,23,0.0,0.0,0.0,0.0,0.0,0.0,0.0,0.0,0.0,0.0,0.0,0.0,0.0,0.0,0.0,0.0,0.0,0.0,0.0,0.0,0.0,0.0,0.0,1.0,0.0,0.0,val
856,2025,September,TRG,Terung,15,2,0,0,2,15,145.0,0,8000,14500.0,0,0.045312500000000006,0.11764705882352941,9,0,False,2025-09-01,0.2758620689655169,0.22385914480776137,0.0,0.0,0.4999999999999999,0.021875000000000002,0.031404958677685946,23,0.0,0.0,0.0,0.0,0.0,0.0,0.0,0.0,0.0,0.0,0.0,0.0,0.0,0.0,0.0,0.0,0.0,0.0,0.0,0.0,0.0,0.0,0.0,1.0,0.0,0.0,val
882,2025,Oktober,TRG,Terung,15,4,0,0,4,15,280.0,0,8000,28000.0,0,0.08750000000000001,0.23529411764705882,10,0,False,2025-10-01,0.4137931034482749,0.6572044556234279,0.0,0.0669872981077807,0.75,0.045312500000000006,0.05537190082644628,23,0.0,0.0,0.0,0.0,0.0,0.0,0.0,0.0,0.0,0.0,0.0,0.0,0.0,0.0,0.0,0.0,0.0,0.0,0.0,0.0,0.0,0.0,0.0,1.0,0.0,0.0,test
908,2025,November,TRG,Terung,15,7,8,0,7,15,525.0,600,7000,52500.0,60000,0.3515625,0.8823529411764706,11,0,False,2025-11-01,0.2758620689655169,0.9999999999999999,0.0,0.24999999999999978,0.9330127018922192,0.08750000000000001,0.08181818181818182,23,0.0,0.0,0.0,0.0,0.0,0.0,0.0,0.0,0.0,0.0,0.0,0.0,0.0,0.0,0.0,0.0,0.0,0.0,0.0,0.0,0.0,0.0,0.0,1.0,0.0,0.0,test
934,2025,Desember,TRG,Terung,15,5,0,0,5,15,400.0,0,7000,40000.0,0,0.125,0.29411764705882354,12,0,False,2025-12-01,0.1724137931034484,0.9690980955803089,0.0,0.4999999999999999,1.0,0.3515625,0.256198347107438,23,0.0,0.0,0.0,0.0,0.0,0.0,0.0,0.0,0.0,0.0,0.0,0.0,0.0,0.0,0.0,0.0,0.0,0.0,0.0,0.0,0.0,0.0,0.0,1.0,0.0,0.0,test
962,2026,Januari,TRG,Terung,15,5,10,0,8,18,750.0,1500,6000,75000.0,150000,0.703125,0.8823529411764706,1,0,False,2026-01-01,-0.1724137931034475,0.6015091627739849,0.0,0.75,0.9330127018922194,0.125,0.2983471074380165,23,0.0,0.0,0.0,0.0,0.0,0.0,0.0,0.0,0.0,0.0,0.0,0.0,0.0,0.0,0.0,0.0,0.0,0.0,0.0,0.0,0.0,0.0,0.0,1.0,0.0,0.0,test
990,2026,Februari,TRG,Terung,18,4,0,0,3,17,600.0,0,6000,60000.0,0,0.1875,0.23529411764705882,2,0,False,2026-02-01,-0.068965517241379,0.6884656845131153,0.0,0.9330127018922193,0.75,0.703125,0.6239669421487603,23,0.0,0.0,0.0,0.0,0.0,0.0,0.0,0.0,0.0,0.0,0.0,0.0,0.0,0.0,0.0,0.0,0.0,0.0,0.0,0.0,0.0,0.0,0.0,1.0,0.0,0.0,test
1018,2026,Maret,TRG,Terung,17,4,13,0,2,15,600.0,2600,4000,60000.0,260000,1.0,1.0,3,0,True,2026-03-01,0.1034482758620694,0.7226015091627739,0.0,1.0,0.5,0.1875,0.5371900826446281,23,0.0,0.0,0.0,0.0,0.0,0.0,0.0,0.0,0.0,0.0,0.0,0.0,0.0,0.0,0.0,0.0,0.0,0.0,0.0,0.0,0.0,0.0,0.0,1.0,0.0,0.0,test
103,2023,April,TMT,Tomat,13,1,12,0,1,13,100.0,1200,35000,10000.0,120000,0.5,0.9285714285714285,4,0,False,2023-04-01,0.2068965517241379,0.6981674452030183,0.0,0.9330127018922194,0.2500000000000001,0.5384615384615384,0.5833333333333334,24,0.0,0.0,0.0,0.0,0.0,0.0,0.0,0.0,0.0,0.0,0.0,0.0,0.0,0.0,0.0,0.0,0.0,0.0,0.0,0.0,0.0,0.0,0.0,0.0,1.0,0.0,train
129,2023,Mei,TMT,Tomat,13,1,12,0,1,13,100.0,1200,3500,10000.0,120000,0.5,0.9285714285714285,5,0,False,2023-05-01,0.3103448275862073,0.6126482213438734,0.0,0.75,0.06698729810778065,0.5,0.6166666666666667,24,0.0,0.0,0.0,0.0,0.0,0.0,0.0,0.0,0.0,0.0,0.0,0.0,0.0,0.0,0.0,0.0,0.0,0.0,0.0,0.0,0.0,0.0,0.0,0.0,1.0,0.0,train
155,2023,Juni,TMT,Tomat,13,1,12,0,1,13,90.0,1080,3500,9000.0,108000,0.44999999999999996,0.9285714285714285,6,0,False,2023-06-01,0.2068965517241379,0.6658282429033416,0.0,0.5000000000000001,0.0,0.5,0.6666666666666667,24,0.0,0.0,0.0,0.0,0.0,0.0,0.0,0.0,0.0,0.0,0.0,0.0,0.0,0.0,0.0,0.0,0.0,0.0,0.0,0.0,0.0,0.0,0.0,0.0,1.0,0.0,train
181,2023,Juli,TMT,Tomat,13,2,0,0,2,13,120.0,0,8000,12000.0,0,0.04615384615384615,0.14285714285714285,7,0,False,2023-07-01,0.1034482758620694,0.02227811713977723,0.0,0.2500000000000001,0.06698729810778059,0.44999999999999996,0.6283333333333334,24,0.0,0.0,0.0,0.0,0.0,0.0,0.0,0.0,0.0,0.0,0.0,0.0,0.0,0.0,0.0,0.0,0.0,0.0,0.0,0.0,0.0,0.0,0.0,0.0,1.0,0.0,train
207,2023,Agustus,TMT,Tomat,13,1,0,0,1,13,80.0,0,6000,8000.0,0,0.030769230769230767,0.07142857142857142,8,0,False,2023-08-01,0.4137931034482749,0.0,0.0,0.06698729810778081,0.24999999999999978,0.04615384615384615,0.4316666666666667,24,0.0,0.0,0.0,0.0,0.0,0.0,0.0,0.0,0.0,0.0,0.0,0.0,0.0,0.0,0.0,0.0,0.0,0.0,0.0,0.0,0.0,0.0,0.0,0.0,1.0,0.0,train
233,2023,September,TMT,Tomat,13,4,0,0,4,13,280.0,0,3000,28000.0,0,0.10769230769230768,0.2857142857142857,9,0,False,2023-09-01,0.7241379310344831,0.22385914480776137,0.0,0.0,0.4999999999999999,0.030769230769230767,0.22833333333333333,24,0.0,0.0,0.0,0.0,0.0,0.0,0.0,0.0,0.0,0.0,0.0,0.0,0.0,0.0,0.0,0.0,0.0,0.0,0.0,0.0,0.0,0.0,0.0,0.0,1.0,0.0,train
259,2023,Oktober,TMT,Tomat,13,4,0,0,4,13,280.0,0,5000,28000.0,0,0.10769230769230768,0.2857142857142857,10,0,False,2023-10-01,1.0000000000000009,0.6572044556234279,0.0,0.0669872981077807,0.75,0.10769230769230768,0.08,24,0.0,0.0,0.0,0.0,0.0,0.0,0.0,0.0,0.0,0.0,0.0,0.0,0.0,0.0,0.0,0.0,0.0,0.0,0.0,0.0,0.0,0.0,0.0,0.0,1.0,0.0,train
285,2023,November,TMT,Tomat,13,7,6,0,7,13,525.0,450,3000,52500.0,45000,0.375,0.9285714285714285,11,0,False,2023-11-01,0.4827586206896557,0.9999999999999999,0.0,0.24999999999999978,0.9330127018922192,0.10769230769230768,0.10666666666666667,24,0.0,0.0,0.0,0.0,0.0,0.0,0.0,0.0,0.0,0.0,0.0,0.0,0.0,0.0,0.0,0.0,0.0,0.0,0.0,0.0,0.0,0.0,0.0,0.0,1.0,0.0,train
311,2023,Desember,TMT,Tomat,13,2,0,0,2,13,160.0,0,3000,16000.0,0,0.061538461538461535,0.14285714285714285,12,0,False,2023-12-01,0.4137931034482749,0.9690980955803089,0.0,0.4999999999999999,1.0,0.375,0.25583333333333336,24,0.0,0.0,0.0,0.0,0.0,0.0,0.0,0.0,0.0,0.0,0.0,0.0,0.0,0.0,0.0,0.0,0.0,0.0,0.0,0.0,0.0,0.0,0.0,0.0,1.0,0.0,train
337,2024,Januari,TMT,Tomat,13,4,9,0,5,14,800.0,1800,5000,80000.0,180000,1.0,0.9285714285714285,1,0,False,2024-01-01,0.2413793103448283,0.6015091627739849,0.0,0.75,0.9330127018922194,0.061538461538461535,0.23583333333333334,24,0.0,0.0,0.0,0.0,0.0,0.0,0.0,0.0,0.0,0.0,0.0,0.0,0.0,0.0,0.0,0.0,0.0,0.0,0.0,0.0,0.0,0.0,0.0,0.0,1.0,0.0,train
363,2024,Februari,TMT,Tomat,14,4,0,0,3,13,800.0,0,4000,80000.0,0,0.30769230769230765,0.2857142857142857,2,0,False,2024-02-01,0.2758620689655169,0.7236794825727632,0.0,0.9330127018922193,0.75,1.0,0.6225,24,0.0,0.0,0.0,0.0,0.0,0.0,0.0,0.0,0.0,0.0,0.0,0.0,0.0,0.0,0.0,0.0,0.0,0.0,0.0,0.0,0.0,0.0,0.0,0.0,1.0,0.0,train
389,2024,Maret,TMT,Tomat,13,4,9,0,2,11,800.0,1800,4000,80000.0,180000,1.0,0.9285714285714285,3,0,False,2024-03-01,0.2413793103448283,0.7240388070427596,0.0,1.0,0.5,0.30769230769230765,0.5933333333333334,24,0.0,0.0,0.0,0.0,0.0,0.0,0.0,0.0,0.0,0.0,0.0,0.0,0.0,0.0,0.0,0.0,0.0,0.0,0.0,0.0,0.0,0.0,0.0,0.0,1.0,0.0,train
415,2024,April,TMT,Tomat,0,0,0,0,0,0,0.0,0,4333,0.0,0,0.0,0.0,4,1,False,2024-04-01,0.4482758620689653,0.6981674452030183,0.0,0.9330127018922194,0.2500000000000001,1.0,1.0,24,0.0,0.0,0.0,0.0,0.0,0.0,0.0,0.0,0.0,0.0,0.0,0.0,0.0,0.0,0.0,0.0,0.0,0.0,0.0,0.0,0.0,0.0,0.0,0.0,1.0,0.0,train
441,2024,Mei,TMT,Tomat,0,0,0,0,0,0,0.0,0,4333,0.0,0,0.0,0.0,5,1,False,2024-05-01,0.5172413793103443,0.6126482213438734,0.0,0.75,0.06698729810778065,0.0,0.5666666666666667,24,0.0,0.0,0.0,0.0,0.0,0.0,0.0,0.0,0.0,0.0,0.0,0.0,0.0,0.0,0.0,0.0,0.0,0.0,0.0,0.0,0.0,0.0,0.0,0.0,1.0,0.0,train
467,2024,Juni,TMT,Tomat,0,0,0,0,0,0,0.0,0,4333,0.0,0,0.0,0.0,6,1,False,2024-06-01,0.2068965517241379,0.6658282429033416,0.0,0.5000000000000001,0.0,0.0,0.4333333333333334,24,0.0,0.0,0.0,0.0,0.0,0.0,0.0,0.0,0.0,0.0,0.0,0.0,0.0,0.0,0.0,0.0,0.0,0.0,0.0,0.0,0.0,0.0,0.0,0.0,1.0,0.0,train
493,2024,Juli,TMT,Tomat,0,0,0,0,0,0,0.0,0,4333,0.0,0,0.0,0.0,7,1,False,2024-07-01,0.068965517241379,0.02227811713977723,0.0,0.2500000000000001,0.06698729810778059,0.0,0.0,24,0.0,0.0,0.0,0.0,0.0,0.0,0.0,0.0,0.0,0.0,0.0,0.0,0.0,0.0,0.0,0.0,0.0,0.0,0.0,0.0,0.0,0.0,0.0,0.0,1.0,0.0,train
519,2024,Agustus,TMT,Tomat,0,0,0,0,0,0,0.0,0,4333,0.0,0,0.0,0.0,8,1,False,2024-08-01,0.3793103448275863,0.0,0.0,0.06698729810778081,0.24999999999999978,0.0,0.0,24,0.0,0.0,0.0,0.0,0.0,0.0,0.0,0.0,0.0,0.0,0.0,0.0,0.0,0.0,0.0,0.0,0.0,0.0,0.0,0.0,0.0,0.0,0.0,0.0,1.0,0.0,train
545,2024,September,TMT,Tomat,0,0,0,0,0,0,0.0,0,4333,0.0,0,0.0,0.0,9,1,False,2024-09-01,0.3793103448275863,0.22385914480776137,0.0,0.0,0.4999999999999999,0.0,0.0,24,0.0,0.0,0.0,0.0,0.0,0.0,0.0,0.0,0.0,0.0,0.0,0.0,0.0,0.0,0.0,0.0,0.0,0.0,0.0,0.0,0.0,0.0,0.0,0.0,1.0,0.0,train
571,2024,Oktober,TMT,Tomat,0,0,0,0,0,0,0.0,0,4333,0.0,0,0.0,0.0,10,1,False,2024-10-01,0.5517241379310347,0.6572044556234279,0.0,0.0669872981077807,0.75,0.0,0.0,24,0.0,0.0,0.0,0.0,0.0,0.0,0.0,0.0,0.0,0.0,0.0,0.0,0.0,0.0,0.0,0.0,0.0,0.0,0.0,0.0,0.0,0.0,0.0,0.0,1.0,0.0,train
597,2024,November,TMT,Tomat,0,0,0,0,0,0,0.0,0,4333,0.0,0,0.0,0.0,11,1,False,2024-11-01,0.2413793103448283,0.9999999999999999,0.0,0.24999999999999978,0.9330127018922192,0.0,0.0,24,0.0,0.0,0.0,0.0,0.0,0.0,0.0,0.0,0.0,0.0,0.0,0.0,0.0,0.0,0.0,0.0,0.0,0.0,0.0,0.0,0.0,0.0,0.0,0.0,1.0,0.0,train
623,2024,Desember,TMT,Tomat,0,0,0,0,0,0,0.0,0,4333,0.0,0,0.0,0.0,12,1,False,2024-12-01,0.1724137931034484,0.9690980955803089,0.0,0.4999999999999999,1.0,0.0,0.0,24,0.0,0.0,0.0,0.0,0.0,0.0,0.0,0.0,0.0,0.0,0.0,0.0,0.0,0.0,0.0,0.0,0.0,0.0,0.0,0.0,0.0,0.0,0.0,0.0,1.0,0.0,train
649,2025,Januari,TMT,Tomat,11,4,7,0,3,10,400.0,700,4000,40000.0,70000,0.4230769230769231,0.7857142857142857,1,0,False,2025-01-01,0.03448275862069039,0.6015091627739849,0.0,0.75,0.9330127018922194,0.0,0.0,24,0.0,0.0,0.0,0.0,0.0,0.0,0.0,0.0,0.0,0.0,0.0,0.0,0.0,0.0,0.0,0.0,0.0,0.0,0.0,0.0,0.0,0.0,0.0,0.0,1.0,0.0,train
675,2025,Februari,TMT,Tomat,10,4,6,0,8,14,400.0,600,3500,40000.0,60000,0.3846153846153846,0.7142857142857142,2,0,False,2025-02-01,0.0,0.6845131153431548,0.0,0.9330127018922193,0.75,0.4230769230769231,0.18333333333333335,24,0.0,0.0,0.0,0.0,0.0,0.0,0.0,0.0,0.0,0.0,0.0,0.0,0.0,0.0,0.0,0.0,0.0,0.0,0.0,0.0,0.0,0.0,0.0,0.0,1.0,0.0,train
701,2025,Maret,TMT,Tomat,14,3,11,0,2,13,300.0,1100,35000,30000.0,110000,0.5384615384615384,1.0,3,0,False,2025-03-01,0.1724137931034484,0.7240388070427596,0.0,1.0,0.5,0.3846153846153846,0.35000000000000003,24,0.0,0.0,0.0,0.0,0.0,0.0,0.0,0.0,0.0,0.0,0.0,0.0,0.0,0.0,0.0,0.0,0.0,0.0,0.0,0.0,0.0,0.0,0.0,0.0,1.0,0.0,train
727,2025,April,TMT,Tomat,13,1,12,0,1,13,100.0,1200,35000,10000.0,120000,0.5,0.9285714285714285,4,0,False,2025-04-01,0.13793103448275978,0.6981674452030183,0.0,0.9330127018922194,0.2500000000000001,0.5384615384615384,0.5833333333333334,24,0.0,0.0,0.0,0.0,0.0,0.0,0.0,0.0,0.0,0.0,0.0,0.0,0.0,0.0,0.0,0.0,0.0,0.0,0.0,0.0,0.0,0.0,0.0,0.0,1.0,0.0,train
753,2025,Mei,TMT,Tomat,13,1,12,0,1,13,100.0,1200,3500,10000.0,120000,0.5,0.9285714285714285,5,0,False,2025-05-01,0.2413793103448283,0.6126482213438734,0.0,0.75,0.06698729810778065,0.5,0.6166666666666667,24,0.0,0.0,0.0,0.0,0.0,0.0,0.0,0.0,0.0,0.0,0.0,0.0,0.0,0.0,0.0,0.0,0.0,0.0,0.0,0.0,0.0,0.0,0.0,0.0,1.0,0.0,val
779,2025,Juni,TMT,Tomat,13,1,12,0,1,13,90.0,1080,3500,9000.0,108000,0.44999999999999996,0.9285714285714285,6,0,False,2025-06-01,0.068965517241379,0.6658282429033416,0.0,0.5000000000000001,0.0,0.5,0.6666666666666667,24,0.0,0.0,0.0,0.0,0.0,0.0,0.0,0.0,0.0,0.0,0.0,0.0,0.0,0.0,0.0,0.0,0.0,0.0,0.0,0.0,0.0,0.0,0.0,0.0,1.0,0.0,val
805,2025,Juli,TMT,Tomat,13,2,0,0,2,13,120.0,0,8000,12000.0,0,0.04615384615384615,0.14285714285714285,7,0,False,2025-07-01,0.068965517241379,0.02227811713977723,0.0,0.2500000000000001,0.06698729810778059,0.44999999999999996,0.6283333333333334,24,0.0,0.0,0.0,0.0,0.0,0.0,0.0,0.0,0.0,0.0,0.0,0.0,0.0,0.0,0.0,0.0,0.0,0.0,0.0,0.0,0.0,0.0,0.0,0.0,1.0,0.0,val
831,2025,Agustus,TMT,Tomat,13,1,0,0,1,13,80.0,0,6000,8000.0,0,0.030769230769230767,0.07142857142857142,8,0,False,2025-08-01,0.068965517241379,0.0,0.0,0.06698729810778081,0.24999999999999978,0.04615384615384615,0.4316666666666667,24,0.0,0.0,0.0,0.0,0.0,0.0,0.0,0.0,0.0,0.0,0.0,0.0,0.0,0.0,0.0,0.0,0.0,0.0,0.0,0.0,0.0,0.0,0.0,0.0,1.0,0.0,val
857,2025,September,TMT,Tomat,13,4,0,0,4,13,280.0,0,3000,28000.0,0,0.10769230769230768,0.2857142857142857,9,0,False,2025-09-01,0.2758620689655169,0.22385914480776137,0.0,0.0,0.4999999999999999,0.030769230769230767,0.22833333333333333,24,0.0,0.0,0.0,0.0,0.0,0.0,0.0,0.0,0.0,0.0,0.0,0.0,0.0,0.0,0.0,0.0,0.0,0.0,0.0,0.0,0.0,0.0,0.0,0.0,1.0,0.0,val
883,2025,Oktober,TMT,Tomat,13,4,0,0,4,13,280.0,0,5000,28000.0,0,0.10769230769230768,0.2857142857142857,10,0,False,2025-10-01,0.4137931034482749,0.6572044556234279,0.0,0.0669872981077807,0.75,0.10769230769230768,0.08,24,0.0,0.0,0.0,0.0,0.0,0.0,0.0,0.0,0.0,0.0,0.0,0.0,0.0,0.0,0.0,0.0,0.0,0.0,0.0,0.0,0.0,0.0,0.0,0.0,1.0,0.0,test
909,2025,November,TMT,Tomat,13,7,6,0,7,13,525.0,450,3000,52500.0,45000,0.375,0.9285714285714285,11,0,False,2025-11-01,0.2758620689655169,0.9999999999999999,0.0,0.24999999999999978,0.9330127018922192,0.10769230769230768,0.10666666666666667,24,0.0,0.0,0.0,0.0,0.0,0.0,0.0,0.0,0.0,0.0,0.0,0.0,0.0,0.0,0.0,0.0,0.0,0.0,0.0,0.0,0.0,0.0,0.0,0.0,1.0,0.0,test
935,2025,Desember,TMT,Tomat,13,2,0,0,2,13,160.0,0,3000,16000.0,0,0.061538461538461535,0.14285714285714285,12,0,False,2025-12-01,0.1724137931034484,0.9690980955803089,0.0,0.4999999999999999,1.0,0.375,0.25583333333333336,24,0.0,0.0,0.0,0.0,0.0,0.0,0.0,0.0,0.0,0.0,0.0,0.0,0.0,0.0,0.0,0.0,0.0,0.0,0.0,0.0,0.0,0.0,0.0,0.0,1.0,0.0,test
963,2026,Januari,TMT,Tomat,13,4,9,0,5,14,800.0,1800,5000,80000.0,180000,1.0,0.9285714285714285,1,0,False,2026-01-01,-0.1724137931034475,0.6015091627739849,0.0,0.75,0.9330127018922194,0.061538461538461535,0.23583333333333334,24,0.0,0.0,0.0,0.0,0.0,0.0,0.0,0.0,0.0,0.0,0.0,0.0,0.0,0.0,0.0,0.0,0.0,0.0,0.0,0.0,0.0,0.0,0.0,0.0,1.0,0.0,test
991,2026,Februari,TMT,Tomat,14,4,0,0,3,13,800.0,0,4000,80000.0,0,0.30769230769230765,0.2857142857142857,2,0,False,2026-02-01,-0.068965517241379,0.6884656845131153,0.0,0.9330127018922193,0.75,1.0,0.6225,24,0.0,0.0,0.0,0.0,0.0,0.0,0.0,0.0,0.0,0.0,0.0,0.0,0.0,0.0,0.0,0.0,0.0,0.0,0.0,0.0,0.0,0.0,0.0,0.0,1.0,0.0,test
1019,2026,Maret,TMT,Tomat,13,4,9,0,2,11,800.0,1800,4000,80000.0,180000,1.0,0.9285714285714285,3,0,False,2026-03-01,0.1034482758620694,0.7226015091627739,0.0,1.0,0.5,0.30769230769230765,0.5933333333333334,24,0.0,0.0,0.0,0.0,0.0,0.0,0.0,0.0,0.0,0.0,0.0,0.0,0.0,0.0,0.0,0.0,0.0,0.0,0.0,0.0,0.0,0.0,0.0,0.0,1.0,0.0,test
104,2023,April,WTL,Wortel,4,1,0,0,1,4,180.0,0,4500,18000.0,0,0.0759493670886076,0.05555555555555555,4,0,False,2023-04-01,0.2068965517241379,0.6981674452030183,0.0,0.9330127018922194,0.2500000000000001,0.0759493670886076,0.09920999448833363,25,0.0,0.0,0.0,0.0,0.0,0.0,0.0,0.0,0.0,0.0,0.0,0.0,0.0,0.0,0.0,0.0,0.0,0.0,0.0,0.0,0.0,0.0,0.0,0.0,0.0,1.0,train
130,2023,Mei,WTL,Wortel,4,1,0,0,1,4,180.0,0,4500,18000.0,0,0.0759493670886076,0.05555555555555555,5,0,False,2023-05-01,0.3103448275862073,0.6126482213438734,0.0,0.75,0.06698729810778065,0.0759493670886076,0.09920999448833363,25,0.0,0.0,0.0,0.0,0.0,0.0,0.0,0.0,0.0,0.0,0.0,0.0,0.0,0.0,0.0,0.0,0.0,0.0,0.0,0.0,0.0,0.0,0.0,0.0,0.0,1.0,train
156,2023,Juni,WTL,Wortel,4,1,0,0,1,4,75.0,0,4500,7500.0,0,0.03164556962025317,0.05555555555555555,6,0,False,2023-06-01,0.2068965517241379,0.6658282429033416,0.0,0.5000000000000001,0.0,0.0759493670886076,0.09920999448833363,25,0.0,0.0,0.0,0.0,0.0,0.0,0.0,0.0,0.0,0.0,0.0,0.0,0.0,0.0,0.0,0.0,0.0,0.0,0.0,0.0,0.0,0.0,0.0,0.0,0.0,1.0,train
182,2023,Juli,WTL,Wortel,4,0,0,0,0,4,0.0,0,5083,0.0,0,0.0,0.0,7,1,False,2023-07-01,0.1034482758620694,0.02227811713977723,0.0,0.2500000000000001,0.06698729810778059,0.03164556962025317,0.0799191622267132,25,0.0,0.0,0.0,0.0,0.0,0.0,0.0,0.0,0.0,0.0,0.0,0.0,0.0,0.0,0.0,0.0,0.0,0.0,0.0,0.0,0.0,0.0,0.0,0.0,0.0,1.0,train
208,2023,Agustus,WTL,Wortel,4,0,0,0,0,4,0.0,0,5083,0.0,0,0.0,0.0,8,1,False,2023-08-01,0.4137931034482749,0.0,0.0,0.06698729810778081,0.24999999999999978,0.0,0.04684916406393533,25,0.0,0.0,0.0,0.0,0.0,0.0,0.0,0.0,0.0,0.0,0.0,0.0,0.0,0.0,0.0,0.0,0.0,0.0,0.0,0.0,0.0,0.0,0.0,0.0,0.0,1.0,train
234,2023,September,WTL,Wortel,4,0,0,0,0,4,0.0,0,5083,0.0,0,0.0,0.0,9,1,False,2023-09-01,0.7241379310344831,0.22385914480776137,0.0,0.0,0.4999999999999999,0.0,0.01377916590115745,25,0.0,0.0,0.0,0.0,0.0,0.0,0.0,0.0,0.0,0.0,0.0,0.0,0.0,0.0,0.0,0.0,0.0,0.0,0.0,0.0,0.0,0.0,0.0,0.0,0.0,1.0,train
260,2023,Oktober,WTL,Wortel,4,0,0,0,0,4,0.0,0,5083,0.0,0,0.0,0.0,10,1,False,2023-10-01,1.0000000000000009,0.6572044556234279,0.0,0.0669872981077807,0.75,0.0,0.0,25,0.0,0.0,0.0,0.0,0.0,0.0,0.0,0.0,0.0,0.0,0.0,0.0,0.0,0.0,0.0,0.0,0.0,0.0,0.0,0.0,0.0,0.0,0.0,0.0,0.0,1.0,train
286,2023,November,WTL,Wortel,4,0,0,0,0,4,0.0,0,5083,0.0,0,0.0,0.0,11,1,False,2023-11-01,0.4827586206896557,0.9999999999999999,0.0,0.24999999999999978,0.9330127018922192,0.0,0.0,25,0.0,0.0,0.0,0.0,0.0,0.0,0.0,0.0,0.0,0.0,0.0,0.0,0.0,0.0,0.0,0.0,0.0,0.0,0.0,0.0,0.0,0.0,0.0,0.0,0.0,1.0,train
312,2023,Desember,WTL,Wortel,4,0,0,0,0,4,0.0,0,5083,0.0,0,0.0,0.0,12,1,False,2023-12-01,0.4137931034482749,0.9690980955803089,0.0,0.4999999999999999,1.0,0.0,0.0,25,0.0,0.0,0.0,0.0,0.0,0.0,0.0,0.0,0.0,0.0,0.0,0.0,0.0,0.0,0.0,0.0,0.0,0.0,0.0,0.0,0.0,0.0,0.0,0.0,0.0,1.0,train
338,2024,Januari,WTL,Wortel,4,1,0,0,0,3,15.0,0,5000,1500.0,0,0.006329113924050633,0.05555555555555555,1,0,False,2024-01-01,0.2413793103448283,0.6015091627739849,0.0,0.75,0.9330127018922194,0.0,0.0,25,0.0,0.0,0.0,0.0,0.0,0.0,0.0,0.0,0.0,0.0,0.0,0.0,0.0,0.0,0.0,0.0,0.0,0.0,0.0,0.0,0.0,0.0,0.0,0.0,0.0,1.0,train
364,2024,Februari,WTL,Wortel,3,2,0,0,0,1,150.0,0,6000,15000.0,0,0.06329113924050633,0.1111111111111111,2,0,False,2024-02-01,0.2758620689655169,0.7236794825727632,0.0,0.9330127018922193,0.75,0.006329113924050633,0.00275583318023149,25,0.0,0.0,0.0,0.0,0.0,0.0,0.0,0.0,0.0,0.0,0.0,0.0,0.0,0.0,0.0,0.0,0.0,0.0,0.0,0.0,0.0,0.0,0.0,0.0,0.0,1.0,train
390,2024,Maret,WTL,Wortel,1,1,0,0,1,1,150.0,0,12000,15000.0,0,0.06329113924050633,0.05555555555555555,3,0,False,2024-03-01,0.2413793103448283,0.7240388070427596,0.0,1.0,0.5,0.06329113924050633,0.03031416498254639,25,0.0,0.0,0.0,0.0,0.0,0.0,0.0,0.0,0.0,0.0,0.0,0.0,0.0,0.0,0.0,0.0,0.0,0.0,0.0,0.0,0.0,0.0,0.0,0.0,0.0,1.0,train
416,2024,April,WTL,Wortel,10,3,10,0,5,19,1467.0,903,4500,146700.0,90300,1.0,0.7222222222222222,4,0,True,2024-04-01,0.4482758620689653,0.6981674452030183,0.0,0.9330127018922194,0.2500000000000001,0.06329113924050633,0.05787249678486129,25,0.0,0.0,0.0,0.0,0.0,0.0,0.0,0.0,0.0,0.0,0.0,0.0,0.0,0.0,0.0,0.0,0.0,0.0,0.0,0.0,0.0,0.0,0.0,0.0,0.0,1.0,train
442,2024,Mei,WTL,Wortel,9,2,3,0,18,14,1030.0,31,4500,103000.0,3100,0.4476793248945148,0.2777777777777778,5,0,False,2024-05-01,0.5172413793103443,0.6126482213438734,0.0,0.75,0.06698729810778065,1.0,0.4905383060812052,25,0.0,0.0,0.0,0.0,0.0,0.0,0.0,0.0,0.0,0.0,0.0,0.0,0.0,0.0,0.0,0.0,0.0,0.0,0.0,0.0,0.0,0.0,0.0,0.0,0.0,1.0,train
468,2024,Juni,WTL,Wortel,15,7,11,0,15,8,655.0,1357,4500,65500.0,135700,0.8489451476793249,1.0,6,0,False,2024-06-01,0.2068965517241379,0.6658282429033416,0.0,0.5000000000000001,0.0,0.4476793248945148,0.6579092412272644,25,0.0,0.0,0.0,0.0,0.0,0.0,0.0,0.0,0.0,0.0,0.0,0.0,0.0,0.0,0.0,0.0,0.0,0.0,0.0,0.0,0.0,0.0,0.0,0.0,0.0,1.0,train
494,2024,Juli,WTL,Wortel,18,5,3,0,12,7,160.0,580,4500,16000.0,58000,0.31223628691983124,0.4444444444444444,7,0,False,2024-07-01,0.068965517241379,0.02227811713977723,0.0,0.2500000000000001,0.06698729810778059,0.8489451476793249,1.0,25,0.0,0.0,0.0,0.0,0.0,0.0,0.0,0.0,0.0,0.0,0.0,0.0,0.0,0.0,0.0,0.0,0.0,0.0,0.0,0.0,0.0,0.0,0.0,0.0,0.0,1.0,train
520,2024,Agustus,WTL,Wortel,15,5,5,0,18,5,224.0,1317,4500,22400.0,131700,0.650210970464135,0.5555555555555556,8,0,False,2024-08-01,0.3793103448275863,0.0,0.0,0.06698729810778081,0.24999999999999978,0.31223628691983124,0.7005327944148447,25,0.0,0.0,0.0,0.0,0.0,0.0,0.0,0.0,0.0,0.0,0.0,0.0,0.0,0.0,0.0,0.0,0.0,0.0,0.0,0.0,0.0,0.0,0.0,0.0,0.0,1.0,train
546,2024,September,WTL,Wortel,7,3,5,0,12,19,266.0,79,4500,26600.0,7900,0.14556962025316456,0.4444444444444444,9,0,False,2024-09-01,0.3793103448275863,0.22385914480776137,0.0,0.0,0.4999999999999999,0.650210970464135,0.7887194561822524,25,0.0,0.0,0.0,0.0,0.0,0.0,0.0,0.0,0.0,0.0,0.0,0.0,0.0,0.0,0.0,0.0,0.0,0.0,0.0,0.0,0.0,0.0,0.0,0.0,0.0,1.0,train
572,2024,Oktober,WTL,Wortel,11,6,1,0,6,9,651.0,974,4500,65100.0,97400,0.6856540084388185,0.38888888888888884,10,0,False,2024-10-01,0.5517241379310347,0.6572044556234279,0.0,0.0669872981077807,0.75,0.14556962025316456,0.48245452875252615,25,0.0,0.0,0.0,0.0,0.0,0.0,0.0,0.0,0.0,0.0,0.0,0.0,0.0,0.0,0.0,0.0,0.0,0.0,0.0,0.0,0.0,0.0,0.0,0.0,0.0,1.0,train
598,2024,November,WTL,Wortel,16,4,6,0,8,9,1330.0,731,4500,133000.0,73100,0.8696202531645569,0.5555555555555556,11,0,True,2024-11-01,0.2413793103448283,0.9999999999999999,0.0,0.24999999999999978,0.9330127018922192,0.6856540084388185,0.6450486863861841,25,0.0,0.0,0.0,0.0,0.0,0.0,0.0,0.0,0.0,0.0,0.0,0.0,0.0,0.0,0.0,0.0,0.0,0.0,0.0,0.0,0.0,0.0,0.0,0.0,0.0,1.0,train
624,2024,Desember,WTL,Wortel,12,6,4,0,1,6,820.0,408,4500,82000.0,40800,0.5181434599156118,0.5555555555555556,12,0,False,2024-12-01,0.1724137931034484,0.9690980955803089,0.0,0.4999999999999999,1.0,0.8696202531645569,0.740584236634209,25,0.0,0.0,0.0,0.0,0.0,0.0,0.0,0.0,0.0,0.0,0.0,0.0,0.0,0.0,0.0,0.0,0.0,0.0,0.0,0.0,0.0,0.0,0.0,0.0,0.0,1.0,train
650,2025,Januari,WTL,Wortel,4,1,0,0,1,4,180.0,0,8000,18000.0,0,0.0759493670886076,0.05555555555555555,1,0,False,2025-01-01,0.03448275862069039,0.6015091627739849,0.0,0.75,0.9330127018922194,0.5181434599156118,0.9028109498438361,25,0.0,0.0,0.0,0.0,0.0,0.0,0.0,0.0,0.0,0.0,0.0,0.0,0.0,0.0,0.0,0.0,0.0,0.0,0.0,0.0,0.0,0.0,0.0,0.0,0.0,1.0,train
676,2025,Februari,WTL,Wortel,4,1,0,0,1,4,180.0,0,4500,18000.0,0,0.0759493670886076,0.05555555555555555,2,0,False,2025-02-01,0.0,0.6845131153431548,0.0,0.9330127018922193,0.75,0.0759493670886076,0.6373323534815358,25,0.0,0.0,0.0,0.0,0.0,0.0,0.0,0.0,0.0,0.0,0.0,0.0,0.0,0.0,0.0,0.0,0.0,0.0,0.0,0.0,0.0,0.0,0.0,0.0,0.0,1.0,train
702,2025,Maret,WTL,Wortel,4,1,0,0,1,4,180.0,0,4500,18000.0,0,0.0759493670886076,0.05555555555555555,3,0,False,2025-03-01,0.1724137931034484,0.7240388070427596,0.0,1.0,0.5,0.0759493670886076,0.2917508726805071,25,0.0,0.0,0.0,0.0,0.0,0.0,0.0,0.0,0.0,0.0,0.0,0.0,0.0,0.0,0.0,0.0,0.0,0.0,0.0,0.0,0.0,0.0,0.0,0.0,0.0,1.0,train
728,2025,April,WTL,Wortel,4,1,0,0,1,4,180.0,0,4500,18000.0,0,0.0759493670886076,0.05555555555555555,4,0,False,2025-04-01,0.13793103448275978,0.6981674452030183,0.0,0.9330127018922194,0.2500000000000001,0.0759493670886076,0.09920999448833363,25,0.0,0.0,0.0,0.0,0.0,0.0,0.0,0.0,0.0,0.0,0.0,0.0,0.0,0.0,0.0,0.0,0.0,0.0,0.0,0.0,0.0,0.0,0.0,0.0,0.0,1.0,train
754,2025,Mei,WTL,Wortel,4,1,0,0,1,4,180.0,0,4500,18000.0,0,0.0759493670886076,0.05555555555555555,5,0,False,2025-05-01,0.2413793103448283,0.6126482213438734,0.0,0.75,0.06698729810778065,0.0759493670886076,0.09920999448833363,25,0.0,0.0,0.0,0.0,0.0,0.0,0.0,0.0,0.0,0.0,0.0,0.0,0.0,0.0,0.0,0.0,0.0,0.0,0.0,0.0,0.0,0.0,0.0,0.0,0.0,1.0,val
780,2025,Juni,WTL,Wortel,4,1,0,0,1,4,75.0,0,4500,7500.0,0,0.03164556962025317,0.05555555555555555,6,0,False,2025-06-01,0.068965517241379,0.6658282429033416,0.0,0.5000000000000001,0.0,0.0759493670886076,0.09920999448833363,25,0.0,0.0,0.0,0.0,0.0,0.0,0.0,0.0,0.0,0.0,0.0,0.0,0.0,0.0,0.0,0.0,0.0,0.0,0.0,0.0,0.0,0.0,0.0,0.0,0.0,1.0,val
806,2025,Juli,WTL,Wortel,4,0,0,0,0,4,0.0,0,0,0.0,0,0.0,0.0,7,1,False,2025-07-01,0.068965517241379,0.02227811713977723,0.0,0.2500000000000001,0.06698729810778059,0.03164556962025317,0.0799191622267132,25,0.0,0.0,0.0,0.0,0.0,0.0,0.0,0.0,0.0,0.0,0.0,0.0,0.0,0.0,0.0,0.0,0.0,0.0,0.0,0.0,0.0,0.0,0.0,0.0,0.0,1.0,val
832,2025,Agustus,WTL,Wortel,4,0,0,0,0,4,0.0,0,0,0.0,0,0.0,0.0,8,1,False,2025-08-01,0.068965517241379,0.0,0.0,0.06698729810778081,0.24999999999999978,0.0,0.04684916406393533,25,0.0,0.0,0.0,0.0,0.0,0.0,0.0,0.0,0.0,0.0,0.0,0.0,0.0,0.0,0.0,0.0,0.0,0.0,0.0,0.0,0.0,0.0,0.0,0.0,0.0,1.0,val
858,2025,September,WTL,Wortel,4,0,0,0,0,4,0.0,0,0,0.0,0,0.0,0.0,9,1,False,2025-09-01,0.2758620689655169,0.22385914480776137,0.0,0.0,0.4999999999999999,0.0,0.01377916590115745,25,0.0,0.0,0.0,0.0,0.0,0.0,0.0,0.0,0.0,0.0,0.0,0.0,0.0,0.0,0.0,0.0,0.0,0.0,0.0,0.0,0.0,0.0,0.0,0.0,0.0,1.0,val
884,2025,Oktober,WTL,Wortel,4,0,0,0,0,4,0.0,0,0,0.0,0,0.0,0.0,10,1,False,2025-10-01,0.4137931034482749,0.6572044556234279,0.0,0.0669872981077807,0.75,0.0,0.0,25,0.0,0.0,0.0,0.0,0.0,0.0,0.0,0.0,0.0,0.0,0.0,0.0,0.0,0.0,0.0,0.0,0.0,0.0,0.0,0.0,0.0,0.0,0.0,0.0,0.0,1.0,test
910,2025,November,WTL,Wortel,4,0,0,0,0,4,0.0,0,0,0.0,0,0.0,0.0,11,1,False,2025-11-01,0.2758620689655169,0.9999999999999999,0.0,0.24999999999999978,0.9330127018922192,0.0,0.0,25,0.0,0.0,0.0,0.0,0.0,0.0,0.0,0.0,0.0,0.0,0.0,0.0,0.0,0.0,0.0,0.0,0.0,0.0,0.0,0.0,0.0,0.0,0.0,0.0,0.0,1.0,test
936,2025,Desember,WTL,Wortel,4,0,0,0,0,4,0.0,0,0,0.0,0,0.0,0.0,12,1,False,2025-12-01,0.1724137931034484,0.9690980955803089,0.0,0.4999999999999999,1.0,0.0,0.0,25,0.0,0.0,0.0,0.0,0.0,0.0,0.0,0.0,0.0,0.0,0.0,0.0,0.0,0.0,0.0,0.0,0.0,0.0,0.0,0.0,0.0,0.0,0.0,0.0,0.0,1.0,test
964,2026,Januari,WTL,Wortel,4,1,0,0,0,3,15.0,0,5000,1500.0,0,0.006329113924050633,0.05555555555555555,1,0,False,2026-01-01,-0.1724137931034475,0.6015091627739849,0.0,0.75,0.9330127018922194,0.0,0.0,25,0.0,0.0,0.0,0.0,0.0,0.0,0.0,0.0,0.0,0.0,0.0,0.0,0.0,0.0,0.0,0.0,0.0,0.0,0.0,0.0,0.0,0.0,0.0,0.0,0.0,1.0,test
992,2026,Februari,WTL,Wortel,3,2,0,0,0,1,150.0,0,6000,15000.0,0,0.06329113924050633,0.1111111111111111,2,0,False,2026-02-01,-0.068965517241379,0.6884656845131153,0.0,0.9330127018922193,0.75,0.006329113924050633,0.00275583318023149,25,0.0,0.0,0.0,0.0,0.0,0.0,0.0,0.0,0.0,0.0,0.0,0.0,0.0,0.0,0.0,0.0,0.0,0.0,0.0,0.0,0.0,0.0,0.0,0.0,0.0,1.0,test
1020,2026,Maret,WTL,Wortel,1,1,0,0,1,1,150.0,0,12000,15000.0,0,0.06329113924050633,0.05555555555555555,3,0,False,2026-03-01,0.1034482758620694,0.7226015091627739,0.0,1.0,0.5,0.06329113924050633,0.03031416498254639,25,0.0,0.0,0.0,0.0,0.0,0.0,0.0,0.0,0.0,0.0,0.0,0.0,0.0,0.0,0.0,0.0,0.0,0.0,0.0,0.0,0.0,0.0,0.0,0.0,0.0,1.0,test
